Time,Amplitude,Shock
0,0.006135168,0
0.000605,0.006397947,0
0.00121,0.008888407,0
0.001815,0.012588833,0
0.00242,0.01589303,0
0.003025,0.017981118,0
0.00363,0.019182628,0
0.004235,0.020272886,0
0.00484,0.021658843,0
0.005445,0.023153375,0
0.00605,0.02427711,0
0.006655,0.024660212,0
0.00726,0.024313495,0
0.007865,0.023703302,0
0.00847,0.023485188,0
0.009075,0.024020907,0
0.00968,0.025144431,0
0.010285,0.026321474,0
0.01089,0.026959065,0
0.011495,0.026730847,0
0.0121,0.02582099,0
0.012705,0.024836735,0
0.01331,0.024345451,0
0.013915,0.024433543,0
0.01452,0.024687415,0
0.015125,0.024562607,0
0.01573,0.02384522,0
0.016335,0.022868152,0
0.01694,0.022212021,0
0.017545,0.022130539,0
0.01815,0.022366171,0
0.018755,0.022493187,0
0.01936,0.022270894,0
0.019965,0.021715826,0
0.02057,0.021013167,0
0.021175,0.020366239,0
0.02178,0.01985272,0
0.022385,0.019422898,0
0.02299,0.019012751,0
0.023595,0.018560874,0
0.0242,0.017944821,0
0.024805,0.017081029,0
0.02541,0.016116593,0
0.026015,0.015408523,0
0.02662,0.015294729,0
0.027225,0.015838945,0
0.02783,0.016688872,0
0.028435,0.017258691,0
0.02904,0.017199266,0
0.029645,0.016669453,0
0.03025,0.016108582,0
0.030855,0.015808521,0
0.03146,0.015714089,0
0.032065,0.015549417,0
0.03267,0.015126448,0
0.033275,0.014576798,0
0.03388,0.014207503,0
0.034485,0.014103208,0
0.03509,0.014072527,0
0.035695,0.01403607,0
0.0363,0.014169593,0
0.036905,0.014515072,0
0.03751,0.014692836,0
0.038115,0.014239094,0
0.03872,0.013192959,0
0.039325,0.012168637,0
0.03993,0.011723591,0
0.040535,0.01169238,0
0.04114,0.01132011,0
0.041745,0.010168072,0
0.04235,0.008743504,0
0.042955,0.008007116,0
0.04356,0.008304235,0
0.044165,0.009015509,0
0.04477,0.009294819,0
0.045375,0.008955297,0
0.04598,0.008501286,0
0.046585,0.00838407,0
0.04719,0.008425185,0
0.047795,0.008057232,0
0.0484,0.007035589,0
0.049005,0.005759231,0
0.04961,0.004834619,0
0.050215,0.004434439,0
0.05082,0.00423247,0
0.051425,0.003922581,0
0.05203,0.003612987,0
0.052635,0.003633146,0
0.05324,0.00403292,0
0.053845,0.00439078,0
0.05445,0.004180208,0
0.055055,0.003297272,0
0.05566,0.002171384,0
0.056265,0.001346699,0
0.05687,0.000979429,0
0.057475,0.000759186,0
0.05808,0.000273894,0
0.058685,-0.000603183,0
0.05929,-0.001644621,0
0.059895,-0.002517531,0
0.0605,-0.003074962,0
0.061105,-0.003381972,0
0.06171,-0.003525595,0
0.062315,-0.00354749,0
0.06292,-0.003562963,0
0.063525,-0.003789028,0
0.06413,-0.004372534,0
0.064735,-0.005232087,0
0.06534,-0.006097147,0
0.065945,-0.006712582,0
0.06655,-0.007082774,0
0.067155,-0.007535424,0
0.06776,-0.008398859,0
0.068365,-0.009548891,0
0.06897,-0.010432738,0
0.069575,-0.010652752,0
0.07018,-0.0104351,0
0.070785,-0.010424613,0
0.07139,-0.011059922,0
0.071995,-0.012226224,0
0.0726,-0.01347029,0
0.073205,-0.014434267,0
0.07381,-0.015086485,0
0.074415,-0.015647421,0
0.07502,-0.016350706,0
0.075625,-0.01725926,0
0.07623,-0.018273415,0
0.076835,-0.019265223,0
0.07744,-0.020163539,0
0.078045,-0.020899863,0
0.07865,-0.02133292,0
0.079255,-0.021355503,0
0.07986,-0.021129659,0
0.080465,-0.021109603,0
0.08107,-0.021681944,0
0.081675,-0.022740931,0
0.08228,-0.023715823,0
0.082885,-0.02411931,0
0.08349,-0.024040526,0
0.084095,-0.024029498,0
0.0847,-0.024514335,0
0.085305,-0.025395006,0
0.08591,-0.026238915,0
0.086515,-0.026788282,0
0.08712,-0.027116822,0
0.087725,-0.027338515,0
0.08833,-0.027450551,0
0.088935,-0.027590582,0
0.08954,-0.028208567,0
0.090145,-0.029642773,0
0.09075,-0.031489658,0
0.091355,-0.032728028,0
0.09196,-0.032744202,0
0.092565,-0.032131012,0
0.09317,-0.032217549,0
0.093775,-0.033739554,0
0.09438,-0.03607835,0
0.094985,-0.037852898,0
0.09559,-0.03818781,0
0.096195,-0.037397808,0
0.0968,-0.036536028,0
0.097405,-0.036382836,0
0.09801,-0.036932973,0
0.098615,-0.037721905,0
0.09922,-0.038329819,0
0.099825,-0.038510042,0
0.10043,-0.038195427,0
0.101035,-0.037685603,0
0.10164,-0.037626782,0
0.102245,-0.038424452,0
0.10285,-0.039731654,0
0.103455,-0.040783084,0
0.10406,-0.04112689,0
0.104665,-0.040882267,0
0.10527,-0.040502113,0
0.105875,-0.04043795,0
0.10648,-0.040901595,0
0.107085,-0.041802157,0
0.10769,-0.042792212,0
0.108295,-0.043360576,0
0.1089,-0.043145988,0
0.109505,-0.042414868,0
0.11011,-0.042058055,0
0.110715,-0.042765202,0
0.11132,-0.044266479,0
0.111925,-0.045665121,0
0.11253,-0.046346319,0
0.113135,-0.046301117,0
0.11374,-0.045858106,0
0.114345,-0.045432642,0
0.11495,-0.045366391,0
0.115555,-0.045740838,0
0.11616,-0.046271044,0
0.116765,-0.046389329,0
0.11737,-0.045604008,0
0.117975,-0.044087106,0
0.11858,-0.04288877,0
0.119185,-0.043102711,0
0.11979,-0.04466588,0
0.120395,-0.046381645,0
0.121,-0.047160122,0
0.121605,-0.046833733,0
0.12221,-0.045904393,0
0.122815,-0.045017564,0
0.12342,-0.044671275,0
0.124025,-0.045025512,0
0.12463,-0.045770328,0
0.125235,-0.046219269,0
0.12584,-0.045718314,0
0.126445,-0.044236903,0
0.12705,-0.042671382,0
0.127655,-0.042241566,0
0.12826,-0.043256773,0
0.128865,-0.044735023,0
0.12947,-0.045492444,0
0.130075,-0.045258023,0
0.13068,-0.044550828,0
0.131285,-0.043917274,0
0.13189,-0.043564494,0
0.132495,-0.043463638,0
0.1331,-0.043467839,0
0.133705,-0.043279499,0
0.13431,-0.042489008,0
0.134915,-0.040920358,0
0.13552,-0.039112184,0
0.136125,-0.038194718,0
0.13673,-0.038820809,0
0.137335,-0.040334146,0
0.13794,-0.041412495,0
0.138545,-0.041356429,0
0.13915,-0.04045045,0
0.139755,-0.0393882,0
0.14036,-0.038724416,0
0.140965,-0.038691395,0
0.14157,-0.039117076,0
0.142175,-0.039425578,0
0.14278,-0.03896711,0
0.143385,-0.037561312,0
0.14399,-0.035789068,0
0.144595,-0.034678515,0
0.1452,-0.03484088,0
0.145805,-0.03584152,0
0.14641,-0.036628192,0
0.147015,-0.036513747,0
0.14762,-0.035550884,0
0.148225,-0.034196789,0
0.14883,-0.032954121,0
0.149435,-0.032221822,0
0.15004,-0.03209981,0
0.150645,-0.032158239,0
0.15125,-0.031601114,0
0.151855,-0.029940326,0
0.15246,-0.027612843,0
0.153065,-0.025839577,0
0.15367,-0.025604544,0
0.154275,-0.026657973,0
0.15488,-0.02773116,0
0.155485,-0.027755199,0
0.15609,-0.026671738,0
0.156695,-0.025170652,0
0.1573,-0.023958005,0
0.157905,-0.023344973,0
0.15851,-0.023283565,0
0.159115,-0.023456293,0
0.15972,-0.023329172,0
0.160325,-0.022462059,0
0.16093,-0.020980156,0
0.161535,-0.0196425,0
0.16214,-0.019216482,0
0.162745,-0.019705788,0
0.16335,-0.020341293,0
0.163955,-0.0203317,0
0.16456,-0.019471424,0
0.165165,-0.018132788,0
0.16577,-0.016870664,0
0.166375,-0.016007712,0
0.16698,-0.01550481,0
0.167585,-0.015107397,0
0.16819,-0.014490172,0
0.168795,-0.013367411,0
0.1694,-0.011735575,0
0.170005,-0.010077289,0
0.17061,-0.009075315,0
0.171215,-0.008955396,0
0.17182,-0.009294078,0
0.172425,-0.009523256,0
0.17303,-0.009347262,0
0.173635,-0.008684904,0
0.17424,-0.007565003,0
0.174845,-0.006215508,0
0.17545,-0.005115948,0
0.176055,-0.004733149,0
0.17666,-0.005010744,0
0.177265,-0.005216831,0
0.17787,-0.004596957,0
0.178475,-0.003232809,0
0.17908,-0.001998973,0
0.179685,-0.001564135,0
0.18029,-0.001702229,0
0.180895,-0.001706426,0
0.1815,-0.00116251,0
0.182105,-0.000174537,0
0.18271,0.000909767,0
0.183315,0.001841918,0
0.18392,0.002579466,0
0.184525,0.003134256,0
0.18513,0.003504958,0
0.185735,0.003838093,0
0.18634,0.004421689,0
0.186945,0.005299335,0
0.18755,0.006039965,0
0.188155,0.006189166,0
0.18876,0.005898464,0
0.189365,0.005832425,0
0.18997,0.006463056,0
0.190575,0.00760885,0
0.19118,0.008639828,0
0.191785,0.009098952,0
0.19239,0.009124505,0
0.192995,0.009200978,0
0.1936,0.009556304,0
0.194205,0.009983778,0
0.19481,0.010228062,0
0.195415,0.010295576,0
0.19602,0.010308541,0
0.196625,0.010294838,0
0.19723,0.010263323,0
0.197835,0.010327678,0
0.19844,0.010668875,0
0.199045,0.011419166,0
0.19965,0.012506424,0
0.200255,0.013590473,0
0.20086,0.014290552,0
0.201465,0.014508168,0
0.20207,0.014482291,0
0.202675,0.014577044,0
0.20328,0.015018106,0
0.203885,0.015714373,0
0.20449,0.016293741,0
0.205095,0.016438812,0
0.2057,0.016239138,0
0.206305,0.016093737,0
0.20691,0.016282088,0
0.207515,0.016784516,0
0.20812,0.017439434,0
0.208725,0.018060214,0
0.20933,0.018424923,0
0.209935,0.018346564,0
0.21054,0.017865568,0
0.211145,0.01732593,0
0.21175,0.017116052,0
0.212355,0.017256798,0
0.21296,0.01731543,0
0.213565,0.016841588,0
0.21417,0.015900672,0
0.214775,0.015068756,0
0.21538,0.014874156,0
0.215985,0.015358868,0
0.21659,0.016180733,0
0.217195,0.016969699,0
0.2178,0.017517154,0
0.218405,0.017748887,0
0.21901,0.017689311,0
0.219615,0.017491743,0
0.22022,0.017378921,0
0.220825,0.01744773,0
0.22143,0.01754408,0
0.222035,0.017399348,0
0.22264,0.016962645,0
0.223245,0.016561218,0
0.22385,0.016601919,0
0.224455,0.01712985,0
0.22506,0.017810849,0
0.225665,0.018313057,0
0.22627,0.018550964,0
0.226875,0.018562713,0
0.22748,0.018337765,0
0.228085,0.017867654,0
0.22869,0.017268454,0
0.229295,0.016740616,0
0.2299,0.016374267,0
0.230505,0.016011868,0
0.23111,0.015414978,0
0.231715,0.014637864,0
0.23232,0.014094683,0
0.232925,0.014125752,0
0.23353,0.014596682,0
0.234135,0.01504299,0
0.23474,0.015132107,0
0.235345,0.014881864,0
0.23595,0.014511688,0
0.236555,0.014208765,0
0.23716,0.014002567,0
0.237765,0.013772381,0
0.23837,0.013368037,0
0.238975,0.012745711,0
0.23958,0.012005568,0
0.240185,0.011320708,0
0.24079,0.010825759,0
0.241395,0.010563508,0
0.242,0.010521316,0
0.242605,0.010647596,0
0.24321,0.010787979,0
0.243815,0.010682271,0
0.24442,0.010136621,0
0.245025,0.009228722,0
0.24563,0.008288107,0
0.246235,0.007613154,0
0.24684,0.007203101,0
0.247445,0.006777183,0
0.24805,0.006047058,0
0.248655,0.004992789,0
0.24926,0.00391195,0
0.249865,0.003203154,0
0.25047,0.003063544,0
0.251075,0.003336033,0
0.25168,0.00363563,0
0.252285,0.003655319,0
0.25289,0.003347136,0
0.253495,0.002828511,0
0.2541,0.002206634,0
0.254705,0.001529332,0
0.25531,0.000829173,0
0.255915,0.00013078,0
0.25652,-0.000575805,0
0.257125,-0.001292614,0
0.25773,-0.001939656,0
0.258335,-0.00239894,0
0.25894,-0.002648207,0
0.259545,-0.002798185,0
0.26015,-0.002986531,0
0.260755,-0.003286123,0
0.26136,-0.00373514,0
0.261965,-0.004365182,0
0.26257,-0.005117704,0
0.263175,-0.005820678,0
0.26378,-0.00637913,0
0.264385,-0.006955284,0
0.26499,-0.007830434,0
0.265595,-0.00904852,0
0.2662,-0.01027805,0
0.266805,-0.011100737,0
0.26741,-0.011396418,0
0.268015,-0.011386904,0
0.26862,-0.011359552,0
0.269225,-0.011445589,0
0.26983,-0.011680469,0
0.270435,-0.012167239,0
0.27104,-0.012998063,0
0.271645,-0.013981755,0
0.27225,-0.014667822,0
0.272855,-0.01482945,0
0.27346,-0.014823282,0
0.274065,-0.015265071,0
0.27467,-0.016357025,0
0.275275,-0.017683728,0
0.27588,-0.018648726,0
0.276485,-0.018986645,0
0.27709,-0.018905671,0
0.277695,-0.018873636,0
0.2783,-0.019274405,0
0.278905,-0.020192765,0
0.27951,-0.021419762,0
0.280115,-0.022572477,0
0.28072,-0.023303522,0
0.281325,-0.023609994,0
0.28193,-0.023948671,0
0.282535,-0.024835017,0
0.28314,-0.026254298,0
0.283745,-0.027626027,0
0.28435,-0.028390892,0
0.284955,-0.02849393,0
0.28556,-0.028312803,0
0.286165,-0.028271307,0
0.28677,-0.028537182,0
0.287375,-0.029023167,0
0.28798,-0.02959855,0
0.288585,-0.030169839,0
0.28919,-0.030578391,0
0.289795,-0.030662759,0
0.2904,-0.030536729,0
0.291005,-0.030622481,0
0.29161,-0.031244094,0
0.292215,-0.032280282,0
0.29282,-0.033301027,0
0.293425,-0.033924406,0
0.29403,-0.034032069,0
0.294635,-0.033850182,0
0.29524,-0.033900796,0
0.295845,-0.034720178,0
0.29645,-0.036408728,0
0.297055,-0.038334531,0
0.29766,-0.039431987,0
0.298265,-0.039106252,0
0.29887,-0.037925041,0
0.299475,-0.037217032,0
0.30008,-0.037837097,0
0.300685,-0.039416713,0
0.30129,-0.040880714,0
0.301895,-0.041467328,0
0.3025,-0.041158025,0
0.303105,-0.040470021,0
0.30371,-0.04006426,0
0.304315,-0.040342529,0
0.30492,-0.041183161,0
0.305525,-0.042028918,0
0.30613,-0.042280591,0
0.306735,-0.041730836,0
0.30734,-0.040806613,0
0.307945,-0.040389572,0
0.30855,-0.041107022,0
0.309155,-0.042674979,0
0.30976,-0.04415453,0
0.310365,-0.044855107,0
0.31097,-0.044782677,0
0.311575,-0.044377039,0
0.31218,-0.044124732,0
0.312785,-0.044349908,0
0.31339,-0.045110684,0
0.313995,-0.046153394,0
0.3146,-0.046965908,0
0.315205,-0.047045221,0
0.31581,-0.04638643,0
0.316415,-0.04573319,0
0.31702,-0.045986268,0
0.317625,-0.047192986,0
0.31823,-0.048456699,0
0.318835,-0.048952568,0
0.31944,-0.048646177,0
0.320045,-0.047987083,0
0.32065,-0.047352869,0
0.321255,-0.046926873,0
0.32186,-0.046814383,0
0.322465,-0.047015625,0
0.32307,-0.047257844,0
0.323675,-0.047019734,0
0.32428,-0.045993274,0
0.324885,-0.04464475,0
0.32549,-0.044027933,0
0.326095,-0.044695324,0
0.3267,-0.045997038,0
0.327305,-0.046772184,0
0.32791,-0.046491068,0
0.328515,-0.045497787,0
0.32912,-0.044465566,0
0.329725,-0.043882787,0
0.33033,-0.043858864,0
0.330935,-0.044130041,0
0.33154,-0.044208089,0
0.332145,-0.04366101,0
0.33275,-0.042413366,0
0.333355,-0.040930586,0
0.33396,-0.040056061,0
0.334565,-0.040323804,0
0.33517,-0.041347915,0
0.335775,-0.042163619,0
0.33638,-0.042145354,0
0.336985,-0.041394551,0
0.33759,-0.040415817,0
0.338195,-0.03966794,0
0.3388,-0.03933065,0
0.339405,-0.039250673,0
0.34001,-0.039015776,0
0.340615,-0.038215491,0
0.34122,-0.036815146,0
0.341825,-0.035345241,0
0.34243,-0.034603985,0
0.343035,-0.034918818,0
0.34364,-0.03571797,0
0.344245,-0.036110875,0
0.34485,-0.035804316,0
0.345455,-0.035166256,0
0.34606,-0.034578359,0
0.346665,-0.03408121,0
0.34727,-0.033620312,0
0.347875,-0.03332292,0
0.34848,-0.033287204,0
0.349085,-0.033197152,0
0.34969,-0.032491271,0
0.350295,-0.031081988,0
0.3509,-0.029722845,0
0.351505,-0.029338591,0
0.35211,-0.029965635,0
0.352715,-0.030675071,0
0.35332,-0.030590713,0
0.353925,-0.029683321,0
0.35453,-0.028553234,0
0.355135,-0.027713649,0
0.35574,-0.027226072,0
0.356345,-0.026924536,0
0.35695,-0.026679544,0
0.357555,-0.026273972,0
0.35816,-0.025315247,0
0.358765,-0.023644951,0
0.35937,-0.021798199,0
0.359975,-0.020699175,0
0.36058,-0.020736432,0
0.361185,-0.02136574,0
0.36179,-0.021707598,0
0.362395,-0.021287749,0
0.363,-0.020199448,0
0.363605,-0.018846886,0
0.36421,-0.01766068,0
0.364815,-0.016946964,0
0.36542,-0.016758454,0
0.366025,-0.016737604,0
0.36663,-0.016251277,0
0.367235,-0.014966981,0
0.36784,-0.013328869,0
0.368445,-0.012250454,0
0.36905,-0.012201335,0
0.369655,-0.012735391,0
0.37026,-0.012985391,0
0.370865,-0.012426747,0
0.37147,-0.011161615,0
0.372075,-0.009704404,0
0.37268,-0.008543016,0
0.373285,-0.007828148,0
0.37389,-0.007427459,0
0.374495,-0.007122885,0
0.3751,-0.006657297,0
0.375705,-0.005773102,0
0.37631,-0.004462616,0
0.376915,-0.00314697,0
0.37752,-0.002370565,0
0.378125,-0.002298793,0
0.37873,-0.002609823,0
0.379335,-0.002746509,0
0.37994,-0.002239398,0
0.380545,-0.001034822,0
0.38115,0.00041013,0
0.381755,0.001468213,0
0.38236,0.001804079,0
0.382965,0.001580757,0
0.38357,0.001342881,0
0.384175,0.001613627,0
0.38478,0.00241343,0
0.385385,0.003195071,0
0.38599,0.003418819,0
0.386595,0.003151069,0
0.3872,0.002939276,0
0.387805,0.003209225,0
0.38841,0.003951827,0
0.389015,0.00486786,0
0.38962,0.005664497,0
0.390225,0.006255457,0
0.39083,0.006738459,0
0.391435,0.007215612,0
0.39204,0.007683324,0
0.392645,0.008101766,0
0.39325,0.008497189,0
0.393855,0.008913882,0
0.39446,0.009321914,0
0.395065,0.009671596,0
0.39567,0.009982047,0
0.396275,0.010329482,0
0.39688,0.010821381,0
0.397485,0.011543289,0
0.39809,0.012414803,0
0.398695,0.013153547,0
0.3993,0.013520357,0
0.399905,0.013593182,0
0.40051,0.01368358,0
0.401115,0.013964547,0
0.40172,0.014272096,0
0.402325,0.014307807,0
0.40293,0.014013747,0
0.403535,0.013716176,0
0.40414,0.013815012,0
0.404745,0.014344598,0
0.40535,0.014999865,0
0.405955,0.015566333,0
0.40656,0.016104046,0
0.407165,0.016700756,0
0.40777,0.017246652,0
0.408375,0.017541598,0
0.40898,0.01755259,0
0.409585,0.017492345,0
0.41019,0.017611981,0
0.410795,0.017892377,0
0.4114,0.018009507,0
0.412005,0.017732802,0
0.41261,0.017290328,0
0.413215,0.017167113,0
0.41382,0.017588178,0
0.414425,0.018322721,0
0.41503,0.018940341,0
0.415635,0.019169046,0
0.41624,0.019035804,0
0.416845,0.018753465,0
0.41745,0.018522909,0
0.418055,0.018398954,0
0.41866,0.018261715,0
0.419265,0.017889123,0
0.41987,0.017129703,0
0.420475,0.016118404,0
0.42108,0.015302763,0
0.421685,0.015117309,0
0.42229,0.015605889,0
0.422895,0.016407094,0
0.4235,0.017043625,0
0.424105,0.01719486,0
0.42471,0.016835894,0
0.425315,0.016260164,0
0.42592,0.015918781,0
0.426525,0.016068254,0
0.42713,0.016511249,0
0.427735,0.016748048,0
0.42834,0.01642031,0
0.428945,0.015620068,0
0.42955,0.014807979,0
0.430155,0.014434703,0
0.43076,0.014600587,0
0.431365,0.015036616,0
0.43197,0.015376992,0
0.432575,0.015449705,0
0.43318,0.015317439,0
0.433785,0.015073962,0
0.43439,0.014701729,0
0.434995,0.014165892,0
0.4356,0.013544994,0
0.436205,0.012967917,0
0.43681,0.012423144,0
0.437415,0.011732034,0
0.43802,0.010806596,0
0.438625,0.00987161,0
0.43923,0.009317299,0
0.439835,0.009340499,0
0.44044,0.009763721,0
0.441045,0.010180178,0
0.44165,0.010270849,0
0.442255,0.010015911,0
0.44286,0.009632695,0
0.443465,0.009326085,0
0.44407,0.00909793,0
0.444675,0.008772909,0
0.44528,0.008179288,0
0.445885,0.007333065,0
0.44649,0.006481945,0
0.447095,0.005910407,0
0.4477,0.005672769,0
0.448305,0.005594262,0
0.44891,0.005508993,0
0.449515,0.005368461,0
0.45012,0.005140136,0
0.450725,0.004742153,0
0.45133,0.004122597,0
0.451935,0.003360322,0
0.45254,0.002641423,0
0.453145,0.002073734,0
0.45375,0.001506398,0
0.454355,0.000649676,0
0.45496,-0.00052008,0
0.455565,-0.001593257,0
0.45617,-0.002139233,0
0.456775,-0.002207004,0
0.45738,-0.002243765,0
0.457985,-0.002568114,0
0.45859,-0.003066473,0
0.459195,-0.003416293,0
0.4598,-0.003533193,0
0.460405,-0.003719311,0
0.46101,-0.004320768,0
0.461615,-0.005287579,0
0.46222,-0.006202094,0
0.462825,-0.006786022,0
0.46343,-0.007227676,0
0.464035,-0.007879409,0
0.46464,-0.008756282,0
0.465245,-0.009486924,0
0.46585,-0.009719883,0
0.466455,-0.009524179,0
0.46706,-0.009403654,0
0.467665,-0.009877665,0
0.46827,-0.010995333,0
0.468875,-0.012285941,0
0.46948,-0.013215726,0
0.470085,-0.013671137,0
0.47069,-0.014009871,0
0.471295,-0.014700968,0
0.4719,-0.015874856,0
0.472505,-0.017153601,0
0.47311,-0.018001588,0
0.473715,-0.018275514,0
0.47432,-0.018283884,0
0.474925,-0.018328646,0
0.47553,-0.01843387,0
0.476135,-0.018560837,0
0.47674,-0.018850599,0
0.477345,-0.019493109,0
0.47795,-0.020409657,0
0.478555,-0.02120375,0
0.47916,-0.021546518,0
0.479765,-0.021627288,0
0.48037,-0.022056315,0
0.480975,-0.023158529,0
0.48158,-0.024506263,0
0.482185,-0.025376837,0
0.48279,-0.025553149,0
0.483395,-0.025460045,0
0.484,-0.025628291,0
0.484605,-0.026233452,0
0.48521,-0.027115259,0
0.485815,-0.028060695,0
0.48642,-0.028971727,0
0.487025,-0.029799578,0
0.48763,-0.030437887,0
0.488235,-0.030824035,0
0.48884,-0.031167744,0
0.489445,-0.03187469,0
0.49005,-0.033085402,0
0.490655,-0.034417589,0
0.49126,-0.035292987,0
0.491865,-0.035453922,0
0.49247,-0.03513839,0
0.493075,-0.034857519,0
0.49368,-0.03503354,0
0.494285,-0.035711269,0
0.49489,-0.036488335,0
0.495495,-0.036792752,0
0.4961,-0.036382045,0
0.496705,-0.035645505,0
0.49731,-0.035373904,0
0.497915,-0.036062065,0
0.49852,-0.037368259,0
0.499125,-0.038434196,0
0.49973,-0.038769573,0
0.500335,-0.038611134,0
0.50094,-0.038444297,0
0.501545,-0.038484864,0
0.50215,-0.038728071,0
0.502755,-0.039221962,0
0.50336,-0.039985309,0
0.503965,-0.040724683,0
0.50457,-0.040968421,0
0.505175,-0.040647232,0
0.50578,-0.040403351,0
0.506385,-0.041072809,0
0.50699,-0.042767079,0
0.507595,-0.044617,0
0.5082,-0.045543504,0
0.508805,-0.04522822,0
0.50941,-0.044306632,0
0.510015,-0.043686188,0
0.51062,-0.043779929,0
0.511225,-0.044412297,0
0.51183,-0.045186899,0
0.512435,-0.04566109,0
0.51304,-0.045403075,0
0.513645,-0.044380171,0
0.51425,-0.043318266,0
0.514855,-0.04322065,0
0.51546,-0.044329613,0
0.516065,-0.045857707,0
0.51667,-0.046850682,0
0.517275,-0.047022247,0
0.51788,-0.046721703,0
0.518485,-0.046430969,0
0.51909,-0.046443238,0
0.519695,-0.046866403,0
0.5203,-0.047654488,0
0.520905,-0.048452178,0
0.52151,-0.048603608,0
0.522115,-0.047727073,0
0.52272,-0.046361331,0
0.523325,-0.04567625,0
0.52393,-0.046293799,0
0.524535,-0.047632887,0
0.52514,-0.048586987,0
0.525745,-0.048556392,0
0.52635,-0.047732366,0
0.526955,-0.046743544,0
0.52756,-0.046167988,0
0.528165,-0.046171495,0
0.52877,-0.046446512,0
0.529375,-0.046440802,0
0.52998,-0.045682737,0
0.530585,-0.044091667,0
0.53119,-0.042205481,0
0.531795,-0.041014017,0
0.5324,-0.041176624,0
0.533005,-0.042317653,0
0.53361,-0.043350586,0
0.534215,-0.043456897,0
0.53482,-0.042602883,0
0.535425,-0.041356798,0
0.53603,-0.040430229,0
0.536635,-0.040232356,0
0.53724,-0.040632102,0
0.537845,-0.041049953,0
0.53845,-0.040816898,0
0.539055,-0.039646645,0
0.53966,-0.037990825,0
0.540265,-0.036867008,0
0.54087,-0.036972891,0
0.541475,-0.037909521,0
0.54208,-0.038603626,0
0.542685,-0.038430691,0
0.54329,-0.037570427,0
0.543895,-0.036464869,0
0.5445,-0.035405647,0
0.545105,-0.03460782,0
0.54571,-0.034262495,0
0.546315,-0.034281106,0
0.54692,-0.034119238,0
0.547525,-0.033127339,0
0.54813,-0.031247558,0
0.548735,-0.029326159,0
0.54934,-0.028469801,0
0.549945,-0.02893937,0
0.55055,-0.029896609,0
0.551155,-0.03030034,0
0.55176,-0.029764485,0
0.552365,-0.028588332,0
0.55297,-0.027345264,0
0.553575,-0.026515292,0
0.55418,-0.026248124,0
0.554785,-0.026276008,0
0.55539,-0.026078907,0
0.555995,-0.025287953,0
0.5566,-0.02402633,0
0.557205,-0.022872352,0
0.55781,-0.022417649,0
0.558415,-0.022739823,0
0.55902,-0.023337459,0
0.559625,-0.023619794,0
0.56023,-0.023320581,0
0.560835,-0.022482148,0
0.56144,-0.021335374,0
0.562045,-0.020277474,0
0.56265,-0.019738113,0
0.563255,-0.019799844,0
0.56386,-0.019913004,0
0.564465,-0.019229573,0
0.56507,-0.017435582,0
0.565675,-0.015238127,0
0.56628,-0.013851673,0
0.566885,-0.013828736,0
0.56749,-0.014482956,0
0.568095,-0.014641149,0
0.5687,-0.013816319,0
0.569305,-0.012458091,0
0.56991,-0.011236398,0
0.570515,-0.010365105,0
0.57112,-0.009659851,0
0.571725,-0.008997901,0
0.57233,-0.008437547,0
0.572935,-0.007931883,0
0.57354,-0.007199572,0
0.574145,-0.006051694,0
0.57475,-0.004790905,0
0.575355,-0.004045582,0
0.57596,-0.004087147,0
0.576565,-0.004457879,0
0.57717,-0.004358567,0
0.577775,-0.003354258,0
0.57838,-0.001740006,0
0.578985,-0.00027228,0
0.57959,0.000479307,0
0.580195,0.000559561,0
0.5808,0.00049394,0
0.581405,0.000807043,0
0.58201,0.001648604,0
0.582615,0.002753818,0
0.58322,0.00364737,0
0.583825,0.003961228,0
0.58443,0.003695317,0
0.585035,0.003184243,0
0.58564,0.002859528,0
0.586245,0.003083312,0
0.58685,0.003993449,0
0.587455,0.005304907,0
0.58806,0.006369829,0
0.588665,0.006624821,0
0.58927,0.006076998,0
0.589875,0.005373928,0
0.59048,0.005310039,0
0.591085,0.006114781,0
0.59169,0.007181961,0
0.592295,0.007634033,0
0.5929,0.007242034,0
0.593505,0.006651272,0
0.59411,0.006649604,0
0.594715,0.007415305,0
0.59532,0.008526742,0
0.595925,0.009484098,0
0.59653,0.010094981,0
0.597135,0.01044922,0
0.59774,0.010699013,0
0.598345,0.01095935,0
0.59895,0.011343137,0
0.599555,0.011930321,0
0.60016,0.012610021,0
0.600765,0.013053484,0
0.60137,0.013039367,0
0.601975,0.012773551,0
0.60258,0.012713762,0
0.603185,0.013127565,0
0.60379,0.013920271,0
0.604395,0.014782547,0
0.605,0.015413564,0
0.605605,0.015679272,0
0.60621,0.015652644,0
0.606815,0.015533541,0
0.60742,0.015514747,0
0.608025,0.015667517,0
0.60863,0.015879158,0
0.609235,0.015922566,0
0.60984,0.015703692,0
0.610445,0.015421922,0
0.61105,0.015387222,0
0.611655,0.015756626,0
0.61226,0.016493983,0
0.612865,0.017418086,0
0.61347,0.018251658,0
0.614075,0.018782749,0
0.61468,0.019006893,0
0.615285,0.019057494,0
0.61589,0.019075573,0
0.616495,0.019185771,0
0.6171,0.019440078,0
0.617705,0.019705122,0
0.61831,0.019760424,0
0.618915,0.019572636,0
0.61952,0.019364858,0
0.620125,0.019427703,0
0.62073,0.019896017,0
0.621335,0.020588805,0
0.62194,0.021063159,0
0.622545,0.020972289,0
0.62315,0.020372641,0
0.623755,0.019626256,0
0.62436,0.019070322,0
0.624965,0.018788128,0
0.62557,0.018570987,0
0.626175,0.018069743,0
0.62678,0.017113296,0
0.627385,0.015932917,0
0.62799,0.015004567,0
0.628595,0.014679372,0
0.6292,0.014968428,0
0.629805,0.015542527,0
0.63041,0.015915252,0
0.631015,0.015787891,0
0.63162,0.015267495,0
0.632225,0.014711594,0
0.63283,0.014392199,0
0.633435,0.014294681,0
0.63404,0.014157839,0
0.634645,0.013708985,0
0.63525,0.012929808,0
0.635855,0.012093938,0
0.63646,0.011495144,0
0.637065,0.011175696,0
0.63767,0.010989633,0
0.638275,0.010864305,0
0.63888,0.010864486,0
0.639485,0.010976033,0
0.64009,0.010946358,0
0.640695,0.010499212,0
0.6413,0.009710375,0
0.641905,0.00898596,0
0.64251,0.008587009,0
0.643115,0.00831227,0
0.64372,0.007752457,0
0.644325,0.006797525,0
0.64493,0.005802323,0
0.645535,0.005239888,0
0.64614,0.005252002,0
0.646745,0.005580298,0
0.64735,0.005884168,0
0.647955,0.006026984,0
0.64856,0.006023645,0
0.649165,0.005826406,0
0.64977,0.005315057,0
0.650375,0.004497304,0
0.65098,0.00361182,0
0.651585,0.002951535,0
0.65219,0.002548724,0
0.652795,0.002098376,0
0.6534,0.001310733,0
0.654005,0.000322581,0
0.65461,-0.000368965,0
0.655215,-0.00043466,0
0.65582,-0.000116352,0
0.656425,-3.42E-05,0
0.65703,-0.000598385,0
0.657635,-0.001650394,0
0.65824,-0.00268313,0
0.658845,-0.003388109,0
0.65945,-0.003947235,0
0.660055,-0.004757036,0
0.66066,-0.005936098,0
0.661265,-0.007196517,0
0.66187,-0.008161824,0
0.662475,-0.008723645,0
0.66308,-0.00907914,0
0.663685,-0.009458035,0
0.66429,-0.009855569,0
0.664895,-0.010079473,0
0.6655,-0.010073789,0
0.666105,-0.010128314,0
0.66671,-0.010652923,0
0.667315,-0.011720675,0
0.66792,-0.012924874,0
0.668525,-0.013752068,0
0.66913,-0.014079551,0
0.669735,-0.014245191,0
0.67034,-0.014603267,0
0.670945,-0.015143234,0
0.67155,-0.015670996,0
0.672155,-0.016185811,0
0.67276,-0.016808285,0
0.673365,-0.01742017,0
0.67397,-0.017707452,0
0.674575,-0.017656243,0
0.67518,-0.017747642,0
0.675785,-0.018446314,0
0.67639,-0.019608983,0
0.676995,-0.02061168,0
0.6776,-0.021067292,0
0.678205,-0.021247487,0
0.67881,-0.021708589,0
0.679415,-0.022627965,0
0.68002,-0.023627952,0
0.680625,-0.024173217,0
0.68123,-0.024081577,0
0.681835,-0.023733271,0
0.68244,-0.023792559,0
0.683045,-0.024616141,0
0.68365,-0.025893086,0
0.684255,-0.026915313,0
0.68486,-0.027232127,0
0.685465,-0.027033591,0
0.68607,-0.026922414,0
0.686675,-0.027361288,0
0.68728,-0.028325189,0
0.687885,-0.029427325,0
0.68849,-0.030313836,0
0.689095,-0.030877948,0
0.6897,-0.031169754,0
0.690305,-0.031286064,0
0.69091,-0.031388604,0
0.691515,-0.031723381,0
0.69212,-0.032524408,0
0.692725,-0.033771736,0
0.69333,-0.034997502,0
0.693935,-0.035563167,0
0.69454,-0.035372519,0
0.695145,-0.035165893,0
0.69575,-0.035797048,0
0.696355,-0.0372718,0
0.69696,-0.038777546,0
0.697565,-0.039577323,0
0.69817,-0.03960509,0
0.698775,-0.039306918,0
0.69938,-0.03919308,0
0.699985,-0.039528204,0
0.70059,-0.040254763,0
0.701195,-0.041076292,0
0.7018,-0.041590876,0
0.702405,-0.041494697,0
0.70301,-0.040891422,0
0.703615,-0.040416394,0
0.70422,-0.040766676,0
0.704825,-0.041959141,0
0.70543,-0.043278723,0
0.706035,-0.044031243,0
0.70664,-0.044101358,0
0.707245,-0.043823216,0
0.70785,-0.043638909,0
0.708455,-0.04388344,0
0.70906,-0.044630267,0
0.709665,-0.045609258,0
0.71027,-0.046303029,0
0.710875,-0.046253707,0
0.71148,-0.04548323,0
0.712085,-0.044686869,0
0.71269,-0.044768326,0
0.713295,-0.045946569,0
0.7139,-0.047482533,0
0.714505,-0.048421348,0
0.71511,-0.048367547,0
0.715715,-0.047550203,0
0.71632,-0.046540575,0
0.716925,-0.045957078,0
0.71753,-0.046105227,0
0.718135,-0.04673914,0
0.71874,-0.047206916,0
0.719345,-0.046884195,0
0.71995,-0.045641283,0
0.720555,-0.044117764,0
0.72116,-0.043425336,0
0.721765,-0.044186427,0
0.72237,-0.045858277,0
0.722975,-0.047273594,0
0.72358,-0.047699567,0
0.724185,-0.047189963,0
0.72479,-0.046262321,0
0.725395,-0.045522033,0
0.726,-0.045374151,0
0.726605,-0.045798307,0
0.72721,-0.046322255,0
0.727815,-0.046298767,0
0.72842,-0.045411706,0
0.729025,-0.044097366,0
0.72963,-0.043360868,0
0.730235,-0.04383371,0
0.73084,-0.045011743,0
0.731445,-0.045765378,0
0.73205,-0.045524247,0
0.732655,-0.044614616,0
0.73326,-0.04362256,0
0.733865,-0.042855922,0
0.73447,-0.04238697,0
0.735075,-0.042246987,0
0.73568,-0.042345542,0
0.736285,-0.042281305,0
0.73689,-0.041507992,0
0.737495,-0.039917154,0
0.7381,-0.038234341,0
0.738705,-0.037517823,0
0.73931,-0.038072215,0
0.739915,-0.039098636,0
0.74052,-0.039528598,0
0.741125,-0.038943075,0
0.74173,-0.037692364,0
0.742335,-0.036454096,0
0.74294,-0.035747346,0
0.743545,-0.035653636,0
0.74415,-0.035797854,0
0.744755,-0.035571139,0
0.74536,-0.034537297,0
0.745965,-0.032838155,0
0.74657,-0.031275702,0
0.747175,-0.030762485,0
0.74778,-0.031417082,0
0.748385,-0.032353713,0
0.74899,-0.032562795,0
0.749595,-0.031789653,0
0.7502,-0.030486596,0
0.750805,-0.029249614,0
0.75141,-0.028438798,0
0.752015,-0.028075114,0
0.75262,-0.027851147,0
0.753225,-0.027279914,0
0.75383,-0.026033063,0
0.754435,-0.024289601,0
0.75504,-0.022793377,0
0.755645,-0.022355234,0
0.75625,-0.02300962,0
0.756855,-0.023816395,0
0.75746,-0.023793678,0
0.758065,-0.02286392,0
0.75867,-0.021682172,0
0.759275,-0.02081333,0
0.75988,-0.020333656,0
0.760485,-0.020075062,0
0.76109,-0.019933541,0
0.761695,-0.019818167,0
0.7623,-0.019474697,0
0.762905,-0.018615183,0
0.76351,-0.017348174,0
0.764115,-0.016355246,0
0.76472,-0.016316255,0
0.765325,-0.01710647,0
0.76593,-0.017852814,0
0.766535,-0.017790936,0
0.76714,-0.016835062,0
0.767745,-0.015433104,0
0.76835,-0.014162464,0
0.768955,-0.013439369,0
0.76956,-0.013339007,0
0.770165,-0.013501676,0
0.77077,-0.013287034,0
0.771375,-0.012235383,0
0.77198,-0.010516541,0
0.772585,-0.008915829,0
0.77319,-0.008211557,0
0.773795,-0.008431666,0
0.7744,-0.008802535,0
0.775005,-0.008490501,0
0.77561,-0.007321705,0
0.776215,-0.005800433,0
0.77682,-0.004557866,0
0.777425,-0.003851962,0
0.77803,-0.00351615,0
0.778635,-0.003210911,0
0.77924,-0.002679071,0
0.779845,-0.001875835,0
0.78045,-0.000949183,0
0.781055,-0.000136896,0
0.78166,0.000361619,0
0.782265,0.000531207,0
0.78287,0.000580347,0
0.783475,0.000798676,0
0.78408,0.001385374,0
0.784685,0.002365828,0
0.78529,0.003568247,0
0.785895,0.004651075,0
0.7865,0.005260413,0
0.787105,0.005342191,0
0.78771,0.005312884,0
0.788315,0.005733104,0
0.78892,0.006724006,0
0.789525,0.007786486,0
0.79013,0.008278575,0
0.790735,0.008084068,0
0.79134,0.00774493,0
0.791945,0.007913767,0
0.79255,0.008768498,0
0.793155,0.009970856,0
0.79376,0.011068485,0
0.794365,0.011847155,0
0.79497,0.012310848,0
0.795575,0.012468607,0
0.79618,0.012328861,0
0.796785,0.012091859,0
0.79739,0.012118915,0
0.797995,0.012535923,0
0.7986,0.012981712,0
0.799205,0.012999345,0
0.79981,0.012652449,0
0.800415,0.012519323,0
0.80102,0.013062158,0
0.801625,0.014149983,0
0.80223,0.015210284,0
0.802835,0.015776987,0
0.80344,0.015875793,0
0.804045,0.0158968,0
0.80465,0.016142645,0
0.805255,0.01655933,0
0.80586,0.016883457,0
0.806465,0.016946247,0
0.80707,0.016804658,0
0.807675,0.016660332,0
0.80828,0.016674979,0
0.808885,0.016836198,0
0.80949,0.017050994,0
0.810095,0.017348665,0
0.8107,0.017834605,0
0.811305,0.018427774,0
0.81191,0.018815494,0
0.812515,0.018749712,0
0.81312,0.018318456,0
0.813725,0.017871233,0
0.81433,0.017683857,0
0.814935,0.017689682,0
0.81554,0.017543763,0
0.816145,0.01701673,0
0.81675,0.016320898,0
0.817355,0.015939656,0
0.81796,0.016158913,0
0.818565,0.016871039,0
0.81917,0.017741697,0
0.819775,0.018438531,0
0.82038,0.018791708,0
0.820985,0.018858382,0
0.82159,0.018833954,0
0.822195,0.018889073,0
0.8228,0.019067577,0
0.823405,0.019251657,0
0.82401,0.019209622,0
0.824615,0.018816869,0
0.82522,0.018278104,0
0.825825,0.017973344,0
0.82643,0.018043436,0
0.827035,0.018277376,0
0.82764,0.018397369,0
0.828245,0.018304616,0
0.82885,0.018061654,0
0.829455,0.017745716,0
0.83006,0.017346972,0
0.830665,0.016806868,0
0.83127,0.016131981,0
0.831875,0.015384747,0
0.83248,0.014550011,0
0.833085,0.013551007,0
0.83369,0.012462582,0
0.834295,0.011568231,0
0.8349,0.011131444,0
0.835505,0.011190994,0
0.83611,0.011522778,0
0.836715,0.011686895,0
0.83732,0.011271722,0
0.837925,0.010301404,0
0.83853,0.009323724,0
0.839135,0.00891972,0
0.83974,0.009105272,0
0.840345,0.009293721,0
0.84095,0.00888505,0
0.841555,0.00786332,0
0.84216,0.006799806,0
0.842765,0.006292898,0
0.84337,0.006421712,0
0.843975,0.006739807,0
0.84458,0.00676324,0
0.845185,0.00643216,0
0.84579,0.006096811,0
0.846395,0.006041344,0
0.847,0.006066038,0
0.847605,0.005672705,0
0.84821,0.004674566,0
0.848815,0.003458849,0
0.84942,0.002549296,0
0.850025,0.002003094,0
0.85063,0.001413767,0
0.851235,0.000542306,0
0.85184,-0.00025681,0
0.852445,-0.000421932,0
0.85305,8.15E-05,0
0.853655,0.000625798,0
0.85426,0.000589049,0
0.854865,-3.25E-08,0
0.85547,-0.000613368,0
0.856075,-0.000886158,0
0.85668,-0.000956402,0
0.857285,-0.001194484,0
0.85789,-0.001752094,0
0.858495,-0.002458501,0
0.8591,-0.003109507,0
0.859705,-0.003723041,0
0.86031,-0.004445922,0
0.860915,-0.005270374,0
0.86152,-0.005940132,0
0.862125,-0.0062026,0
0.86273,-0.006146946,0
0.863335,-0.006224509,0
0.86394,-0.006865644,0
0.864545,-0.008034085,0
0.86515,-0.009197495,0
0.865755,-0.009835972,0
0.86636,-0.009989294,0
0.866965,-0.010240063,0
0.86757,-0.011143629,0
0.868175,-0.012672608,0
0.86878,-0.014207938,0
0.869385,-0.015087295,0
0.86999,-0.015177457,0
0.870595,-0.014934291,0
0.8712,-0.01493948,0
0.871805,-0.015397394,0
0.87241,-0.016088214,0
0.873015,-0.016746814,0
0.87362,-0.017350167,0
0.874225,-0.017991503,0
0.87483,-0.01861181,0
0.875435,-0.019050961,0
0.87604,-0.019372399,0
0.876645,-0.019897817,0
0.87725,-0.020790731,0
0.877855,-0.021778862,0
0.87846,-0.022415266,0
0.879065,-0.022541773,0
0.87967,-0.022464936,0
0.880275,-0.022705128,0
0.88088,-0.023530527,0
0.881485,-0.02468843,0
0.88209,-0.025626937,0
0.882695,-0.026036131,0
0.8833,-0.026155256,0
0.883905,-0.026512637,0
0.88451,-0.027400296,0
0.885115,-0.028625398,0
0.88572,-0.029734857,0
0.886325,-0.030455253,0
0.88693,-0.030869441,0
0.887535,-0.031154829,0
0.88814,-0.031314454,0
0.888745,-0.031310473,0
0.88935,-0.031340548,0
0.889955,-0.031750849,0
0.89056,-0.032599875,0
0.891165,-0.033432985,0
0.89177,-0.033667927,0
0.892375,-0.033264211,0
0.89298,-0.03291049,0
0.893585,-0.033384263,0
0.89419,-0.03470995,0
0.894795,-0.036128069,0
0.8954,-0.036914382,0
0.896005,-0.037019965,0
0.89661,-0.036917854,0
0.897215,-0.037067366,0
0.89782,-0.037593492,0
0.898425,-0.038349455,0
0.89903,-0.039133126,0
0.899635,-0.039751351,0
0.90024,-0.039979614,0
0.900845,-0.039740619,0
0.90145,-0.039429231,0
0.902055,-0.039777244,0
0.90266,-0.041115114,0
0.903265,-0.042894243,0
0.90387,-0.044131945,0
0.904475,-0.04426562,0
0.90508,-0.043572319,0
0.905685,-0.042884459,0
0.90629,-0.042880792,0
0.906895,-0.043578505,0
0.9075,-0.044462372,0
0.908105,-0.044975593,0
0.90871,-0.044862038,0
0.909315,-0.044269942,0
0.90992,-0.043710146,0
0.910525,-0.043759008,0
0.91113,-0.044563534,0
0.911735,-0.04568854,0
0.91234,-0.04654875,0
0.912945,-0.046852968,0
0.91355,-0.046647131,0
0.914155,-0.046230283,0
0.91476,-0.046089815,0
0.915365,-0.04665412,0
0.91597,-0.047887874,0
0.916575,-0.049105003,0
0.91718,-0.049360823,0
0.917785,-0.048279615,0
0.91839,-0.046585466,0
0.918995,-0.045663185,0
0.9196,-0.046335016,0
0.920205,-0.04804309,0
0.92081,-0.049412334,0
0.921415,-0.049543615,0
0.92202,-0.048601363,0
0.922625,-0.047356291,0
0.92323,-0.046451352,0
0.923835,-0.046082968,0
0.92444,-0.046127436,0
0.925045,-0.046299903,0
0.92565,-0.046164756,0
0.926255,-0.045297086,0
0.92686,-0.043759815,0
0.927465,-0.042363824,0
0.92807,-0.042053567,0
0.928675,-0.042906226,0
0.92928,-0.044036346,0
0.929885,-0.044503427,0
0.93049,-0.044041103,0
0.931095,-0.043043846,0
0.9317,-0.042175119,0
0.932305,-0.041921747,0
0.93291,-0.042278188,0
0.933515,-0.042766325,0
0.93412,-0.042791204,0
0.934725,-0.042064396,0
0.93533,-0.040830028,0
0.935935,-0.039776578,0
0.93654,-0.039557107,0
0.937145,-0.040183913,0
0.93775,-0.040998189,0
0.938355,-0.041289449,0
0.93896,-0.040774547,0
0.939565,-0.039607679,0
0.94017,-0.038262117,0
0.940775,-0.037343645,0
0.94138,-0.037199253,0
0.941985,-0.037564726,0
0.94259,-0.037650758,0
0.943195,-0.03670185,0
0.9438,-0.034673005,0
0.944405,-0.032510502,0
0.94501,-0.031528446,0
0.945615,-0.032128397,0
0.94622,-0.033300109,0
0.946825,-0.033709929,0
0.94743,-0.033010821,0
0.948035,-0.031815944,0
0.94864,-0.030786772,0
0.949245,-0.03015929,0
0.94985,-0.029940833,0
0.950455,-0.03007003,0
0.95106,-0.030245421,0
0.951665,-0.029901581,0
0.95227,-0.028672186,0
0.952875,-0.026941445,0
0.95348,-0.025743478,0
0.954085,-0.02581822,0
0.95469,-0.026779439,0
0.955295,-0.027478277,0
0.9559,-0.027135114,0
0.956505,-0.025915614,0
0.95711,-0.024540016,0
0.957715,-0.02356249,0
0.95832,-0.023019916,0
0.958925,-0.022597612,0
0.95953,-0.021957947,0
0.960135,-0.020917862,0
0.96074,-0.019488227,0
0.961345,-0.017917205,0
0.96195,-0.016697502,0
0.962555,-0.016273776,0
0.96316,-0.016571779,0
0.963765,-0.016983008,0
0.96437,-0.016892967,0
0.964975,-0.01610621,0
0.96558,-0.014850785,0
0.966185,-0.013588383,0
0.96679,-0.012791354,0
0.967395,-0.012649388,0
0.968,-0.012827584,0
0.968605,-0.012646583,0
0.96921,-0.011697352,0
0.969815,-0.010275327,0.00E+00
0.97042,-0.009153275,0
0.971025,-0.008886629,0
0.97163,-0.009294741,0
0.972235,-0.009661087,0
0.97284,-0.009424021,0
0.973445,-0.008567837,0
0.97405,-0.007433367,0
0.974655,-0.00636691,0
0.97526,-0.00558566,0
0.975865,-0.005200589,0
0.97647,-0.005144778,0
0.977075,-0.00505602,0
0.97768,-0.004444609,0
0.978285,-0.00316379,0
0.97889,-0.001703668,0
0.979495,-0.000845044,0
0.9801,-0.000893826,0
0.980705,-0.001362542,0
0.98131,-0.001484717,0
0.981915,-0.000900829,0
0.98252,0.000179548,0
0.983125,0.001295252,0
0.98373,0.002114292,0
0.984335,0.002568556,0
0.98494,0.002764121,0
0.985545,0.002896354,0
0.98615,0.003203214,0
0.986755,0.003821095,0
0.98736,0.004612551,0
0.987965,0.005239967,0
0.98857,0.005519265,0
0.989175,0.005636207,0
0.98978,0.005941816,0
0.990385,0.0066352,0
0.99099,0.007670979,0
0.991595,0.008832165,0
0.9922,0.009840669,0
0.992805,0.010475957,0
0.99341,0.010697451,0
0.994015,0.010733851,0
0.99462,0.010985535,0
0.995225,0.011679947,0
0.99583,0.012580137,0
0.996435,0.013150784,0
0.99704,0.013133384,0
0.997645,0.012889071,0
0.99825,0.013025946,0
0.998855,0.013750545,0
0.99946,0.014735235,0
1.000065,0.015564056,0
1.00067,0.016127546,0
1.001275,0.016511352,0
1.00188,0.016636298,0
1.002485,0.016275205,0
1.00309,0.01552848,0
1.003695,0.015026942,0
1.0043,0.015316083,0
1.004905,0.01608252,0
1.00551,0.016388913,0
1.006115,0.015794222,0
1.00672,0.014919622,0
1.007325,0.014762296,0
1.00793,0.015660488,0
1.008535,0.017027527,0
1.00914,0.017980774,0
1.009745,0.018137237,0
1.01035,0.017800369,0
1.010955,0.017492055,0
1.01156,0.017459739,0
1.012165,0.017614085,0
1.01277,0.017736826,0
1.013375,0.017641781,0
1.01398,0.01727654,0
1.014585,0.016796973,0
1.01519,0.016458812,0
1.015795,0.016395152,0
1.0164,0.016586461,0
1.017005,0.016975862,0
1.01761,0.01745828,0
1.018215,0.017812608,0
1.01882,0.017805905,0
1.019425,0.017418787,0
1.02003,0.016928943,0
1.020635,0.016699367,0
1.02124,0.016805828,0
1.021845,0.016871117,0
1.02245,0.016412894,0
1.023055,0.015456026,0
1.02366,0.014630653,0
1.024265,0.014514744,0
1.02487,0.015042604,0
1.025475,0.015685232,0
1.02608,0.016043284,0
1.026685,0.016121847,0
1.02729,0.016124909,0
1.027895,0.016152275,0
1.0285,0.016151198,0
1.029105,0.016091608,0
1.02971,0.016066932,0
1.030315,0.016129128,0
1.03092,0.016092804,0
1.031525,0.01570529,0
1.03213,0.015028214,0
1.032735,0.014467456,0
1.03334,0.014387473,0
1.033945,0.014770954,0
1.03455,0.015221719,0
1.035155,0.01527604,0
1.03576,0.014785566,0
1.036365,0.0140237,0
1.03697,0.013379578,0
1.037575,0.012950566,0
1.03818,0.012471883,0
1.038785,0.011628109,0
1.03939,0.010389283,0
1.039995,0.009074748,0
1.0406,0.008113681,0
1.041205,0.007681594,0
1.04181,0.007578574,0
1.042415,0.007516892,0
1.04302,0.007432966,0
1.043625,0.007409871,0
1.04423,0.007381167,0
1.044835,0.007087004,0
1.04544,0.006390833,0
1.046045,0.005529116,0
1.04665,0.004890799,0
1.047255,0.004554145,0
1.04786,0.004182995,0
1.048465,0.00346358,0
1.04907,0.002552107,0
1.049675,0.001936623,0
1.05028,0.001884435,0
1.050885,0.002167335,0
1.05149,0.002317137,0
1.052095,0.002058897,0
1.0527,0.001497303,0
1.053305,0.000917989,0
1.05391,0.000444881,0
1.054515,-6.32E-05,0
1.05512,-0.00078774,0
1.055725,-0.001692571,0
1.05633,-0.00255222,0
1.056935,-0.003213813,0
1.05754,-0.003747356,0
1.058145,-0.00430466,0
1.05875,-0.004863787,0
1.059355,-0.005191321,0
1.05996,-0.005136515,0
1.060565,-0.004899707,0
1.06117,-0.004878964,0
1.061775,-0.005281915,0
1.06238,-0.0059682,0
1.062985,-0.006624119,0
1.06359,-0.007056326,0
1.064195,-0.007371894,0
1.0648,-0.007875128,0
1.065405,-0.008730625,0
1.06601,-0.009755333,0
1.066615,-0.010614812,0
1.06722,-0.011159214,0
1.067825,-0.011460817,0
1.06843,-0.011620193,0
1.069035,-0.011700877,0
1.06964,-0.011828376,0
1.070245,-0.012231642,0
1.07085,-0.013101559,0
1.071455,-0.014353179,0
1.07206,-0.015584268,0
1.072665,-0.016413195,0
1.07327,-0.016881743,0
1.073875,-0.01741462,0
1.07448,-0.018340048,0
1.075085,-0.019535068,0
1.07569,-0.020579055,0
1.076295,-0.021164074,0
1.0769,-0.021317837,0
1.077505,-0.02131518,0
1.07811,-0.021438828,0
1.078715,-0.02182875,0
1.07932,-0.02249952,0
1.079925,-0.023362218,0
1.08053,-0.024204534,0
1.081135,-0.024812931,0
1.08174,-0.025201519,0
1.082345,-0.025618707,0
1.08295,-0.02624996,0
1.083555,-0.027019746,0
1.08416,-0.027791727,0
1.084765,-0.028601175,0
1.08537,-0.029483786,0
1.085975,-0.030220527,0
1.08658,-0.030530062,0
1.087185,-0.03050071,0
1.08779,-0.030616171,0
1.088395,-0.031252964,0
1.089,-0.032238449,0
1.089605,-0.033019186,0
1.09021,-0.033285805,0
1.090815,-0.033363773,0
1.09142,-0.033867915,0
1.092025,-0.03496764,0
1.09263,-0.036192603,0
1.093235,-0.037004676,0
1.09384,-0.037302912,0
1.094445,-0.037311264,0
1.09505,-0.037258905,0
1.095655,-0.03730851,0
1.09626,-0.037624075,0
1.096865,-0.038291028,0
1.09747,-0.039070468,0
1.098075,-0.039347773,0
1.09868,-0.038673398,0
1.099285,-0.037540219,0
1.09989,-0.037242915,0
1.100495,-0.03853517,0
1.1011,-0.040685702,0
1.101705,-0.042253339,0
1.10231,-0.042523941,0
1.102915,-0.04190748,0
1.10352,-0.041278478,0
1.104125,-0.041248011,0
1.10473,-0.041891628,0
1.105335,-0.042883363,0
1.10594,-0.043766937,0
1.106545,-0.044142472,0
1.10715,-0.043830829,0
1.107755,-0.043139791,0
1.10836,-0.042880765,0
1.108965,-0.04370554,0
1.10957,-0.045368498,0
1.110175,-0.046942865,0
1.11078,-0.047688545,0
1.111385,-0.047492777,0
1.11199,-0.046754456,0
1.112595,-0.046145469,0
1.1132,-0.046237817,0
1.113805,-0.047019308,0
1.11441,-0.047801243,0
1.115015,-0.047780042,0
1.11562,-0.046752632,0
1.116225,-0.045349516,0
1.11683,-0.04462119,0
1.117435,-0.045197827,0
1.11804,-0.046684875,0
1.118645,-0.048032036,0
1.11925,-0.04851038,0
1.119855,-0.048128006,0
1.12046,-0.047271563,0
1.121065,-0.046383592,0
1.12167,-0.045966549,0
1.122275,-0.046390196,0
1.12288,-0.047382225,0
1.123485,-0.047956132,0
1.12409,-0.047229367,0
1.124695,-0.045404778,0
1.1253,-0.043811389,0
1.125905,-0.043748755,0
1.12651,-0.045168947,0
1.127115,-0.046689387,0
1.12772,-0.047013134,0
1.128325,-0.046084323,0
1.12893,-0.044795655,0
1.129535,-0.043942663,0
1.13014,-0.043689571,0
1.130745,-0.043779645,0
1.13135,-0.043844351,0
1.131955,-0.04347819,0
1.13256,-0.042369886,0
1.133165,-0.040634601,0
1.13377,-0.038994425,0
1.134375,-0.038373842,0
1.13498,-0.039053651,0
1.135585,-0.040295123,0
1.13619,-0.040991117,0
1.136795,-0.040610783,0
1.1374,-0.039460465,0
1.138005,-0.03824289,0
1.13861,-0.037515236,0
1.139215,-0.037427524,0
1.13982,-0.037672479,0
1.140425,-0.037607923,0
1.14103,-0.036726503,0
1.141635,-0.035212948,0
1.14224,-0.033915167,0
1.142845,-0.033612333,0
1.14345,-0.034292912,0
1.144055,-0.03520731,0
1.14466,-0.035596222,0
1.145265,-0.035240408,0
1.14587,-0.034380306,0
1.146475,-0.033341183,0
1.14708,-0.032325238,0
1.147685,-0.031526324,0
1.14829,-0.031211317,0
1.148895,-0.031320223,0
1.1495,-0.031086034,0
1.150105,-0.02963429,0
1.15071,-0.027187841,0
1.151315,-0.025238986,0
1.15192,-0.025111251,0
1.152525,-0.026544535,0
1.15313,-0.028000688,0
1.153735,-0.028157353,0
1.15434,-0.026922184,0
1.154945,-0.025257364,0
1.15555,-0.024215451,0
1.156155,-0.024088798,0
1.15676,-0.024384619,0
1.157365,-0.024406659,0
1.15797,-0.023737607,0
1.158575,-0.022398598,0
1.15918,-0.020846687,0
1.159785,-0.019771329,0
1.16039,-0.019593534,0
1.160995,-0.020075952,0
1.1616,-0.020552565,0
1.162205,-0.020477833,0
1.16281,-0.019702036,0
1.163415,-0.018457877,0
1.16402,-0.01718766,0
1.164625,-0.016246725,0
1.16523,-0.015718652,0
1.165835,-0.015426775,0
1.16644,-0.015003984,0
1.167045,-0.014110267,0
1.16765,-0.012822445,0
1.168255,-0.011708244,0
1.16886,-0.011248027,0
1.169465,-0.011272059,0
1.17007,-0.011237414,0
1.170675,-0.01085297,0
1.17128,-0.010108357,0
1.171885,-0.00900241,0
1.17249,-0.007645136,0
1.173095,-0.00641345,0
1.1737,-0.005679242,0
1.174305,-0.00541561,0
1.17491,-0.005190241,0
1.175515,-0.004559806,0
1.17612,-0.003504187,0
1.176725,-0.002514521,0
1.17733,-0.002133981,0
1.177935,-0.002322424,0
1.17854,-0.002479398,0
1.179145,-0.002160891,0
1.17975,-0.001456664,0
1.180355,-0.000630123,0
1.18096,0.000222067,0
1.181565,0.001061434,0
1.18217,0.001742065,0
1.182775,0.002107681,0
1.18338,0.002223983,0
1.183985,0.002452838,0
1.18459,0.003159631,0
1.185195,0.004219033,0
1.1858,0.00496948,0
1.186405,0.004939277,0
1.18701,0.004500597,0
1.187615,0.004498846,0
1.18822,0.005336306,0
1.188825,0.006638542,0
1.18943,0.007701719,0
1.190035,0.008137624,0
1.19064,0.008160422,0
1.191245,0.008288808,0
1.19185,0.008776643,0
1.192455,0.009416535,0
1.19306,0.00989282,0
1.193665,0.010141968,0
1.19427,0.010290562,0
1.194875,0.010439767,0
1.19548,0.010629879,0
1.196085,0.010875849,0
1.19669,0.011187049,0
1.197295,0.011625377,0
1.1979,0.012275362,0
1.198505,0.013086636,0
1.19911,0.013836232,0
1.199715,0.014328633,0
1.20032,0.014608547,0
1.200925,0.014915397,0
1.20153,0.015406882,0
1.202135,0.015956202,0
1.20274,0.01626341,0
1.203345,0.016205588,0
1.20395,0.016042753,0
1.204555,0.016170925,0
1.20516,0.016694236,0
1.205765,0.01737379,0
1.20637,0.017966663,0
1.206975,0.018451414,0
1.20758,0.018887062,0
1.208185,0.019178368,0
1.20879,0.019109679,0
1.209395,0.018628356,0
1.21,0.018013956,0
1.210605,0.017672771,0
1.21121,0.017732612,0
1.211815,0.017905098,0
1.21242,0.017819488,0
1.213025,0.017448464,0
1.21363,0.017137894,0
1.214235,0.017244148,0
1.21484,0.017776779,0
1.215445,0.01838562,0
1.21605,0.018679568,0
1.216655,0.018546675,0
1.21726,0.018197676,0
1.217865,0.017957716,0
1.21847,0.018005436,0
1.219075,0.018243998,0
1.21968,0.018386805,0
1.220285,0.018209918,0
1.22089,0.017776328,0
1.221495,0.017384942,0
1.2221,0.017270444,0
1.222705,0.017406241,0
1.22331,0.01760175,0
1.223915,0.017699265,0
1.22452,0.017638852,0
1.225125,0.017402554,0
1.22573,0.017000534,0
1.226335,0.016536524,0
1.22694,0.016181318,0
1.227545,0.015978049,0
1.22815,0.015701514,0
1.228755,0.015025104,0
1.22936,0.013907077,0
1.229965,0.012765205,0
1.23057,0.01215666,0
1.231175,0.012259228,0
1.23178,0.012713388,0
1.232385,0.012984584,0
1.23299,0.012850268,0
1.233595,0.012504526,0
1.2342,0.01223417,0
1.234805,0.012108684,0
1.23541,0.011993587,0
1.236015,0.011737452,0
1.23662,0.011287461,0
1.237225,0.010700414,0
1.23783,0.010114919,0
1.238435,0.009683159,0
1.23904,0.009465662,0
1.239645,0.009404576,0
1.24025,0.009423696,0
1.240855,0.009496272,0
1.24146,0.009563731,0
1.242065,0.009438089,0
1.24267,0.008903716,0
1.243275,0.007985445,0
1.24388,0.007024073,0
1.244485,0.006357153,0
1.24509,0.005955966,0
1.245695,0.005469144,0
1.2463,0.004632567,0
1.246905,0.003610995,0
1.24751,0.00290422,0
1.248115,0.002880983,0
1.24872,0.003401634,0
1.249325,0.003907257,0
1.24993,0.003887806,0
1.250535,0.003291468,0
1.25114,0.002510697,0
1.251745,0.001985072,0
1.25235,0.001808826,0
1.252955,0.001716351,0
1.25356,0.001423011,0
1.254165,0.000893596,0
1.25477,0.000266632,0
1.255375,-0.00034525,0
1.25598,-0.000916374,0
1.256585,-0.00144866,0
1.25719,-0.001892676,0
1.257795,-0.002161762,0
1.2584,-0.002297121,0
1.259005,-0.002572638,0
1.25961,-0.003289751,0
1.260215,-0.004439185,0
1.26082,-0.005670985,0
1.261425,-0.006650154,0
1.26203,-0.007387125,0
1.262635,-0.008189571,0
1.26324,-0.009302326,0
1.263845,-0.010589222,0
1.26445,-0.01161925,0
1.265055,-0.012116219,0
1.26566,-0.012219213,0
1.266265,-0.012234889,0
1.26687,-0.012298208,0
1.267475,-0.012393752,0
1.26808,-0.012571454,0
1.268685,-0.012967869,0
1.26929,-0.013601809,0
1.269895,-0.014243271,0
1.2705,-0.014594903,0
1.271105,-0.014658624,0
1.27171,-0.014839523,0
1.272315,-0.015533227,0
1.27292,-0.016629644,0
1.273525,-0.017595604,0
1.27413,-0.018039167,0
1.274735,-0.018042934,0
1.27534,-0.017993795,0
1.275945,-0.018246088,0
1.27655,-0.01893107,0
1.277155,-0.019957684,0
1.27776,-0.021113615,0
1.278365,-0.022170964,0
1.27897,-0.022976413,0
1.279575,-0.023545966,0
1.28018,-0.024111196,0
1.280785,-0.02496942,0
1.28139,-0.026165057,0
1.281995,-0.027369343,0
1.2826,-0.028166801,0
1.283205,-0.028433721,0
1.28381,-0.028430687,0
1.284415,-0.028570329,0
1.28502,-0.029078558,0
1.285625,-0.029836455,0
1.28623,-0.030519239,0
1.286835,-0.030907328,0
1.28744,-0.031151462,0
1.288045,-0.031760971,0
1.28865,-0.033219262,0
1.289255,-0.035487511,0
1.28986,-0.037914743,0
1.290465,-0.039756666,0
1.29107,-0.040747095,0
1.291675,-0.041049833,0
1.29228,-0.040807026,0
1.292885,-0.040013349,0
1.29349,-0.038832676,0
1.294095,-0.037794798,0
1.2947,-0.037467603,0
1.295305,-0.037896481,0
1.29591,-0.038493612,0
1.296515,-0.038640309,0
1.29712,-0.038424835,0
1.297725,-0.038608624,0
1.29833,-0.039716015,0
1.298935,-0.041342895,0
1.29954,-0.042581731,0
1.300145,-0.04294043,0
1.30075,-0.04263873,0
1.301355,-0.04221326,0
1.30196,-0.042068842,0
1.302565,-0.042326372,0
1.30317,-0.042880389,0
1.303775,-0.043454819,0
1.30438,-0.043641762,0
1.304985,-0.043135587,0
1.30559,-0.042155813,0
1.306195,-0.041527255,0
1.3068,-0.042003865,0
1.307405,-0.043462992,0
1.30801,-0.044993176,0
1.308615,-0.045737755,0
1.30922,-0.045491326,0
1.309825,-0.044668997,0
1.31043,-0.043959018,0
1.311035,-0.043926541,0
1.31164,-0.044685187,0
1.312245,-0.0457512,0
1.31285,-0.046261658,0
1.313455,-0.045637595,0
1.31406,-0.044262893,0
1.314665,-0.043358002,0
1.31527,-0.043849699,0
1.315875,-0.045387797,0
1.31648,-0.046771226,0
1.317085,-0.047215072,0
1.31769,-0.046850717,0
1.318295,-0.046215788,0
1.3189,-0.045728478,0
1.319505,-0.045600055,0
1.32011,-0.045866016,0
1.320715,-0.046292196,0
1.32132,-0.046334996,0
1.321925,-0.045465791,0
1.32253,-0.043782884,0
1.323135,-0.042267456,0
1.32374,-0.042077032,0
1.324345,-0.043371284,0
1.32495,-0.045076302,0
1.325555,-0.045940347,0
1.32616,-0.045572558,0
1.326765,-0.044474703,0
1.32737,-0.043453099,0
1.327975,-0.043107179,0
1.32858,-0.043585073,0
1.329185,-0.044491316,0
1.32979,-0.04498302,0
1.330395,-0.044270735,0
1.331,-0.042369327,0
1.331605,-0.04038914,0
1.33221,-0.03978892,0
1.332815,-0.041042188,0
1.33342,-0.043105514,0
1.334025,-0.044360085,0
1.33463,-0.043985649,0
1.335235,-0.042438715,0
1.33584,-0.040855054,0
1.336445,-0.040068852,0
1.33705,-0.040072395,0
1.337655,-0.040242455,0
1.33826,-0.039912214,0
1.338865,-0.038742536,0
1.33947,-0.036858762,0
1.340075,-0.034931085,0
1.34068,-0.033934273,0
1.341285,-0.034339873,0
1.34189,-0.03554275,0
1.342495,-0.036435438,0
1.3431,-0.036445916,0
1.343705,-0.03576639,0
1.34431,-0.034837777,0
1.344915,-0.033980486,0
1.34552,-0.033434698,0
1.346125,-0.033364187,0
1.34673,-0.033588134,0
1.347335,-0.033487577,0
1.34794,-0.032509033,0
1.348545,-0.030868923,0
1.34915,-0.029573315,0
1.349755,-0.029466591,0
1.35036,-0.030287132,0
1.350965,-0.030930318,0
1.35157,-0.030588501,0
1.352175,-0.02938012,0
1.35278,-0.027973507,0
1.353385,-0.026888825,0
1.35399,-0.026213862,0
1.354595,-0.025797208,0
1.3552,-0.025456847,0
1.355805,-0.024951226,0
1.35641,-0.023986761,0
1.357015,-0.02251888,0
1.35762,-0.021044256,0
1.358225,-0.020298835,0
1.35883,-0.020500715,0
1.359435,-0.021100441,0
1.36004,-0.021346097,0
1.360645,-0.020871751,0
1.36125,-0.019792949,0
1.361855,-0.018539306,0
1.36246,-0.017634563,0
1.363065,-0.017396122,0
1.36367,-0.017648291,0
1.364275,-0.017780096,0
1.36488,-0.017260974,0
1.365485,-0.016144804,0
1.36609,-0.015028029,0
1.366695,-0.01447644,0
1.3673,-0.014462353,0
1.367905,-0.014434076,0
1.36851,-0.013947779,0
1.369115,-0.013058102,0
1.36972,-0.012064973,0
1.370325,-0.01109059,0
1.37093,-0.010056501,0
1.371535,-0.00900023,0
1.37214,-0.008143746,0
1.372745,-0.007513324,0
1.37335,-0.006723863,0
1.373955,-0.005389233,0
1.37456,-0.003703552,0
1.375165,-0.002394579,0
1.37577,-0.001955327,0
1.376375,-0.002063265,0
1.37698,-0.001958233,0
1.377585,-0.00126807,0
1.37819,-0.000260041,0
1.378795,0.000631897,0
1.3794,0.001297304,0
1.380005,0.001894776,0
1.38061,0.002499665,0
1.381215,0.003029328,0
1.38182,0.003446337,0
1.382425,0.003822637,0
1.38303,0.004183051,0
1.383635,0.00442762,0
1.38424,0.004495935,0
1.384845,0.004530602,0
1.38545,0.004786609,0
1.386055,0.005430931,0
1.38666,0.006443869,0
1.387265,0.007621081,0
1.38787,0.008666242,0
1.388475,0.009337236,0
1.38908,0.009554407,0
1.389685,0.009472666,0
1.39029,0.009459416,0
1.390895,0.009840558,0
1.3915,0.01055808,0
1.392105,0.011156991,0
1.39271,0.011245149,0
1.393315,0.01093848,0
1.39392,0.010726589,0
1.394525,0.010954374,0
1.39513,0.011560956,0
1.395735,0.012250312,0
1.39634,0.012788652,0
1.396945,0.01312509,0
1.39755,0.01328264,0
1.398155,0.013260134,0
1.39876,0.01311699,0
1.399365,0.013040444,0
1.39997,0.013190316,0
1.400575,0.013484725,0
1.40118,0.013640411,0
1.401785,0.013481553,0
1.40239,0.013169172,0
1.402995,0.013105868,0
1.4036,0.013621393,0
1.404205,0.014673177,0
1.40481,0.015813639,0
1.405415,0.01653131,0
1.40602,0.016663997,0
1.406625,0.016475319,0
1.40723,0.016383841,0
1.407835,0.016645365,0
1.40844,0.017201727,0
1.409045,0.017720456,0
1.40965,0.017830791,0
1.410255,0.017461698,0
1.41086,0.016934892,0
1.411465,0.016665217,0
1.41207,0.016845988,0
1.412675,0.017434633,0
1.41328,0.018277361,0
1.413885,0.019127189,0
1.41449,0.019598592,0
1.415095,0.019313147,0
1.4157,0.018291459,0
1.416305,0.017158772,0
1.41691,0.016710175,0
1.417515,0.017124978,0
1.41812,0.01772326,0
1.418725,0.01765501,0
1.41933,0.016789186,0
1.419935,0.015828766,0
1.42054,0.01560783,0
1.421145,0.016332223,0
1.42175,0.017443541,0
1.422355,0.018169146,0
1.42296,0.018191243,0
1.423565,0.017783133,0
1.42417,0.017378846,0
1.424775,0.017134644,0
1.42538,0.01692253,0
1.425985,0.016615606,0
1.42659,0.016254623,0
1.427195,0.015963419,0
1.4278,0.015776209,0
1.428405,0.015575964,0
1.42901,0.015262832,0
1.429615,0.014981083,0
1.43022,0.015006488,0
1.430825,0.015321958,0
1.43143,0.015476544,0
1.432035,0.015038237,0
1.43264,0.01412388,0
1.433245,0.013304663,0
1.43385,0.012957428,0
1.434455,0.012833757,0
1.43506,0.01234135,0
1.435665,0.0112211,0
1.43627,0.009889075,0
1.436875,0.009055012,0
1.43748,0.009031635,0
1.438085,0.009495887,0
1.43869,0.009874704,0
1.439295,0.009854759,0
1.4399,0.009538241,0
1.440505,0.009198385,0
1.44111,0.008951726,0
1.441715,0.008702376,0
1.44232,0.008354513,0
1.442925,0.0079412,0
1.44353,0.007501151,0
1.444135,0.006985354,0
1.44474,0.006393189,0
1.445345,0.00587155,0
1.44595,0.005578128,0
1.446555,0.005518639,0
1.44716,0.005532898,0
1.447765,0.005391716,0
1.44837,0.004954363,0
1.448975,0.004283754,0
1.44958,0.003591425,0
1.450185,0.003052873,0
1.45079,0.002651111,0
1.451395,0.002164791,0
1.452,0.00134474,0
1.452605,0.000195435,0
1.45321,-0.000930316,0
1.453815,-0.001650368,0
1.45442,-0.001956815,0
1.455025,-0.002129677,0
1.45563,-0.00228835,0
1.456235,-0.002283451,0
1.45684,-0.002077026,0
1.457445,-0.001996344,0
1.45805,-0.002431225,0
1.458655,-0.003345033,0
1.45926,-0.004274757,0
1.459865,-0.004870411,0
1.46047,-0.005298159,0
1.461075,-0.005991323,0
1.46168,-0.007057997,0
1.462285,-0.008100138,0
1.46289,-0.008677624,0
1.463495,-0.008808576,0
1.4641,-0.008900189,0
1.464705,-0.009276112,0
1.46531,-0.009886506,0
1.465915,-0.010478048,0
1.46652,-0.010970347,0
1.467125,-0.011574661,0
1.46773,-0.012515619,0
1.468335,-0.013718524,0
1.46894,-0.014876699,0
1.469545,-0.015806587,0
1.47015,-0.01659556,0.00E+00
1.470755,-0.01737193,0
1.47136,-0.018078371,0
1.471965,-0.018541716,0
1.47257,-0.018697143,0
1.473175,-0.018708292,0
1.47378,-0.018849907,0
1.474385,-0.019247597,0
1.47499,-0.01978659,0
1.475595,-0.020310216,0
1.4762,-0.020809732,0
1.476805,-0.021356968,0
1.47741,-0.021962317,0
1.478015,-0.022592539,0
1.47862,-0.023228938,0
1.479225,-0.023823714,0
1.47983,-0.024298157,0
1.480435,-0.024633407,0
1.48104,-0.024879912,0
1.481645,-0.025095918,0
1.48225,-0.025357474,0
1.482855,-0.025784175,0
1.48346,-0.02648407,0
1.484065,-0.027476254,0
1.48467,-0.028653818,0
1.485275,-0.029783736,0
1.48588,-0.030597255,0
1.486485,-0.031008604,0
1.48709,-0.03125459,0
1.487695,-0.031709491,0
1.4883,-0.032531644,0
1.488905,-0.033508927,0
1.48951,-0.034220405,0
1.490115,-0.034390511,0
1.49072,-0.034174207,0
1.491325,-0.034073967,0
1.49193,-0.034519282,0
1.492535,-0.035516808,0
1.49314,-0.036665721,0
1.493745,-0.037459078,0
1.49435,-0.037645987,0
1.494955,-0.037456253,0
1.49556,-0.037452584,0
1.496165,-0.037989976,0
1.49677,-0.038858615,0
1.497375,-0.039619492,0
1.49798,-0.04011353,0
1.498585,-0.040392993,0
1.49919,-0.040409005,0
1.499795,-0.040165387,0
1.5004,-0.040061234,0
1.501005,-0.040648,0
1.50161,-0.041911334,0
1.502215,-0.04304665,0
1.50282,-0.043197505,0
1.503425,-0.042411321,0
1.50403,-0.041690571,0
1.504635,-0.04196997,0
1.50524,-0.043150699,0
1.505845,-0.044317744,0
1.50645,-0.044745498,0
1.507055,-0.044448599,0
1.50766,-0.043946008,0
1.508265,-0.043786062,0
1.50887,-0.044210976,0
1.509475,-0.045038369,0
1.51008,-0.045782327,0
1.510685,-0.045928831,0
1.51129,-0.045232316,0
1.511895,-0.043983725,0
1.5125,-0.043034721,0
1.513105,-0.04320563,0
1.51371,-0.044453397,0
1.514315,-0.045891375,0
1.51492,-0.046707412,0
1.515525,-0.046748788,0
1.51613,-0.046285412,0
1.516735,-0.045678106,0
1.51734,-0.045337548,0
1.517945,-0.045589804,0
1.51855,-0.046314425,0
1.519155,-0.046836943,0
1.51976,-0.046428946,0
1.520365,-0.04507333,0
1.52097,-0.043727458,0
1.521575,-0.043581066,0
1.52218,-0.044844233,0
1.522785,-0.046474652,0
1.52339,-0.047281457,0
1.523995,-0.047007722,0
1.5246,-0.046201572,0
1.525205,-0.045452022,0
1.52581,-0.045040843,0
1.526415,-0.045059236,0
1.52702,-0.045428213,0
1.527625,-0.045719505,0
1.52823,-0.04524284,0
1.528835,-0.043649153,0
1.52944,-0.04156984,0
1.530045,-0.040393425,0
1.53065,-0.040997327,0
1.531255,-0.042763821,0
1.53186,-0.044186709,0
1.532465,-0.044328007,0
1.53307,-0.043433964,0
1.533675,-0.042379754,0
1.53428,-0.041864393,0
1.534885,-0.042043145,0
1.53549,-0.042549726,0
1.536095,-0.042702725,0
1.5367,-0.041919021,0
1.537305,-0.040209341,0
1.53791,-0.038329252,0
1.538515,-0.037310426,0
1.53912,-0.03762199,0
1.539725,-0.038732656,0
1.54033,-0.039597091,0
1.540935,-0.039521312,0
1.54154,-0.038524799,0
1.542145,-0.037112424,0
1.54275,-0.035888821,0
1.543355,-0.035269612,0
1.54396,-0.035276271,0
1.544565,-0.035416874,0
1.54517,-0.034893559,0
1.545775,-0.033244391,0
1.54638,-0.030937688,0
1.546985,-0.029203607,0
1.54759,-0.02899752,0
1.548195,-0.030053668,0
1.5488,-0.031143926,0
1.549405,-0.031238096,0
1.55001,-0.030228838,0
1.550615,-0.028706602,0
1.55122,-0.027362451,0
1.551825,-0.026602541,0
1.55243,-0.026449661,0
1.553035,-0.026550548,0
1.55364,-0.026310403,0
1.554245,-0.0253101,0
1.55485,-0.023772076,0
1.555455,-0.02252477,0
1.55606,-0.022284508,0
1.556665,-0.022909841,0
1.55727,-0.023544753,0
1.557875,-0.023492121,0
1.55848,-0.022716463,0
1.559085,-0.021581575,0
1.55969,-0.020421105,0
1.560295,-0.019425654,0
1.5609,-0.018744487,0
1.561505,-0.018434677,0
1.56211,-0.018217913,0
1.562715,-0.017514424,0
1.56332,-0.016006826,0
1.563925,-0.014177312,0
1.56453,-0.013006373,0
1.565135,-0.012967375,0
1.56574,-0.013528541,0
1.566345,-0.013776285,0
1.56695,-0.013270223,0
1.567555,-0.012209817,0
1.56816,-0.011064535,0
1.568765,-0.010195309,0
1.56937,-0.009709289,0
1.569975,-0.009500291,0
1.57058,-0.009310222,0
1.571185,-0.008807736,0
1.57179,-0.007830565,0
1.572395,-0.006687785,0
1.573,-0.006045891,0
1.573605,-0.006233105,0
1.57421,-0.006740654,0
1.574815,-0.006705843,0
1.57542,-0.005831954,0
1.576025,-0.004593461,0
1.57663,-0.003578013,0
1.577235,-0.002845841,0
1.57784,-0.002036074,0
1.578445,-0.00096126,0
1.57905,0.000144007,0
1.579655,0.000963747,0
1.58026,0.001481364,0
1.580865,0.001934736,0
1.58147,0.00248519,0
1.582075,0.003058147,0
1.58268,0.003512643,0
1.583285,0.003862712,0
1.58389,0.004316527,0
1.584495,0.005103616,0
1.5851,0.006192888,0
1.585705,0.00721949,0
1.58631,0.007788313,0
1.586915,0.007832542,0
1.58752,0.007655777,0
1.588125,0.007657079,0
1.58873,0.008013748,0
1.589335,0.00857508,0
1.58994,0.009001135,0
1.590545,0.009058289,0
1.59115,0.008875351,0
1.591755,0.008855157,0
1.59236,0.009280726,0
1.592965,0.010075096,0
1.59357,0.010939922,0
1.594175,0.011634288,0
1.59478,0.012096212,0
1.595385,0.01238231,0
1.59599,0.012611069,0
1.596595,0.012949428,0
1.5972,0.013503132,0
1.597805,0.014144779,0
1.59841,0.014522153,0
1.599015,0.01438331,0
1.59962,0.013956112,0
1.600225,0.013851839,0
1.60083,0.01445272,0
1.601435,0.015492049,0
1.60204,0.01634265,0
1.602645,0.016651112,0
1.60325,0.016608406,0
1.603855,0.01663388,0
1.60446,0.016891136,0
1.605065,0.017153585,0
1.60567,0.017111265,0
1.606275,0.016743321,0
1.60688,0.016296769,0
1.607485,0.015937095,0
1.60809,0.015625893,0
1.608695,0.015358919,0
1.6093,0.015300006,0
1.609905,0.015607085,0
1.61051,0.016222818,0
1.611115,0.016863638,0
1.61172,0.017213196,0
1.612325,0.017174892,0
1.61293,0.016958896,0
1.613535,0.016888492,0
1.61414,0.017096039,0
1.614745,0.017420695,0
1.61535,0.017588802,0
1.615955,0.017470522,0
1.61656,0.017190636,0
1.617165,0.01699921,0
1.61777,0.017033845,0
1.618375,0.017267303,0
1.61898,0.01765144,0
1.619585,0.018157002,0
1.62019,0.018658371,0
1.620795,0.018927532,0
1.6214,0.01883194,0
1.622005,0.018503451,0
1.62261,0.018231022,0
1.623215,0.018150708,0
1.62382,0.018067793,0
1.624425,0.01763175,0
1.62503,0.016738162,0
1.625635,0.015750352,0
1.62624,0.0152298,0
1.626845,0.015403295,0
1.62745,0.015939304,0
1.628055,0.016268995,0
1.62866,0.01611708,0
1.629265,0.015705053,0
1.62987,0.015429761,0
1.630475,0.015404283,0
1.63108,0.015386173,0
1.631685,0.015106252,0
1.63229,0.014534131,0
1.632895,0.013802098,0
1.6335,0.013028509,0
1.634105,0.012313255,0
1.63471,0.011793252,0
1.635315,0.011594774,0
1.63592,0.011729702,0
1.636525,0.012022367,0
1.63713,0.012158193,0
1.637735,0.011903731,0
1.63834,0.011309655,0
1.638945,0.010649844,0
1.63955,0.010168766,0
1.640155,0.009906748,0
1.64076,0.009691678,0
1.641365,0.009249497,0
1.64197,0.00842923,0
1.642575,0.007394783,0
1.64318,0.006512468,0
1.643785,0.006025621,0
1.64439,0.005915144,0
1.644995,0.006012686,0
1.6456,0.006116472,0
1.646205,0.006043178,0
1.64681,0.005687917,0
1.647415,0.005079589,0
1.64802,0.00439608,0
1.648625,0.003873929,0
1.64923,0.003583878,0
1.649835,0.003297403,0
1.65044,0.002705084,0
1.651045,0.001801791,0
1.65165,0.00095295,0
1.652255,0.000533795,0
1.65286,0.000556185,0
1.653465,0.000661644,0
1.65407,0.000459977,0
1.654675,-0.000121997,0
1.65528,-0.000852968,0
1.655885,-0.001539814,0
1.65649,-0.002235363,0
1.657095,-0.003073478,0
1.6577,-0.004050213,0
1.658305,-0.005082019,0
1.65891,-0.006181023,0
1.659515,-0.007391432,0
1.66012,-0.008543889,0
1.660725,-0.009247216,0
1.66133,-0.009244426,0
1.661935,-0.008755573,0
1.66254,-0.008408184,0
1.663145,-0.008759009,0
1.66375,-0.009807808,0
1.664355,-0.010978031,0
1.66496,-0.011651531,0
1.665565,-0.011766039,0
1.66617,-0.011846576,0
1.666775,-0.012434083,0
1.66738,-0.013549795,0
1.667985,-0.014724757,0
1.66859,-0.015457423,0
1.669195,-0.015616573,0
1.6698,-0.015475033,0
1.670405,-0.015424533,0
1.67101,-0.015684714,0
1.671615,-0.01623263,0
1.67222,-0.016916279,0
1.672825,-0.017622503,0
1.67343,-0.018374036,0
1.674035,-0.019254508,0
1.67464,-0.020230107,0
1.675245,-0.021124999,0
1.67585,-0.021854309,0
1.676455,-0.022578722,0
1.67706,-0.023472401,0
1.677665,-0.024438171,0
1.67827,-0.02521552,0
1.678875,-0.025665518,0
1.67948,-0.025833983,0
1.680085,-0.025861348,0
1.68069,-0.025937868,0
1.681295,-0.026251665,0
1.6819,-0.026856019,0
1.682505,-0.027576716,0
1.68311,-0.028095781,0
1.683715,-0.02818553,0
1.68432,-0.027957324,0
1.684925,-0.027887473,0
1.68553,-0.02843711,0
1.686135,-0.029569661,0
1.68674,-0.03074163,0
1.687345,-0.031393637,0
1.68795,-0.031409198,0
1.688555,-0.031158491,0
1.68916,-0.031171038,0
1.689765,-0.031741359,0
1.69037,-0.032765467,0
1.690975,-0.033860394,0
1.69158,-0.034621878,0
1.692185,-0.034882896,0
1.69279,-0.034872623,0
1.693395,-0.035114555,0
1.694,-0.035984085,0
1.694605,-0.037295494,0
1.69521,-0.038448134,0
1.695815,-0.038993615,0
1.69642,-0.038972179,0
1.697025,-0.038753989,0
1.69763,-0.03867977,0
1.698235,-0.038888232,0
1.69884,-0.039385206,0
1.699445,-0.040068642,0
1.70005,-0.040626861,0
1.700655,-0.040659455,0
1.70126,-0.040157608,0
1.701865,-0.039756823,0
1.70247,-0.040163452,0
1.703075,-0.04131374,0
1.70368,-0.042434127,0
1.704285,-0.042929686,0
1.70489,-0.0428885,0
1.705495,-0.042756966,0
1.7061,-0.042854544,0
1.706705,-0.043257203,0
1.70731,-0.043913805,0
1.707915,-0.044676765,0
1.70852,-0.045242881,0
1.709125,-0.045271154,0
1.70973,-0.044747079,0
1.710335,-0.044203139,0
1.71094,-0.044342309,0
1.711545,-0.045321337,0
1.71215,-0.046570625,0
1.712755,-0.047373488,0
1.71336,-0.047435314,0
1.713965,-0.046932866,0
1.71457,-0.04628236,0
1.715175,-0.04591103,0
1.71578,-0.046069839,0
1.716385,-0.046646134,0
1.71699,-0.047047973,0
1.717595,-0.046473741,0
1.7182,-0.044703952,0
1.718805,-0.042720341,0
1.71941,-0.042081848,0
1.720015,-0.043321331,0
1.72062,-0.045284006,0
1.721225,-0.046363749,0
1.72183,-0.046039186,0
1.722435,-0.044988241,0
1.72304,-0.044153236,0
1.723645,-0.043998161,0
1.72425,-0.044400957,0
1.724855,-0.044917092,0
1.72546,-0.045078277,0
1.726065,-0.044582979,0
1.72667,-0.04344633,0
1.727275,-0.042158705,0
1.72788,-0.041550152,0
1.728485,-0.042110071,0
1.72909,-0.043404649,0
1.729695,-0.044432248,0
1.7303,-0.044509037,0
1.730905,-0.043676216,0
1.73151,-0.042486754,0
1.732115,-0.041600043,0
1.73272,-0.0414069,0
1.733325,-0.041792463,0
1.73393,-0.042162503,0
1.734535,-0.041775404,0
1.73514,-0.040286719,0
1.735745,-0.038212384,0
1.73635,-0.03678307,0
1.736955,-0.036935952,0
1.73756,-0.038330997,0
1.738165,-0.039675341,0
1.73877,-0.039987947,0
1.739375,-0.039233453,0
1.73998,-0.037968948,0
1.740585,-0.036867668,0
1.74119,-0.036474172,0
1.741795,-0.036913815,0
1.7424,-0.037634011,0
1.743005,-0.037659525,0
1.74361,-0.036380424,0
1.744215,-0.034204744,0
1.74482,-0.032433681,0
1.745425,-0.032254078,0
1.74603,-0.033588248,0
1.746635,-0.035078892,0
1.74724,-0.035369521,0
1.747845,-0.034217829,0
1.74845,-0.032360814,0
1.749055,-0.030665555,0
1.74966,-0.029587803,0
1.750265,-0.029162295,0
1.75087,-0.029101908,0
1.751475,-0.028852165,0
1.75208,-0.027853969,0
1.752685,-0.026039683,0
1.75329,-0.024121127,0
1.753895,-0.023128559,0
1.7545,-0.023391712,0
1.755105,-0.024140781,0
1.75571,-0.024324166,0
1.756315,-0.023587638,0
1.75692,-0.022311589,0
1.757525,-0.021021762,0
1.75813,-0.020037791,0
1.758735,-0.019512502,0
1.75934,-0.01942199,0
1.759945,-0.019411478,0
1.76055,-0.018920333,0
1.761155,-0.017695788,0
1.76176,-0.016178957,0
1.762365,-0.01522112,0
1.76297,-0.015239852,0
1.763575,-0.015718874,0
1.76418,-0.015731904,0
1.764785,-0.014887105,0
1.76539,-0.013594758,0
1.765995,-0.012486546,0
1.7666,-0.011772227,0
1.767205,-0.011240561,0
1.76781,-0.010687907,0
1.768415,-0.010072847,0
1.76902,-0.009328788,0
1.769625,-0.008323568,0
1.77023,-0.007104349,0
1.770835,-0.006042711,0
1.77144,-0.005555666,0
1.772045,-0.005666064,0
1.77265,-0.005926614,0
1.773255,-0.005763503,0
1.77386,-0.004915533,0
1.774465,-0.003650404,0
1.77507,-0.002543144,0
1.775675,-0.001993739,0
1.77628,-0.001954207,0
1.776885,-0.00203816,0
1.77749,-0.001845745,0
1.778095,-0.001259582,0
1.7787,-0.000497066,0
1.779305,9.97E-05,0
1.77991,0.000347713,0
1.780515,0.000348731,0
1.78112,0.000372449,0
1.781725,0.000667443,0
1.78233,0.00134365,0
1.782935,0.002307092,0
1.78354,0.003304502,0
1.784145,0.004081207,0
1.78475,0.004502302,0
1.785355,0.004643337,0
1.78596,0.004850022,0
1.786565,0.005522373,0
1.78717,0.006649,0
1.787775,0.007665757,0
1.78838,0.008006317,0
1.788985,0.007775959,0
1.78959,0.007677114,0
1.790195,0.008267081,0
1.7908,0.009440774,0
1.791405,0.010627628,0
1.79201,0.011385227,0
1.792615,0.01175269,0
1.79322,0.012033627,0
1.793825,0.012362256,0
1.79443,0.01262589,0
1.795035,0.012736513,0
1.79564,0.012787247,0
1.796245,0.012913915,0
1.79685,0.013136639,0
1.797455,0.013395334,0
1.79806,0.013649322,0
1.798665,0.013912996,0
1.79927,0.01426472,0
1.799875,0.014792869,0
1.80048,0.015465632,0
1.801085,0.016089476,0
1.80169,0.016436399,0
1.802295,0.016429787,0
1.8029,0.016249441,0
1.803505,0.016234562,0
1.80411,0.016584368,0
1.804715,0.01711745,0
1.80532,0.017411608,0
1.805925,0.017250067,0
1.80653,0.016864891,0
1.807135,0.016687616,0
1.80774,0.016933376,0
1.808345,0.017461621,0
1.80895,0.017965917,0
1.809555,0.01824814,0
1.81016,0.01831839,0
1.810765,0.018270309,0
1.81137,0.01812554,0
1.811975,0.017833875,0
1.81258,0.017392652,0
1.813185,0.016898832,0
1.81379,0.016448645,0
1.814395,0.016046596,0
1.815,0.015688666,0
1.815605,0.015490848,0
1.81621,0.015651951,0
1.816815,0.01627129,0
1.81742,0.017186018,0
1.818025,0.017988514,0
1.81863,0.018288066,0
1.819235,0.018031002,0
1.81984,0.017549815,0
1.820445,0.017254798,0
1.82105,0.017274358,0
1.821655,0.01739293,0
1.82226,0.017290494,0
1.822865,0.016844726,0
1.82347,0.01625102,0
1.824075,0.015817349,0
1.82468,0.015640016,0
1.825285,0.015582577,0
1.82589,0.015544915,0
1.826495,0.015581808,0
1.8271,0.015710673,0
1.827705,0.015730858,0
1.82831,0.015368921,0
1.828915,0.014628229,0
1.82952,0.013911754,0
1.830125,0.013662951,0
1.83073,0.013816665,0
1.831335,0.013761242,0
1.83194,0.013044472,0
1.832545,0.011993927,0
1.83315,0.011397762,0
1.833755,0.011647985,0
1.83436,0.012382815,0
1.834965,0.012908756,0
1.83557,0.01283909,0
1.836175,0.012343104,0
1.83678,0.011851554,0
1.837385,0.011560706,0
1.83799,0.011263213,0
1.838595,0.010653852,0
1.8392,0.009708314,0
1.839805,0.008720943,0
1.84041,0.00802753,0
1.841015,0.007711035,0
1.84162,0.007564986,0
1.842225,0.007376389,0
1.84283,0.007201363,0
1.843435,0.007226544,0
1.84404,0.007371934,0
1.844645,0.007217908,0
1.84525,0.006431522,0
1.845855,0.005197713,0
1.84646,0.004108281,0
1.847065,0.003568661,0
1.84767,0.00335669,0
1.848275,0.002865555,0
1.84888,0.001826425,0
1.849485,0.000675952,0
1.85009,7.42E-05,0
1.850695,0.000159554,0
1.8513,0.000462936,0
1.851905,0.000493054,0
1.85251,0.000212696,0
1.853115,-0.000102872,0
1.85372,-0.000341407,0
1.854325,-0.000709657,0
1.85493,-0.001377569,0
1.855535,-0.002153991,0
1.85614,-0.002722192,0
1.856745,-0.003128576,0
1.85735,-0.003767785,0
1.857955,-0.004821251,0
1.85856,-0.005928157,0
1.859165,-0.006528029,0
1.85977,-0.006449641,0
1.860375,-0.006121677,0
1.86098,-0.006194883,0
1.861585,-0.006918644,0
1.86219,-0.007929809,0
1.862795,-0.008712457,0
1.8634,-0.009190279,0
1.864005,-0.009769395,0
1.86461,-0.010832338,0
1.865215,-0.012273288,0
1.86582,-0.013563139,0
1.866425,-0.014286187,0
1.86703,-0.014573165,0
1.867635,-0.014879619,0
1.86824,-0.015355063,0
1.868845,-0.01567882,0
1.86945,-0.015603405,0
1.870055,-0.015412266,0
1.87066,-0.015662805,0
1.871265,-0.016563041,0
1.87187,-0.017703768,0
1.872475,-0.018429639,0
1.87308,-0.018507188,0
1.873685,-0.018405456,0
1.87429,-0.018809641,0
1.874895,-0.019858486,0
1.8755,-0.021026466,0
1.876105,-0.02177056,0
1.87671,-0.022055432,0
1.877315,-0.022184857,0
1.87792,-0.022384171,0
1.878525,-0.022703894,0
1.87913,-0.023193414,0
1.879735,-0.023978637,0
1.88034,-0.025084407,0
1.880945,-0.026236166,0
1.88155,-0.027011421,0
1.882155,-0.02730277,0
1.88276,-0.027530925,0
1.883365,-0.02823211,0
1.88397,-0.029460212,0
1.884575,-0.030708408,0
1.88518,-0.03138574,0
1.885785,-0.03133074,0
1.88639,-0.030923981,0
1.886995,-0.030725434,0
1.8876,-0.031015217,0
1.888205,-0.031692405,0
1.88881,-0.032461934,0
1.889415,-0.032980923,0
1.89002,-0.033002739,0
1.890625,-0.03264711,0
1.89123,-0.032458181,0
1.891835,-0.032929475,0
1.89244,-0.033995843,0
1.893045,-0.035178692,0
1.89365,-0.036086507,0
1.894255,-0.036568146,0
1.89486,-0.036609036,0
1.895465,-0.036386776,0
1.89607,-0.036329931,0
1.896675,-0.036839927,0
1.89728,-0.03785233,0
1.897885,-0.038773883,0
1.89849,-0.039003113,0
1.899095,-0.038580162,0
1.8997,-0.038265304,0
1.900305,-0.038832914,0
1.90091,-0.040249814,0
1.901515,-0.041702073,0
1.90212,-0.042449568,0
1.902725,-0.042455142,0
1.90333,-0.042194379,0
1.903935,-0.042118749,0
1.90454,-0.042401307,0
1.905145,-0.043031462,0
1.90575,-0.043901467,0
1.906355,-0.044685014,0
1.90696,-0.044831633,0
1.907565,-0.044059202,0
1.90817,-0.042961404,0
1.908775,-0.042737518,0
1.90938,-0.043966849,0
1.909985,-0.045915136,0
1.91059,-0.047352195,0
1.911195,-0.047757607,0
1.9118,-0.047512362,0
1.912405,-0.047265643,0
1.91301,-0.047381192,0
1.913615,-0.047812313,0
1.91422,-0.04825741,0
1.914825,-0.048401203,0
1.91543,-0.048108451,0
1.916035,-0.047493526,0
1.91664,-0.046902586,0
1.917245,-0.046775639,0
1.91785,-0.047299785,0
1.918455,-0.048183366,0
1.91906,-0.048921993,0
1.919665,-0.049177948,0
1.92027,-0.048821425,0
1.920875,-0.04790484,0
1.92148,-0.046815345,0
1.922085,-0.046222118,0
1.92269,-0.046507159,0
1.923295,-0.047168926,0
1.9239,-0.047055494,0
1.924505,-0.045482262,0
1.92511,-0.043150629,0
1.925715,-0.041715001,0
1.92632,-0.042184103,0
1.926925,-0.043869012,0
1.92753,-0.045166985,0
1.928135,-0.045168705,0
1.92874,-0.044195718,0
1.929345,-0.043073072,0
1.92995,-0.042341868,0
1.930555,-0.042114136,0
1.93116,-0.04225912,0
1.931765,-0.042454605,0
1.93237,-0.04220524,0
1.932975,-0.041154898,0
1.93358,-0.039551405,0
1.934185,-0.038301902,0
1.93479,-0.0382674,0
1.935395,-0.039343679,0
1.936,-0.040447875,0
1.936605,-0.040535554,0
1.93721,-0.039478035,0
1.937815,-0.037969068,0
1.93842,-0.036816147,0
1.939025,-0.036396762,0
1.93963,-0.036574018,0
1.940235,-0.036825257,0
1.94084,-0.036469968,0
1.941445,-0.03512098,0
1.94205,-0.033127954,0
1.942655,-0.031489231,0
1.94326,-0.0310897,0
1.943865,-0.031896551,0
1.94447,-0.033016659,0
1.945075,-0.033558555,0
1.94568,-0.03326604,0
1.946285,-0.032411565,0
1.94689,-0.031415149,0
1.947495,-0.030677902,0
1.9481,-0.03053125,0
1.948705,-0.03095508,0
1.94931,-0.031293893,0
1.949915,-0.030658505,0
1.95052,-0.028882813,0
1.951125,-0.02692415,0
1.95173,-0.02605854,0
1.952335,-0.026628006,0
1.95294,-0.027730283,0
1.953545,-0.028159129,0
1.95415,-0.027452724,0
1.954755,-0.026045731,0
1.95536,-0.024664113,0
1.955965,-0.023700141,0
1.95657,-0.023116561,0
1.957175,-0.022729574,0
1.95778,-0.022321832,0
1.958385,-0.021562697,0
1.95899,-0.020186265,0
1.959595,-0.018427896,0
1.9602,-0.017073473,0
1.960805,-0.016776875,0
1.96141,-0.017356616,0
1.962015,-0.017926567,0
1.96262,-0.017657129,0
1.963225,-0.016397397,0
1.96383,-0.014709716,0
1.964435,-0.013340234,0
1.96504,-0.012641361,0
1.965645,-0.012450956,0
1.96625,-0.012318262,0
1.966855,-0.011788516,0
1.96746,-0.010705747,0
1.968065,-0.009393765,0
1.96867,-0.008435208,0
1.969275,-0.008140522,0
1.96988,-0.008268722,0
1.970485,-0.008304205,0
1.97109,-0.007890849,0
1.971695,-0.006998657,0
1.9723,-0.005856574,0
1.972905,-0.004772136,0
1.97351,-0.003947959,0
1.974115,-0.0034291,0
1.97472,-0.003098368,0
1.975325,-0.002661572,0
1.97593,-0.001832715,0
1.976535,-0.000692821,0
1.97714,0.000263179,0
1.977745,0.000629838,0
1.97835,0.000573569,0
1.978955,0.000617301,0
1.97956,0.001034667,0
1.980165,0.001679845,0
1.98077,0.002313093,0
1.981375,0.002848675,0
1.98198,0.00328588,0
1.982585,0.003564899,0
1.98319,0.003612797,0
1.983795,0.003522467,0
1.9844,0.003556278,0
1.985005,0.003865411,0
1.98561,0.004260476,0
1.986215,0.004428035,0
1.98682,0.004389226,0
1.987425,0.004525316,0
1.98803,0.005085845,0
1.988635,0.005893962,0
1.98924,0.006620492,0
1.989845,0.007188719,0
1.99045,0.00780276,0
1.991055,0.008604105,0
1.99166,0.00941354,0
1.992265,0.009924897,0
1.99287,0.010095843,0
1.993475,0.010192869,0
1.99408,0.010454538,0
1.994685,0.010861147,0
1.99529,0.011272593,0
1.995895,0.011651135,0
1.9965,0.012090854,0
1.997105,0.01272056,0
1.99771,0.013566756,0
1.998315,0.014440312,0
1.99892,0.015042643,0
1.999525,0.01526115,0
2.00013,0.015284192,0
2.000735,0.015386305,0
2.00134,0.015667231,0
2.001945,0.016012709,0
2.00255,0.016221784,0
2.003155,0.016145755,0
2.00376,0.015814791,0
2.004365,0.015484095,0
2.00497,0.015470292,0
2.005575,0.015904769,0
2.00618,0.01666368,0
2.006785,0.017481553,0
2.00739,0.018098443,0
2.007995,0.018373108,0
2.0086,0.018348667,0
2.009205,0.018235516,0
2.00981,0.018275654,0
2.010415,0.018543113,0
2.01102,0.018844621,0
2.011625,0.018864336,0
2.01223,0.018498979,0
2.012835,0.018047197,0
2.01344,0.017956332,0
2.014045,0.018368332,0
2.01465,0.019003293,0
2.015255,0.019473878,0
2.01586,0.019620883,0
2.016465,0.019539306,0
2.01707,0.019369019,0
2.017675,0.019134783,0
2.01828,0.01877954,0
2.018885,0.018293171,0
2.01949,0.01775554,0
2.020095,0.017235154,0
2.0207,0.016704911,0
2.021305,0.016135378,0
2.02191,0.015637656,0
2.022515,0.015429809,0
2.02312,0.015638483,0
2.023725,0.016127206,0
2.02433,0.016529014,0
2.024935,0.016519614,0
2.02554,0.016114536,0
2.026145,0.015660083,0
2.02675,0.015472778,0
2.027355,0.015516118,0
2.02796,0.01549299,0
2.028565,0.015200435,0
2.02917,0.014690622,0
2.029775,0.014125823,0
2.03038,0.013608652,0
2.030985,0.013196389,0
2.03159,0.01300305,0
2.032195,0.013159813,0
2.0328,0.013605408,0
2.033405,0.013982993,0
2.03401,0.013873299,0
2.034615,0.013182675,0
2.03522,0.01225499,0
2.035825,0.011545873,0
2.03643,0.011188105,0
2.037035,0.010891218,0
2.03764,0.010268365,0
2.038245,0.00927623,0
2.03885,0.008310415,0
2.039455,0.007823108,0
2.04006,0.007896901,0
2.040665,0.008240807,0
2.04127,0.008505386,0
2.041875,0.008514119,0
2.04248,0.008262585,0
2.043085,0.007819086,0
2.04369,0.007266204,0
2.044295,0.006696431,0
2.0449,0.006194536,0
2.045505,0.005758423,0
2.04611,0.005246734,0
2.046715,0.004509509,0
2.04732,0.003606303,0
2.047925,0.002811026,0
2.04853,0.002381244,0
2.049135,0.002353095,0
2.04974,0.00250425,0
2.050345,0.002488919,0
2.05095,0.002089113,0
2.051555,0.001369645,0
2.05216,0.000565202,0
2.052765,-0.000159302,0
2.05337,-0.000822885,0
2.053975,-0.001571146,0
2.05458,-0.002547338,0
2.055185,-0.003759612,0
2.05579,-0.005027924,0
2.056395,-0.006092732,0
2.057,-0.00676672,0
2.057605,-0.006975407,0
2.05821,-0.006790175,0
2.058815,-0.006502543,0
2.05942,-0.006511753,0
2.060025,-0.007003685,0
2.06063,-0.007774266,0
2.061235,-0.008415168,0
2.06184,-0.00868695,0
2.062445,-0.008753626,0
2.06305,-0.009056455,0
2.063655,-0.009870424,0
2.06426,-0.010968523,0
2.064865,-0.011847261,0
2.06547,-0.01227157,0
2.066075,-0.012419629,0
2.06668,-0.012538379,4.940656E-324
2.067285,-0.012693641,4.940656E-324
2.06789,-0.012884692,9.881313E-324
2.068495,-0.013245643,1.482197E-323
2.0691,-0.014001269,2.470328E-323
2.069705,-0.015156786,3.952525E-323
2.07031,-0.016326035,5.928788E-323
2.070915,-0.01708488,9.387247E-323
2.07152,-0.017512763,1.531604E-322
2.072125,-0.018130073,2.420922E-322
2.07273,-0.019181197,3.903119E-322
2.073335,-0.02022495,6.175821E-322
2.07394,-0.02063272,9.881313E-322
2.074545,-0.020333602,1.571129E-321
2.07515,-0.019913604,2.504913E-321
2.075755,-0.020060179,3.992050E-321
2.07636,-0.020950753,6.358625E-321
2.076965,-0.022126717,1.012835E-320
2.07757,-0.022962739,1.612630E-320
2.078175,-0.023242592,2.567659E-320
2.07878,-0.02321822,4.087405E-320
2.079385,-0.02320163,6.505856E-320
2.07999,-0.023322767,1.035315E-319
2.080595,-0.023675419,1.647462E-319
2.0812,-0.024395387,2.621068E-319
2.081805,-0.025458101,4.169469E-319
2.08241,-0.026575586,6.631596E-319
2.083015,-0.027395215,1.054608E-318
2.08362,-0.027763085,1.676884E-318
2.084225,-0.027850749,2.665934E-318
2.08483,-0.028074454,4.237715E-318
2.085435,-0.028797204,6.735207E-318
2.08604,-0.030021953,1.070302E-317
2.086645,-0.031367603,1.700583E-317
2.08725,-0.032358742,2.701628E-317
2.087855,-0.032794134,4.291306E-317
2.08846,-0.032931785,6.815372E-317
2.089065,-0.03332354,1.082246E-316
2.08967,-0.034328077,1.718297E-316
2.090275,-0.035725735,2.727765E-316
2.09088,-0.036927475,4.329640E-316
2.091485,-0.037546901,6.871204E-316
2.09209,-0.037632291,1.090310E-315
2.092695,-0.037460551,1.729830E-315
2.0933,-0.037323574,2.744057E-315
2.093905,-0.037449695,4.352301E-315
2.09451,-0.037936793,6.902095E-315
2.095115,-0.0386676,1.094408E-314
2.09572,-0.039274546,1.735056E-314
2.096325,-0.039300313,2.750325E-314
2.09693,-0.03864322,4.359040E-314
2.097535,-0.037911095,6.907705E-314
2.09814,-0.038010129,1.094493E-313
2.098745,-0.039154211,1.733917E-313
2.09935,-0.040566235,2.746501E-313
2.099955,-0.041362004,4.349782E-313
2.10056,-0.041413885,6.887973E-313
2.101165,-0.041195802,1.090565E-312
2.10177,-0.041139698,1.726426E-312
2.102375,-0.041376499,2.732627E-312
2.10298,-0.041888555,4.324631E-312
2.103585,-0.042603473,6.843116E-312
2.10419,-0.043299554,1.082667E-311
2.104795,-0.043651395,1.712664E-311
2.1054,-0.043563281,2.708855E-311
2.106005,-0.043402648,4.283861E-311
2.10661,-0.043708662,6.773625E-311
2.107215,-0.044612018,1.070886E-310
2.10782,-0.045702479,1.692784E-310
2.108425,-0.046489506,2.675444E-310
2.10903,-0.046760668,4.227917E-310
2.109635,-0.046513701,6.680258E-310
2.11024,-0.045888495,0
2.110845,-0.04526321,0
2.11145,-0.045155531,0
2.112055,-0.045789774,0
2.11266,-0.046733211,0
2.113265,-0.04710518,0
2.11387,-0.046349304,0
2.114475,-0.044919999,2.58E-308
2.11508,-0.044074835,4.07E-308
2.115685,-0.044694127,6.43E-308
2.11629,-0.046322201,1.01E-307
2.116895,-0.047648358,1.60E-307
2.1175,-0.047844028,2.52E-307
2.118105,-0.047155048,3.98E-307
2.11871,-0.046355274,6.27E-307
2.119315,-0.045991548,9.88E-307
2.11992,-0.046157516,1.56E-306
2.120525,-0.046649853,2.45E-306
2.12113,-0.047088591,3.87E-306
2.121735,-0.047022269,6.09E-306
2.12234,-0.046230737,9.60E-306
2.122945,-0.045065743,1.51E-305
2.12355,-0.044372914,2.38E-305
2.124155,-0.044796711,3.75E-305
2.12476,-0.046070152,5.90E-305
2.125365,-0.047203063,9.28E-305
2.12597,-0.047419337,1.46E-304
2.126575,-0.046738916,2.30E-304
2.12718,-0.045711051,3.62E-304
2.127785,-0.044835791,5.69E-304
2.12839,-0.044318962,8.95E-304
2.128995,-0.044168933,1.41E-303
2.1296,-0.044205819,2.21E-303
2.130205,-0.043960208,3.48E-303
2.13081,-0.042917276,5.47E-303
2.131415,-0.041132454,8.60E-303
2.13202,-0.039500635,1.35E-302
2.132625,-0.039077231,2.12E-302
2.13323,-0.040001543,3.33E-302
2.133835,-0.041309473,5.24E-302
2.13444,-0.041869829,8.23E-302
2.135045,-0.04130244,1.29E-301
2.13565,-0.040043294,2.03E-301
2.136255,-0.038814509,3.18E-301
2.13686,-0.038117866,5.00E-301
2.137465,-0.038043933,7.84E-301
2.13807,-0.038274746,1.23E-300
2.138675,-0.03819259,1.93E-300
2.13928,-0.03725398,3.03E-300
2.139885,-0.035529879,4.75E-300
2.14049,-0.033862208,7.45E-300
2.141095,-0.033243378,1.17E-299
2.1417,-0.03387777,1.83E-299
2.142305,-0.03497455,2.87E-299
2.14291,-0.035519806,4.50E-299
2.143515,-0.035077533,7.05E-299
2.14412,-0.033896654,1.10E-298
2.144725,-0.032545402,1.73E-298
2.14533,-0.031535847,2.71E-298
2.145935,-0.031118955,4.25E-298
2.14654,-0.031145016,6.65E-298
2.147145,-0.030993866,1.04E-297
2.14775,-0.02992484,1.63E-297
2.148355,-0.027842983,2.55E-297
2.14896,-0.025671768,3.99E-297
2.149565,-0.024653287,6.25E-297
2.15017,-0.025160835,9.77E-297
2.150775,-0.026380744,1.53E-296
2.15138,-0.027146232,2.39E-296
2.151985,-0.02681797,3.74E-296
2.15259,-0.025508278,5.85E-296
2.153195,-0.023894178,9.14E-296
2.1538,-0.022802152,1.43E-295
2.154405,-0.022667736,2.23E-295
2.15501,-0.023233875,3.49E-295
2.155615,-0.023702358,5.45E-295
2.15622,-0.023244802,8.52E-295
2.156825,-0.021642115,1.33E-294
2.15743,-0.019638917,2.08E-294
2.158035,-0.018516495,3.25E-294
2.15864,-0.018963314,5.07E-294
2.159245,-0.020339708,7.91E-294
2.15985,-0.02127024,1.24E-293
2.160455,-0.020898197,1.93E-293
2.16106,-0.019454758,3.01E-293
2.161665,-0.017812203,4.69E-293
2.16227,-0.016667769,7.32E-293
2.162875,-0.016117024,1.14E-292
2.16348,-0.015854838,1.78E-292
2.164085,-0.015540631,2.78E-292
2.16469,-0.014887549,4.33E-292
2.165295,-0.013700553,6.75E-292
2.1659,-0.012159088,1.05E-291
2.166505,-0.010926869,1.64E-291
2.16711,-0.010573356,2.55E-291
2.167715,-0.010888577,3.98E-291
2.16832,-0.011098537,6.20E-291
2.168925,-0.010686137,9.65E-291
2.16953,-0.009727655,1.50E-290
2.170135,-0.008588356,2.34E-290
2.17074,-0.007567762,3.64E-290
2.171345,-0.006780104,5.67E-290
2.17195,-0.006211342,8.83E-290
2.172555,-0.005803624,1.37E-289
2.17316,-0.005424603,2.14E-289
2.173765,-0.004819105,3.32E-289
2.17437,-0.003818221,5.17E-289
2.174975,-0.002681893,8.04E-289
2.17558,-0.001968593,1.25E-288
2.176185,-0.001882998,1.94E-288
2.17679,-0.001985841,3.02E-288
2.177395,-0.001669937,4.70E-288
2.178,-0.000702975,7.30E-288
2.178605,0.000688428,1.13E-287
2.17921,0.002021488,1.76E-287
2.179815,0.002862078,2.74E-287
2.18042,0.003120706,4.25E-287
2.181025,0.003108212,6.60E-287
2.18163,0.003285066,1.02E-286
2.182235,0.003938977,1.59E-286
2.18284,0.005015366,2.47E-286
2.183445,0.006128209,3.83E-286
2.18405,0.006789815,5.95E-286
2.184655,0.006829206,9.22E-286
2.18526,0.006572138,1.43E-285
2.185865,0.006503958,2.22E-285
2.18647,0.006868639,3.44E-285
2.187075,0.007625562,5.34E-285
2.18768,0.008557036,8.28E-285
2.188285,0.009330159,1.28E-284
2.18889,0.00965186,1.99E-284
2.189495,0.009512955,3.08E-284
2.1901,0.009231982,4.77E-284
2.190705,0.009182192,7.40E-284
2.19131,0.009481195,1.15E-283
2.191915,0.009917558,1.77E-283
2.19252,0.010135149,2.75E-283
2.193125,0.009980452,4.25E-283
2.19373,0.009709093,6.59E-283
2.194335,0.009731893,1.02E-282
2.19494,0.010175036,1.58E-282
2.195545,0.010825084,2.44E-282
2.19615,0.011462604,3.78E-282
2.196755,0.012090545,5.84E-282
2.19736,0.01279025,9.04E-282
2.197965,0.013483896,1.40E-281
2.19857,0.013996029,2.16E-281
2.199175,0.014319591,3.34E-281
2.19978,0.014666864,5.17E-281
2.200385,0.015195067,7.98E-281
2.20099,0.015762733,1.23E-280
2.201595,0.016079785,1.91E-280
2.2022,0.016071373,2.95E-280
2.202805,0.015957744,4.55E-280
2.20341,0.016019237,7.03E-280
2.204015,0.016408469,1.09E-279
2.20462,0.017103318,1.68E-279
2.205225,0.017886341,2.59E-279
2.20583,0.018397813,3.99E-279
2.206435,0.018369253,6.16E-279
2.20704,0.017902003,9.51E-279
2.207645,0.017444083,1.47E-278
2.20825,0.017390436,2.26E-278
2.208855,0.017703635,3.49E-278
2.20946,0.017944449,5.38E-278
2.210065,0.017703624,8.30E-278
2.21067,0.017053137,1.28E-277
2.211275,0.016540681,1.97E-277
2.21188,0.016684802,3.04E-277
2.212485,0.017494553,4.68E-277
2.21309,0.018499323,7.22E-277
2.213695,0.019208526,1.11E-276
2.2143,0.019491717,1.71E-276
2.214905,0.019534126,2.64E-276
2.21551,0.019548792,4.06E-276
2.216115,0.019609269,6.26E-276
2.21672,0.019687693,9.63E-276
2.217325,0.019741749,1.48E-275
2.21793,0.01972849,2.28E-275
2.218535,0.019598855,3.51E-275
2.21914,0.019361421,5.40E-275
2.219745,0.019138167,8.31E-275
2.22035,0.019102375,1.28E-274
2.220955,0.019340589,1.97E-274
2.22156,0.019753741,3.02E-274
2.222165,0.020094404,4.65E-274
2.22277,0.020134216,7.14E-274
2.223375,0.01980394,1.10E-273
2.22398,0.019199364,1.69E-273
2.224585,0.018506738,2.59E-273
2.22519,0.017885771,3.98E-273
2.225795,0.017329715,6.12E-273
2.2264,0.016654134,9.40E-273
2.227005,0.015720411,1.44E-272
2.22761,0.01465747,2.22E-272
2.228215,0.013759164,3.40E-272
2.22882,0.013193112,5.22E-272
2.229425,0.012921689,8.01E-272
2.23003,0.012849333,1.23E-271
2.230635,0.012907231,1.89E-271
2.23124,0.012991438,2.89E-271
2.231845,0.012904735,4.44E-271
2.23245,0.012460451,6.81E-271
2.233055,0.011713233,1.04E-270
2.23366,0.011006645,1.60E-270
2.234265,0.010642464,2.45E-270
2.23487,0.010512718,3.76E-270
2.235475,0.010195605,5.76E-270
2.23608,0.009442934,8.83E-270
2.236685,0.008466134,1.35E-269
2.23729,0.007721936,2.07E-269
2.237895,0.007518031,3.17E-269
2.2385,0.0078173,4.86E-269
2.239105,0.0082992,7.44E-269
2.23971,0.008593828,1.14E-268
2.240315,0.008521606,1.74E-268
2.24092,0.008126526,2.67E-268
2.241525,0.007537835,4.08E-268
2.24213,0.006892222,6.25E-268
2.242735,0.006328298,9.56E-268
2.24334,0.005895177,1.46E-267
2.243945,0.005468037,2.24E-267
2.24455,0.0048939,3.42E-267
2.245155,0.004221,5.23E-267
2.24576,0.003671954,7.99E-267
2.246365,0.003431368,1.22E-266
2.24697,0.003542697,1.87E-266
2.247575,0.003898377,2.85E-266
2.24818,0.00423092,4.36E-266
2.248785,0.004229789,6.65E-266
2.24939,0.003775081,1.02E-265
2.249995,0.003027548,1.55E-265
2.2506,0.002266963,2.37E-265
2.251205,0.001660161,3.62E-265
2.25181,0.001161414,5.52E-265
2.252415,0.000602716,8.43E-265
2.25302,-9.93E-05,1.29E-264
2.253625,-0.000827297,1.96E-264
2.25423,-0.001392187,2.99E-264
2.254835,-0.001727826,4.57E-264
2.25544,-0.001905693,6.96E-264
2.256045,-0.002053327,1.06E-263
2.25665,-0.002314848,1.62E-263
2.257255,-0.002795955,2.47E-263
2.25786,-0.003500606,3.76E-263
2.258465,-0.004353893,5.73E-263
2.25907,-0.005271485,8.73E-263
2.259675,-0.006197862,1.33E-262
2.26028,-0.007121334,2.03E-262
2.260885,-0.008052598,3.09E-262
2.26149,-0.008951089,4.70E-262
2.262095,-0.009702325,7.16E-262
2.2627,-0.010226316,1.09E-261
2.263305,-0.010586121,1.66E-261
2.26391,-0.010931264,2.52E-261
2.264515,-0.011340964,3.84E-261
2.26512,-0.011769375,5.84E-261
2.265725,-0.012151237,8.89E-261
2.26633,-0.012518981,1.35E-260
2.266935,-0.012979019,2.06E-260
2.26754,-0.013591334,3.13E-260
2.268145,-0.014320202,4.75E-260
2.26875,-0.015099549,7.23E-260
2.269355,-0.015889191,1.10E-259
2.26996,-0.016640413,1.67E-259
2.270565,-0.01725497,2.54E-259
2.27117,-0.017651804,3.85E-259
2.271775,-0.017874113,5.85E-259
2.27238,-0.018058032,8.89E-259
2.272985,-0.018288665,1.35E-258
2.27359,-0.018558365,2.05E-258
2.274195,-0.018873138,3.11E-258
2.2748,-0.01932977,4.72E-258
2.275405,-0.020038522,7.17E-258
2.27601,-0.020976413,1.09E-257
2.276615,-0.02196974,1.65E-257
2.27722,-0.022868913,2.50E-257
2.277825,-0.023724782,3.80E-257
2.27843,-0.024721483,5.76E-257
2.279035,-0.025885791,8.74E-257
2.27964,-0.026930794,1.32E-256
2.280245,-0.027496131,2.01E-256
2.28085,-0.027512109,3.04E-256
2.281455,-0.027250889,4.61E-256
2.28206,-0.02707575,6.99E-256
2.282665,-0.02719861,1.06E-255
2.28327,-0.027616703,1.60E-255
2.283875,-0.028205498,2.43E-255
2.28448,-0.028847085,3.68E-255
2.285085,-0.029466766,5.57E-255
2.28569,-0.029995826,8.43E-255
2.286295,-0.030415295,1.28E-254
2.2869,-0.030867376,1.93E-254
2.287505,-0.031561925,2.92E-254
2.28811,-0.032469231,4.42E-254
2.288715,-0.033257464,6.69E-254
2.28932,-0.033640961,1.01E-253
2.289925,-0.033671246,1.53E-253
2.29053,-0.033632157,2.31E-253
2.291135,-0.033771907,3.50E-253
2.29174,-0.034206206,5.29E-253
2.292345,-0.034973445,7.99E-253
2.29295,-0.035997898,1.21E-252
2.293555,-0.036955885,1.83E-252
2.29416,-0.037376399,2.76E-252
2.294765,-0.037116194,4.17E-252
2.29537,-0.036734562,6.29E-252
2.295975,-0.037118341,9.50E-252
2.29658,-0.038564443,1.43E-251
2.297185,-0.040430978,2.17E-251
2.29779,-0.041819598,3.27E-251
2.298395,-0.042376847,4.93E-251
2.299,-0.042358852,7.45E-251
2.299605,-0.042197495,1.12E-250
2.30021,-0.042178341,1.69E-250
2.300815,-0.042414369,2.56E-250
2.30142,-0.042902651,3.86E-250
2.302025,-0.043469631,5.81E-250
2.30263,-0.043740096,8.76E-250
2.303235,-0.043405537,1.32E-249
2.30384,-0.04268352,1.99E-249
2.304445,-0.042351445,3.00E-249
2.30505,-0.043036506,4.52E-249
2.305655,-0.044510174,6.81E-249
2.30626,-0.045891369,1.03E-248
2.306865,-0.046459915,1.55E-248
2.30747,-0.046158863,2.33E-248
2.308075,-0.045499686,3.50E-248
2.30868,-0.045139435,5.28E-248
2.309285,-0.045437785,7.94E-248
2.30989,-0.046241751,1.20E-247
2.310495,-0.047003154,1.80E-247
2.3111,-0.047147844,2.71E-247
2.311705,-0.046504953,4.07E-247
2.31231,-0.045537542,6.12E-247
2.312915,-0.045093554,9.21E-247
2.31352,-0.045678685,1.39E-246
2.314125,-0.04692838,2.08E-246
2.31473,-0.047979917,3.13E-246
2.315335,-0.048289553,4.70E-246
2.31594,-0.04789814,7.07E-246
2.316545,-0.047108054,1.06E-245
2.31715,-0.04622352,1.60E-245
2.317755,-0.045574664,2.40E-245
2.31836,-0.045504644,3.60E-245
2.318965,-0.046061833,5.41E-245
2.31957,-0.046683534,8.12E-245
2.320175,-0.046454777,1.22E-244
2.32078,-0.044993317,1.83E-244
2.321385,-0.043079869,2.75E-244
2.32199,-0.042058514,4.12E-244
2.322595,-0.042493757,6.18E-244
2.3232,-0.043755595,9.28E-244
2.323805,-0.044901598,1.39E-243
2.32441,-0.04545688,2.09E-243
2.325015,-0.045349506,3.13E-243
2.32562,-0.044693583,4.69E-243
2.326225,-0.043869945,7.03E-243
2.32683,-0.043438553,1.05E-242
2.327435,-0.043608249,1.58E-242
2.32804,-0.043872148,2.37E-242
2.328645,-0.043440994,3.55E-242
2.32925,-0.042145881,5.31E-242
2.329855,-0.04082392,7.96E-242
2.33046,-0.040597839,1.19E-241
2.331065,-0.041690502,1.78E-241
2.33167,-0.043171327,2.67E-241
2.332275,-0.043927216,4.00E-241
2.33288,-0.043601404,5.98E-241
2.333485,-0.042598573,8.95E-241
2.33409,-0.041558718,1.34E-240
2.334695,-0.040949597,2.00E-240
2.3353,-0.040893884,3.00E-240
2.335905,-0.041087494,4.48E-240
2.33651,-0.040878563,6.70E-240
2.337115,-0.039700886,1.00E-239
2.33772,-0.037662322,1.50E-239
2.338325,-0.03568797,2.24E-239
2.33893,-0.034853709,3.35E-239
2.339535,-0.035399003,5.00E-239
2.34014,-0.03650093,7.47E-239
2.340745,-0.037091776,1.12E-238
2.34135,-0.036716471,1.67E-238
2.341955,-0.035626363,2.49E-238
2.34256,-0.03437285,3.72E-238
2.343165,-0.033435434,5.55E-238
2.34377,-0.033062929,8.28E-238
2.344375,-0.03319912,1.24E-237
2.34498,-0.033393926,1.85E-237
2.345585,-0.032943707,2.75E-237
2.34619,-0.031468741,4.11E-237
2.346795,-0.029493496,6.13E-237
2.3474,-0.028211876,9.14E-237
2.348005,-0.028356208,1.36E-236
2.34861,-0.029374643,2.03E-236
2.349215,-0.029966379,3.03E-236
2.34982,-0.029313036,4.51E-236
2.350425,-0.027655932,6.73E-236
2.35103,-0.025891524,1.00E-235
2.351635,-0.024787495,1.49E-235
2.35224,-0.024506239,2.22E-235
2.352845,-0.024666172,3.31E-235
2.35345,-0.024659011,4.93E-235
2.354055,-0.023969592,7.35E-235
2.35466,-0.022494719,1.09E-234
2.355265,-0.020725642,1.63E-234
2.35587,-0.019475794,2.42E-234
2.356475,-0.019190235,3.61E-234
2.35708,-0.019530085,5.36E-234
2.357685,-0.019758008,7.98E-234
2.35829,-0.019415336,1.19E-233
2.358895,-0.01854979,1.77E-233
2.3595,-0.017532733,2.63E-233
2.360105,-0.016813966,3.90E-233
2.36071,-0.016702266,5.80E-233
2.361315,-0.017156022,8.62E-233
2.36192,-0.017669726,1.28E-232
2.362525,-0.01749645,1.90E-232
2.36313,-0.016249287,2.83E-232
2.363735,-0.014357187,4.20E-232
2.36434,-0.012794211,6.24E-232
2.364945,-0.012243902,9.27E-232
2.36555,-0.012546256,1.38E-231
2.366155,-0.012981552,2.04E-231
2.36676,-0.012942583,3.03E-231
2.367365,-0.01226761,4.50E-231
2.36797,-0.011160801,6.68E-231
2.368575,-0.009970553,9.91E-231
2.36918,-0.008999552,1.47E-230
2.369785,-0.008436281,2.18E-230
2.37039,-0.008278325,3.24E-230
2.370995,-0.008169966,4.80E-230
2.3716,-0.007528246,7.11E-230
2.372205,-0.006148826,1.05E-229
2.37281,-0.004621154,1.56E-229
2.373415,-0.003821542,2.32E-229
2.37402,-0.003958485,3.43E-229
2.374625,-0.004369307,5.08E-229
2.37523,-0.004242233,7.53E-229
2.375835,-0.003305638,1.12E-228
2.37644,-0.001895015,1.65E-228
2.377045,-0.000589679,2.45E-228
2.37765,0.000208448,3.62E-228
2.378255,0.000450819,5.36E-228
2.37886,0.000346401,7.93E-228
2.379465,0.000245924,1.17E-227
2.38007,0.000546068,1.74E-227
2.380675,0.001420226,2.57E-227
2.38128,0.002524141,3.80E-227
2.381885,0.003187433,5.62E-227
2.38249,0.00309767,8.31E-227
2.383095,0.00266898,1.23E-226
2.3837,0.002629057,1.82E-226
2.384305,0.00337246,2.69E-226
2.38491,0.004700441,3.97E-226
2.385515,0.006046392,5.87E-226
2.38612,0.006985943,8.67E-226
2.386725,0.007542796,1.28E-225
2.38733,0.007963255,1.89E-225
2.387935,0.008366592,2.79E-225
2.38854,0.008765749,4.12E-225
2.389145,0.009248935,6.09E-225
2.38975,0.009899371,8.98E-225
2.390355,0.010606418,1.33E-224
2.39096,0.011164608,1.96E-224
2.391565,0.011513885,2.89E-224
2.39217,0.011768338,4.26E-224
2.392775,0.012137863,6.28E-224
2.39338,0.012842784,9.27E-224
2.393985,0.013867219,1.37E-223
2.39459,0.014790602,2.01E-223
2.395195,0.015112853,2.97E-223
2.3958,0.014806809,4.38E-223
2.396405,0.01441203,6.45E-223
2.39701,0.014506503,9.51E-223
2.397615,0.015116298,1.40E-222
2.39822,0.015685357,2.06E-222
2.398825,0.015648456,3.04E-222
2.39943,0.015054373,4.48E-222
2.400035,0.01456424,6.59E-222
2.40064,0.014753486,9.70E-222
2.401245,0.015508176,1.43E-221
2.40185,0.016220683,2.10E-221
2.402455,0.016477336,3.09E-221
2.40306,0.016431202,4.55E-221
2.403665,0.016536923,6.69E-221
2.40427,0.017019086,9.85E-221
2.404875,0.017651195,1.45E-220
2.40548,0.017995222,2.13E-220
2.406085,0.017781644,3.13E-220
2.40669,0.017119183,4.60E-220
2.407295,0.016425988,6.77E-220
2.4079,0.016129834,9.94E-220
2.408505,0.016355019,1.46E-219
2.40911,0.016865117,2.15E-219
2.409715,0.017341095,3.15E-219
2.41032,0.017707056,4.63E-219
2.410925,0.018093711,6.80E-219
2.41153,0.018515698,9.99E-219
2.412135,0.018765679,1.47E-218
2.41274,0.01868534,2.15E-218
2.413345,0.018412164,3.16E-218
2.41395,0.018222127,4.64E-218
2.414555,0.018156887,6.80E-218
2.41516,0.017966462,9.98E-218
2.415765,0.017457825,1.46E-217
2.41637,0.016782024,2.15E-217
2.416975,0.016313866,3.15E-217
2.41758,0.01626366,4.62E-217
2.418185,0.016463828,6.77E-217
2.41879,0.016620652,9.92E-217
2.419395,0.016727196,1.45E-216
2.42,0.017036924,2.13E-216
2.420605,0.017577663,3.12E-216
2.42121,0.017931804,4.57E-216
2.421815,0.017733782,6.69E-216
2.42242,0.017235661,9.80E-216
2.423025,0.017065751,1.44E-215
2.42363,0.017441893,2.10E-215
2.424235,0.017857944,3.08E-215
2.42484,0.017634375,4.50E-215
2.425445,0.016714382,6.59E-215
2.42605,0.015798872,9.64E-215
2.426655,0.01561194,1.41E-214
2.42726,0.016122124,2.06E-214
2.427865,0.01663324,3.02E-214
2.42847,0.016585295,4.41E-214
2.429075,0.016080891,6.45E-214
2.42968,0.015597329,9.43E-214
2.430285,0.015340182,1.38E-213
2.43089,0.015005139,2.01E-213
2.431495,0.014176977,2.94E-213
2.4321,0.012888528,4.30E-213
2.432705,0.011641441,6.28E-213
2.43331,0.010808982,9.18E-213
2.433915,0.010211476,1.34E-212
2.43452,0.00945779,1.96E-212
2.435125,0.008545122,2.86E-212
2.43573,0.007905481,4.17E-212
2.436335,0.007903235,6.09E-212
2.43694,0.008403488,8.88E-212
2.437545,0.00884237,1.30E-211
2.43815,0.008717208,1.89E-211
2.438755,0.008038805,2.76E-211
2.43936,0.007286414,4.02E-211
2.439965,0.006895124,5.87E-211
2.44057,0.006849493,8.55E-211
2.441175,0.006787832,1.25E-210
2.44178,0.006374898,1.82E-210
2.442385,0.005545354,2.65E-210
2.44299,0.004512196,3.86E-210
2.443595,0.003605317,5.62E-210
2.4442,0.003090862,8.19E-210
2.444805,0.003092315,1.19E-209
2.44541,0.003544323,1.74E-209
2.446015,0.0041431,2.53E-209
2.44662,0.004447967,3.68E-209
2.447225,0.004168699,5.36E-209
2.44783,0.003389199,7.80E-209
2.448435,0.002499182,1.14E-208
2.44904,0.001885278,1.65E-208
2.449645,0.001612133,2.40E-208
2.45025,0.001352527,3.50E-208
2.450855,0.000720865,5.09E-208
2.45146,-0.000260224,7.39E-208
2.452065,-0.001147026,1.08E-207
2.45267,-0.001560983,1.56E-207
2.453275,-0.001515086,2.27E-207
2.45388,-0.001263469,3.30E-207
2.454485,-0.001056212,4.80E-207
2.45509,-0.001063408,6.97E-207
2.455695,-0.00135172,1.01E-206
2.4563,-0.001866257,1.47E-206
2.456905,-0.002468328,2.14E-206
2.45751,-0.002996241,3.10E-206
2.458115,-0.003353281,4.50E-206
2.45872,-0.003639205,6.54E-206
2.459325,-0.00413711,9.49E-206
2.45993,-0.005026536,1.38E-205
2.460535,-0.006151554,2.00E-205
2.46114,-0.007167122,2.90E-205
2.461745,-0.007824811,4.20E-205
2.46235,-0.008091361,6.10E-205
2.462955,-0.008159509,8.84E-205
2.46356,-0.008381063,1.28E-204
2.464165,-0.009051301,1.86E-204
2.46477,-0.010188103,2.69E-204
2.465375,-0.011513435,3.90E-204
2.46598,-0.012650126,5.66E-204
2.466585,-0.013405996,8.20E-204
2.46719,-0.013957407,1.19E-203
2.467795,-0.014720396,1.72E-203
2.4684,-0.015910443,2.49E-203
2.469005,-0.01724302,3.61E-203
2.46961,-0.018203938,5.22E-203
2.470215,-0.018578617,7.56E-203
2.47082,-0.018597358,1.09E-202
2.471425,-0.018625771,1.58E-202
2.47203,-0.018838478,2.29E-202
2.472635,-0.019209248,3.31E-202
2.47324,-0.019714024,4.79E-202
2.473845,-0.020368498,6.93E-202
2.47445,-0.021044162,1.00E-201
2.475055,-0.021468251,1.45E-201
2.47566,-0.021574303,2.10E-201
2.476265,-0.021743536,3.03E-201
2.47687,-0.022473007,4.38E-201
2.477475,-0.023781011,6.32E-201
2.47808,-0.025123374,9.14E-201
2.478685,-0.025945328,1.32E-200
2.47929,-0.026185635,1.91E-200
2.479895,-0.026226128,2.75E-200
2.4805,-0.026481927,3.98E-200
2.481105,-0.027109434,5.74E-200
2.48171,-0.028005805,8.29E-200
2.482315,-0.028916061,1.20E-199
2.48292,-0.029553459,1.73E-199
2.483525,-0.029824594,2.49E-199
2.48413,-0.0300436,3.59E-199
2.484735,-0.030786215,5.18E-199
2.48534,-0.032300828,7.47E-199
2.485945,-0.034048933,1.08E-198
2.48655,-0.035088995,1.55E-198
2.487155,-0.035006535,2.24E-198
2.48776,-0.034268281,3.23E-198
2.488365,-0.033680518,4.65E-198
2.48897,-0.033742641,6.71E-198
2.489575,-0.034471993,9.66E-198
2.49018,-0.035538548,1.39E-197
2.490785,-0.036442459,2.00E-197
2.49139,-0.036722261,2.89E-197
2.491995,-0.036216661,4.16E-197
2.4926,-0.035255719,5.98E-197
2.493205,-0.034591002,8.62E-197
2.49381,-0.034945415,1.24E-196
2.494415,-0.036390605,1.78E-196
2.49502,-0.03818011,2.57E-196
2.495625,-0.039355599,3.69E-196
2.49623,-0.03953094,5.31E-196
2.496835,-0.039090662,7.64E-196
2.49744,-0.038753105,1.10E-195
2.498045,-0.039003802,1.58E-195
2.49865,-0.03987082,2.27E-195
2.499255,-0.041054056,3.27E-195
2.49986,-0.042098424,4.69E-195
2.500465,-0.042548408,6.74E-195
2.50107,-0.042250367,9.69E-195
2.501675,-0.041652463,1.39E-194
2.50228,-0.041619056,2.00E-194
2.502885,-0.042665789,2.87E-194
2.50349,-0.04438292,4.12E-194
2.504095,-0.045787542,5.92E-194
2.5047,-0.046200683,8.50E-194
2.505305,-0.045713074,1.22E-193
2.50591,-0.044963345,1.75E-193
2.506515,-0.044607204,2.51E-193
2.50712,-0.044936854,3.60E-193
2.507725,-0.045791588,5.17E-193
2.50833,-0.046623291,7.41E-193
2.508935,-0.046748162,1.06E-192
2.50954,-0.045872568,1.52E-192
2.510145,-0.044512454,2.18E-192
2.51075,-0.04372322,3.13E-192
2.511355,-0.044206166,4.49E-192
2.51196,-0.045690553,6.43E-192
2.512565,-0.047265657,9.21E-192
2.51317,-0.048171827,1.32E-191
2.513775,-0.048200963,1.89E-191
2.51438,-0.04762352,2.71E-191
2.514985,-0.04697034,3.88E-191
2.51559,-0.046784717,5.55E-191
2.516195,-0.04732024,7.94E-191
2.5168,-0.048236018,1.14E-190
2.517405,-0.048621091,1.63E-190
2.51801,-0.047699124,2.33E-190
2.518615,-0.045776696,3.33E-190
2.51922,-0.044277424,4.76E-190
2.519825,-0.044447373,6.81E-190
2.52043,-0.046057755,9.75E-190
2.521035,-0.047698684,1.39E-189
2.52164,-0.048224671,1.99E-189
2.522245,-0.047569689,2.85E-189
2.52285,-0.046381176,4.07E-189
2.523455,-0.045321965,5.81E-189
2.52406,-0.044717101,8.31E-189
2.524665,-0.044578436,1.19E-188
2.52527,-0.044703091,1.70E-188
2.525875,-0.044619672,2.42E-188
2.52648,-0.043676014,3.46E-188
2.527085,-0.041663366,4.94E-188
2.52769,-0.039451243,7.05E-188
2.528295,-0.038490252,1.01E-187
2.5289,-0.039334535,1.44E-187
2.529505,-0.040984514,2.05E-187
2.53011,-0.041911383,2.92E-187
2.530715,-0.041435311,4.17E-187
2.53132,-0.0400789,5.94E-187
2.531925,-0.038917969,8.48E-187
2.53253,-0.038645583,1.21E-186
2.533135,-0.039119644,1.72E-186
2.53374,-0.039697777,2.46E-186
2.534345,-0.039810671,3.50E-186
2.53495,-0.039193334,4.99E-186
2.535555,-0.037951909,7.11E-186
2.53616,-0.036690993,1.01E-185
2.536765,-0.036252416,1.44E-185
2.53737,-0.036924951,2.05E-185
2.537975,-0.038090717,2.92E-185
2.53858,-0.038847004,4.16E-185
2.539185,-0.03871018,5.93E-185
2.53979,-0.037736541,8.43E-185
2.540395,-0.036394321,1.20E-184
2.541,-0.035333086,1.71E-184
2.541605,-0.034954563,2.43E-184
2.54221,-0.035098133,3.46E-184
2.542815,-0.035138537,4.92E-184
2.54342,-0.034404783,6.99E-184
2.544025,-0.032716835,9.94E-184
2.54463,-0.030730082,1.41E-183
2.545235,-0.029566114,2.01E-183
2.54584,-0.029760578,2.85E-183
2.546445,-0.030712585,4.06E-183
2.54705,-0.031409663,5.76E-183
2.547655,-0.031358274,8.19E-183
2.54826,-0.03060463,1.16E-182
2.548865,-0.029374624,1.65E-182
2.54947,-0.028056376,2.34E-182
2.550075,-0.027208875,3.33E-182
2.55068,-0.027175083,4.73E-182
2.551285,-0.027613359,6.71E-182
2.55189,-0.027600826,9.52E-182
2.552495,-0.026446996,1.35E-181
2.5531,-0.024509902,1.92E-181
2.553705,-0.023048709,2.72E-181
2.55431,-0.022996309,3.86E-181
2.554915,-0.02394501,5.47E-181
2.55552,-0.024641786,7.75E-181
2.556125,-0.024322875,1.10E-180
2.55673,-0.023207798,1.56E-180
2.557335,-0.021915514,2.21E-180
2.55794,-0.020851054,3.13E-180
2.558545,-0.020130899,4.43E-180
2.55915,-0.019736947,6.28E-180
2.559755,-0.019515726,8.89E-180
2.56036,-0.01911141,1.26E-179
2.560965,-0.0181161,1.78E-179
2.56157,-0.016458922,2.53E-179
2.562175,-0.014697764,3.57E-179
2.56278,-0.013701561,5.06E-179
2.563385,-0.013792981,7.16E-179
2.56399,-0.01434153,1.01E-178
2.564595,-0.014360846,1.43E-178
2.5652,-0.013370017,2.03E-178
2.565805,-0.011679392,2.87E-178
2.56641,-0.010058486,4.06E-178
2.567015,-0.009151768,5.73E-178
2.56762,-0.009035436,8.11E-178
2.568225,-0.009192121,1.15E-177
2.56883,-0.008926272,1.62E-177
2.569435,-0.007918579,2.29E-177
2.57004,-0.006465709,3.23E-177
2.570645,-0.005241186,4.57E-177
2.57125,-0.00478047,6.45E-177
2.571855,-0.005028707,9.11E-177
2.57246,-0.005353793,1.29E-176
2.573065,-0.005099225,1.82E-176
2.57367,-0.004118901,2.56E-176
2.574275,-0.002762119,3.62E-176
2.57488,-0.001458694,5.11E-176
2.575485,-0.000441819,7.21E-176
2.57609,0.000184337,1.02E-175
2.576695,0.000376901,1.43E-175
2.5773,0.000314075,2.02E-175
2.577905,0.000430237,2.85E-175
2.57851,0.001059371,4.02E-175
2.579115,0.002052642,5.67E-175
2.57972,0.002866422,7.99E-175
2.580325,0.003087484,1.13E-174
2.58093,0.002848517,1.59E-174
2.581535,0.002706464,2.24E-174
2.58214,0.003144522,3.15E-174
2.582745,0.004175995,4.44E-174
2.58335,0.005370754,6.25E-174
2.583955,0.006243108,8.80E-174
2.58456,0.00660338,1.24E-173
2.585165,0.006605146,1.74E-173
2.58577,0.006600691,2.46E-173
2.586375,0.00691197,3.45E-173
2.58698,0.007559792,4.86E-173
2.587585,0.008204825,6.84E-173
2.58819,0.008459544,9.62E-173
2.588795,0.008284198,1.35E-172
2.5894,0.008050769,1.90E-172
2.590005,0.008214085,2.68E-172
2.59061,0.008935857,3.76E-172
2.591215,0.010012842,5.29E-172
2.59182,0.011120267,7.43E-172
2.592425,0.012083241,1.04E-171
2.59303,0.012876053,1.47E-171
2.593635,0.013432697,2.06E-171
2.59424,0.013660565,2.90E-171
2.594845,0.013663444,4.07E-171
2.59545,0.013751537,5.71E-171
2.596055,0.014138256,8.02E-171
2.59666,0.014699401,1.13E-170
2.597265,0.015103687,1.58E-170
2.59787,0.015185292,2.22E-170
2.598475,0.015144232,3.11E-170
2.59908,0.015364912,4.36E-170
2.599685,0.016043512,6.12E-170
2.60029,0.016969469,8.58E-170
2.600895,0.017682296,1.20E-169
2.6015,0.017880581,1.69E-169
2.602105,0.017672579,2.37E-169
2.60271,0.017420483,3.32E-169
2.603315,0.017361911,4.65E-169
2.60392,0.01740058,6.51E-169
2.604525,0.017249041,9.13E-169
2.60513,0.016743338,1.28E-168
2.605735,0.016050946,1.79E-168
2.60634,0.015590429,2.51E-168
2.606945,0.015638913,3.51E-168
2.60755,0.016002321,4.92E-168
2.608155,0.016241694,6.88E-168
2.60876,0.01622817,9.64E-168
2.609365,0.016264166,1.35E-167
2.60997,0.016618292,1.89E-167
2.610575,0.017128806,2.64E-167
2.61118,0.017381702,3.69E-167
2.611785,0.017209814,5.16E-167
2.61239,0.016896341,7.22E-167
2.612995,0.016836481,1.01E-166
2.6136,0.017049865,1.41E-166
2.614205,0.017166258,1.97E-166
2.61481,0.016940096,2.76E-166
2.615415,0.016592649,3.85E-166
2.61602,0.016529539,5.38E-166
2.616625,0.016888941,7.52E-166
2.61723,0.017456356,1.05E-165
2.617835,0.017886783,1.47E-165
2.61844,0.01798177,2.05E-165
2.619045,0.017837434,2.86E-165
2.61965,0.017698059,3.99E-165
2.620255,0.01763961,5.57E-165
2.62086,0.017501981,7.78E-165
2.621465,0.017153532,1.09E-164
2.62207,0.016654183,1.51E-164
2.622675,0.016116522,2.11E-164
2.62328,0.015595705,2.95E-164
2.623885,0.015150426,4.11E-164
2.62449,0.014849143,5.73E-164
2.625095,0.014722234,7.99E-164
2.6257,0.01479094,1.11E-163
2.626305,0.015048517,1.55E-163
2.62691,0.015360738,2.16E-163
2.627515,0.01550603,3.01E-163
2.62812,0.015364746,4.20E-163
2.628725,0.015013763,5.85E-163
2.62933,0.014642768,8.14E-163
2.629935,0.014384191,1.13E-162
2.63054,0.014140137,1.58E-162
2.631145,0.013609094,2.20E-162
2.63175,0.012673379,3.06E-162
2.632355,0.011725617,4.26E-162
2.63296,0.011352844,5.92E-162
2.633565,0.011686798,8.24E-162
2.63417,0.012257787,1.15E-161
2.634775,0.012481213,1.59E-161
2.63538,0.012169016,2.22E-161
2.635985,0.011581467,3.08E-161
2.63659,0.011057235,4.29E-161
2.637195,0.010632843,5.96E-161
2.6378,0.010051965,8.28E-161
2.638405,0.00913735,1.15E-160
2.63901,0.008057388,1.60E-160
2.639615,0.007150234,2.22E-160
2.64022,0.0065539,3.08E-160
2.640825,0.006103178,4.28E-160
2.64143,0.005577006,5.95E-160
2.642035,0.005016336,8.26E-160
2.64264,0.004752097,1.15E-159
2.643245,0.005008084,1.59E-159
2.64385,0.005503198,2.21E-159
2.644455,0.005648399,3.06E-159
2.64506,0.00518316,4.25E-159
2.645665,0.004454297,5.90E-159
2.64627,0.003991978,8.18E-159
2.646875,0.003903128,1.13E-158
2.64748,0.00377624,1.57E-158
2.648085,0.003177693,2.18E-158
2.64869,0.002154917,3.02E-158
2.649295,0.001160862,4.19E-158
2.6499,0.00051046,5.81E-158
2.650505,8.93E-05,8.04E-158
2.65111,-0.000319145,1.11E-157
2.651715,-0.00062655,1.54E-157
2.65232,-0.000577875,2.14E-157
2.652925,-0.000259945,2.96E-157
2.65353,-0.000306915,4.10E-157
2.654135,-0.001397138,5.67E-157
2.65474,-0.003409641,7.85E-157
2.655345,-0.005249923,1.09E-156
2.65595,-0.005837026,1.50E-156
2.656555,-0.005290447,2.08E-156
2.65716,-0.004872875,2.88E-156
2.657765,-0.005641216,3.98E-156
2.65837,-0.007336594,5.51E-156
2.658975,-0.008732622,7.61E-156
2.65958,-0.008946871,1.05E-155
2.660185,-0.008270597,1.45E-155
2.66079,-0.007729559,2.01E-155
2.661395,-0.007966342,2.78E-155
2.662,-0.008725079,3.84E-155
2.662605,-0.009395401,5.30E-155
2.66321,-0.009767116,7.33E-155
2.663815,-0.010104521,1.01E-154
2.66442,-0.01067217,1.40E-154
2.665025,-0.011416971,1.93E-154
2.66563,-0.012114533,2.66E-154
2.666235,-0.012669537,3.68E-154
2.66684,-0.013193563,5.07E-154
2.667445,-0.013825601,7.00E-154
2.66805,-0.014500793,9.66E-154
2.668655,-0.014939825,1.33E-153
2.66926,-0.014968407,1.84E-153
2.669865,-0.014851126,2.53E-153
2.67047,-0.015164819,3.49E-153
2.671075,-0.016226563,4.82E-153
2.67168,-0.017697501,6.64E-153
2.672285,-0.01888571,9.15E-153
2.67289,-0.019465758,1.26E-152
2.673495,-0.01980423,1.74E-152
2.6741,-0.020528755,2.39E-152
2.674705,-0.021824883,3.30E-152
2.67531,-0.023232376,4.54E-152
2.675915,-0.024175629,6.25E-152
2.67652,-0.024601083,8.61E-152
2.677125,-0.024930272,1.18E-151
2.67773,-0.025440365,1.63E-151
2.678335,-0.025947238,2.24E-151
2.67894,-0.026196249,3.09E-151
2.679545,-0.026364754,4.25E-151
2.68015,-0.026922083,5.85E-151
2.680755,-0.027978138,8.04E-151
2.68136,-0.028991405,1.11E-150
2.681965,-0.029304196,1.52E-150
2.68257,-0.028940601,2.09E-150
2.683175,-0.028690107,2.87E-150
2.68378,-0.029278876,3.95E-150
2.684385,-0.030570142,5.43E-150
2.68499,-0.031713372,7.46E-150
2.685595,-0.03201345,1.02E-149
2.6862,-0.031592886,1.41E-149
2.686805,-0.031251403,1.93E-149
2.68741,-0.031684306,2.65E-149
2.688015,-0.032836051,3.64E-149
2.68862,-0.03404863,5.00E-149
2.689225,-0.034772016,6.86E-149
2.68983,-0.035010367,9.42E-149
2.690435,-0.035154094,1.29E-148
2.69104,-0.035598688,1.77E-148
2.691645,-0.036500496,2.43E-148
2.69225,-0.037660936,3.34E-148
2.692855,-0.038655667,4.58E-148
2.69346,-0.039227347,6.27E-148
2.694065,-0.039446482,8.60E-148
2.69467,-0.039428384,1.18E-147
2.695275,-0.039172748,1.62E-147
2.69588,-0.038837285,2.21E-147
2.696485,-0.038885001,3.03E-147
2.69709,-0.039627599,4.16E-147
2.697695,-0.040665025,5.69E-147
2.6983,-0.041087648,7.80E-147
2.698905,-0.040415816,1.07E-146
2.69951,-0.039257489,1.46E-146
2.700115,-0.038839764,2.00E-146
2.70072,-0.039773372,2.74E-146
2.701325,-0.04140349,3.75E-146
2.70193,-0.042543596,5.13E-146
2.702535,-0.042678742,7.02E-146
2.70314,-0.042231362,9.60E-146
2.703745,-0.04187062,1.31E-145
2.70435,-0.041899544,1.80E-145
2.704955,-0.042261468,2.46E-145
2.70556,-0.042819711,3.36E-145
2.706165,-0.043417145,4.59E-145
2.70677,-0.043753675,6.27E-145
2.707375,-0.043507852,8.57E-145
2.70798,-0.042788612,1.17E-144
2.708585,-0.042338177,1.60E-144
2.70919,-0.042936712,2.19E-144
2.709795,-0.044521901,2.98E-144
2.7104,-0.046163601,4.08E-144
2.711005,-0.046951501,5.57E-144
2.71161,-0.046705136,7.60E-144
2.712215,-0.045915472,1.04E-143
2.71282,-0.045271746,1.42E-143
2.713425,-0.045243078,1.93E-143
2.71403,-0.04587784,2.63E-143
2.714635,-0.0467645,3.59E-143
2.71524,-0.047158308,4.90E-143
2.715845,-0.046433791,6.69E-143
2.71645,-0.044756139,9.12E-143
2.717055,-0.043289699,1.24E-142
2.71766,-0.04332523,1.69E-142
2.718265,-0.044961984,2.31E-142
2.71887,-0.046925458,3.15E-142
2.719475,-0.047840098,4.29E-142
2.72008,-0.047423695,5.84E-142
2.720685,-0.046427375,7.96E-142
2.72129,-0.045765092,1.08E-141
2.721895,-0.0458292,1.48E-141
2.7225,-0.046420484,2.01E-141
2.723105,-0.047037881,2.73E-141
2.72371,-0.04715129,3.72E-141
2.724315,-0.046447226,5.07E-141
2.72492,-0.045126012,6.89E-141
2.725525,-0.043973922,9.38E-141
2.72613,-0.043833648,1.28E-140
2.726735,-0.044771077,1.74E-140
2.72734,-0.045934564,2.36E-140
2.727945,-0.046388428,3.21E-140
2.72855,-0.045882501,4.36E-140
2.729155,-0.04478776,5.93E-140
2.72976,-0.043618449,8.06E-140
2.730365,-0.042739331,1.10E-139
2.73097,-0.042329957,1.49E-139
2.731575,-0.042374618,2.02E-139
2.73218,-0.042534993,2.75E-139
2.732785,-0.042152831,3.73E-139
2.73339,-0.040731289,5.06E-139
2.733995,-0.038623558,6.88E-139
2.7346,-0.036997115,9.34E-139
2.735205,-0.036740315,1.27E-138
2.73581,-0.037563766,1.72E-138
2.736415,-0.038488602,2.33E-138
2.73702,-0.038867717,3.17E-138
2.737625,-0.038582042,4.29E-138
2.73823,-0.037704843,5.83E-138
2.738835,-0.036478035,7.90E-138
2.73944,-0.035411819,1.07E-137
2.740045,-0.034956991,1.45E-137
2.74065,-0.034977117,1.97E-137
2.741255,-0.034755146,2.67E-137
2.74186,-0.033689964,3.62E-137
2.742465,-0.032002837,4.90E-137
2.74307,-0.03067891,6.64E-137
2.743675,-0.030552716,8.99E-137
2.74428,-0.031452458,1.22E-136
2.744885,-0.032397711,1.65E-136
2.74549,-0.032522517,2.23E-136
2.746095,-0.031658237,3.02E-136
2.7467,-0.030263588,4.09E-136
2.747305,-0.029026628,5.54E-136
2.74791,-0.028440932,7.49E-136
2.748515,-0.028538264,1.01E-135
2.74912,-0.028824806,1.37E-135
2.749725,-0.028494899,1.85E-135
2.75033,-0.027020928,2.51E-135
2.750935,-0.024797382,3.39E-135
2.75154,-0.023075082,4.58E-135
2.752145,-0.022871353,6.20E-135
2.75275,-0.023880217,8.38E-135
2.753355,-0.024780552,1.13E-134
2.75396,-0.024612547,1.53E-134
2.754565,-0.023541942,2.07E-134
2.75517,-0.022371745,2.79E-134
2.755775,-0.021656615,3.77E-134
2.75638,-0.021372376,5.09E-134
2.756985,-0.021251986,6.87E-134
2.75759,-0.021135838,9.28E-134
2.758195,-0.020878297,1.25E-133
2.7588,-0.020193346,1.69E-133
2.759405,-0.018935921,2.28E-133
2.76001,-0.017529536,3.08E-133
2.760615,-0.016777205,4.15E-133
2.76122,-0.017029169,5.60E-133
2.761825,-0.017731482,7.55E-133
2.76243,-0.01795767,1.02E-132
2.763035,-0.017228636,1.37E-132
2.76364,-0.015787295,1.85E-132
2.764245,-0.014277518,2.49E-132
2.76485,-0.013226444,3.36E-132
2.765455,-0.012723151,4.53E-132
2.76606,-0.012428213,6.10E-132
2.766665,-0.011825326,8.22E-132
2.76727,-0.01059164,1.11E-131
2.767875,-0.008879211,1.49E-131
2.76848,-0.007263916,2.01E-131
2.769085,-0.006315655,2.70E-131
2.76969,-0.006107245,3.64E-131
2.770295,-0.006187785,4.89E-131
2.7709,-0.00603159,6.58E-131
2.771505,-0.005366825,8.86E-131
2.77211,-0.004196986,1.19E-130
2.772715,-0.002810437,1.60E-130
2.77332,-0.001718205,2.16E-130
2.773925,-0.001322966,2.90E-130
2.77453,-0.001541912,3.90E-130
2.775135,-0.001770205,5.24E-130
2.77574,-0.001321471,7.04E-130
2.776345,-5.39E-05,9.46E-130
2.77695,0.001405616,1.27E-129
2.777555,0.002189451,1.71E-129
2.77816,0.002046959,2.29E-129
2.778765,0.001567009,3.08E-129
2.77937,0.001487884,4.14E-129
2.779975,0.002011858,5.56E-129
2.78058,0.002860187,7.46E-129
2.781185,0.003714622,1.00E-128
2.78179,0.004462905,1.34E-128
2.782395,0.00512859,1.80E-128
2.783,0.005692168,2.42E-128
2.783605,0.006093986,3.24E-128
2.78421,0.006428953,4.35E-128
2.784815,0.006966999,5.84E-128
2.78542,0.007815096,7.83E-128
2.786025,0.008651674,1.05E-127
2.78663,0.009028795,1.41E-127
2.787235,0.008904765,1.89E-127
2.78784,0.008662733,2.53E-127
2.788445,0.008686727,3.39E-127
2.78905,0.009115392,4.54E-127
2.789655,0.00986733,6.08E-127
2.79026,0.010700663,8.14E-127
2.790865,0.011321552,1.09E-126
2.79147,0.011577663,1.46E-126
2.792075,0.011570027,1.95E-126
2.79268,0.011551897,2.61E-126
2.793285,0.011710615,3.50E-126
2.79389,0.012033109,4.68E-126
2.794495,0.01234619,6.26E-126
2.7951,0.012486964,8.38E-126
2.795705,0.012450121,1.12E-125
2.79631,0.012363866,1.50E-125
2.796915,0.012394003,2.00E-125
2.79752,0.012719811,2.68E-125
2.798125,0.013447769,3.58E-125
2.79873,0.014437609,4.79E-125
2.799335,0.015333505,6.40E-125
2.79994,0.015857779,8.55E-125
2.800545,0.01603523,1.14E-124
2.80115,0.016119294,1.53E-124
2.801755,0.016329641,2.04E-124
2.80236,0.016656664,2.72E-124
2.802965,0.016894352,3.63E-124
2.80357,0.01687978,4.85E-124
2.804175,0.016717014,6.47E-124
2.80478,0.016698394,8.64E-124
2.805385,0.016981133,1.15E-123
2.80599,0.017441115,1.54E-123
2.806595,0.017862986,2.05E-123
2.8072,0.018157448,2.74E-123
2.807805,0.018346049,3.65E-123
2.80841,0.018425974,4.87E-123
2.809015,0.018361082,6.49E-123
2.80962,0.018189083,8.65E-123
2.810225,0.018007215,1.15E-122
2.81083,0.017804942,1.54E-122
2.811435,0.017408368,2.05E-122
2.81204,0.016700895,2.73E-122
2.812645,0.015901761,3.63E-122
2.81325,0.015486274,4.84E-122
2.813855,0.015715177,6.44E-122
2.81446,0.016324855,8.58E-122
2.815065,0.016794759,1.14E-121
2.81567,0.016882888,1.52E-121
2.816275,0.016827574,2.02E-121
2.81688,0.017033574,2.69E-121
2.817485,0.017594721,3.58E-121
2.81809,0.018114834,4.76E-121
2.818695,0.018007233,6.34E-121
2.8193,0.017068108,8.43E-121
2.819905,0.015789088,1.12E-120
2.82051,0.014991946,1.49E-120
2.821115,0.015103764,1.98E-120
2.82172,0.015850972,2.63E-120
2.822325,0.016639191,3.50E-120
2.82293,0.01711936,4.65E-120
2.823535,0.017349591,6.18E-120
2.82414,0.017502251,8.20E-120
2.824745,0.017560219,1.09E-119
2.82535,0.017371143,1.45E-119
2.825955,0.0169205,1.92E-119
2.82656,0.016396614,2.55E-119
2.827165,0.015939875,3.39E-119
2.82777,0.015449235,4.49E-119
2.828375,0.014733505,5.96E-119
2.82898,0.01378204,7.91E-119
2.829585,0.012798743,1.05E-118
2.83019,0.012002432,1.39E-118
2.830795,0.011461928,1.85E-118
2.8314,0.011152278,2.45E-118
2.832005,0.01110956,3.25E-118
2.83261,0.01138376,4.30E-118
2.833215,0.01180586,5.70E-118
2.83382,0.011959742,7.56E-118
2.834425,0.011525447,1.00E-117
2.83503,0.010649551,1.33E-117
2.835635,0.009883084,1.76E-117
2.83624,0.009663177,2.33E-117
2.836845,0.009856009,3.08E-117
2.83745,0.009863028,4.08E-117
2.838055,0.009217272,5.40E-117
2.83866,0.008089842,7.15E-117
2.839265,0.007161185,9.46E-117
2.83987,0.006954551,1.25E-116
2.840475,0.007345334,1.66E-116
2.84108,0.007745351,2.19E-116
2.841685,0.007698949,2.90E-116
2.84229,0.007230463,3.83E-116
2.842895,0.006634048,5.07E-116
2.8435,0.006077705,6.70E-116
2.844105,0.005519775,8.86E-116
2.84471,0.004898491,1.17E-115
2.845315,0.00423581,1.55E-115
2.84592,0.003537157,2.04E-115
2.846525,0.002702495,2.70E-115
2.84713,0.001669206,3.57E-115
2.847735,0.000638246,4.71E-115
2.84834,5.94E-06,6.22E-115
2.848945,-2.29E-05,8.22E-115
2.84955,0.000307668,1.08E-114
2.850155,0.000519035,1.43E-114
2.85076,0.00034103,1.89E-114
2.851365,-0.000127014,2.49E-114
2.85197,-0.000632431,3.29E-114
2.852575,-0.001042862,4.34E-114
2.85318,-0.001436017,5.73E-114
2.853785,-0.001976416,7.55E-114
2.85439,-0.00271227,9.96E-114
2.854995,-0.003534194,1.31E-113
2.8556,-0.004341387,1.73E-113
2.856205,-0.005154181,2.28E-113
2.85681,-0.005986848,3.01E-113
2.857415,-0.006658939,3.96E-113
2.85802,-0.006868937,5.22E-113
2.858625,-0.006547515,6.87E-113
2.85923,-0.006100057,9.05E-113
2.859835,-0.006178321,1.19E-112
2.86044,-0.007111528,1.57E-112
2.861045,-0.008568526,2.07E-112
2.86165,-0.009866198,2.72E-112
2.862255,-0.010628308,3.58E-112
2.86286,-0.011089844,4.71E-112
2.863465,-0.011764914,6.20E-112
2.86407,-0.01286484,8.15E-112
2.864675,-0.014065391,1.07E-111
2.86528,-0.014849252,1.41E-111
2.865885,-0.015022228,1.85E-111
2.86649,-0.014840526,2.44E-111
2.867095,-0.014700369,3.21E-111
2.8677,-0.014793715,4.21E-111
2.868305,-0.015057887,5.54E-111
2.86891,-0.015391037,7.28E-111
2.869515,-0.015826333,9.56E-111
2.87012,-0.01644172,1.26E-110
2.870725,-0.017163457,1.65E-110
2.87133,-0.017790481,2.17E-110
2.871935,-0.018251228,2.84E-110
2.87254,-0.018723788,3.73E-110
2.873145,-0.019410313,4.90E-110
2.87375,-0.020259667,6.43E-110
2.874355,-0.020989719,8.44E-110
2.87496,-0.021363665,1.11E-109
2.875565,-0.021437371,1.45E-109
2.87617,-0.02154754,1.91E-109
2.876775,-0.022035096,2.50E-109
2.87738,-0.022965597,3.28E-109
2.877985,-0.02409528,4.30E-109
2.87859,-0.025073612,5.63E-109
2.879195,-0.025719583,7.38E-109
2.8798,-0.026176847,9.67E-109
2.880405,-0.026799485,1.27E-108
2.88101,-0.02782335,1.66E-108
2.881615,-0.029111388,2.17E-108
2.88222,-0.030252464,2.85E-108
2.882825,-0.030932238,3.73E-108
2.88343,-0.031169199,4.88E-108
2.884035,-0.031203001,6.39E-108
2.88464,-0.03124868,8.37E-108
2.885245,-0.031422953,1.10E-107
2.88585,-0.031864927,1.43E-107
2.886455,-0.032736162,1.88E-107
2.88706,-0.03392723,2.45E-107
2.887665,-0.034900276,3.21E-107
2.88827,-0.035136488,4.20E-107
2.888875,-0.034804109,5.49E-107
2.88948,-0.034735899,7.18E-107
2.890085,-0.03556164,9.38E-107
2.89069,-0.037005118,1.23E-106
2.891295,-0.038206497,1.60E-106
2.8919,-0.03860511,2.09E-106
2.892505,-0.038374262,2.74E-106
2.89311,-0.038130936,3.57E-106
2.893715,-0.038359153,4.67E-106
2.89432,-0.039073479,6.09E-106
2.894925,-0.039918163,7.96E-106
2.89553,-0.040490806,1.04E-105
2.896135,-0.040610457,1.36E-105
2.89674,-0.040433695,1.77E-105
2.897345,-0.040391365,2.31E-105
2.89795,-0.040907702,3.01E-105
2.898555,-0.042014072,3.93E-105
2.89916,-0.043235195,5.13E-105
2.899765,-0.043971569,6.69E-105
2.90037,-0.043984071,8.72E-105
2.900975,-0.043487485,1.14E-104
2.90158,-0.042929642,1.48E-104
2.902185,-0.04275437,1.93E-104
2.90279,-0.04321227,2.52E-104
2.903395,-0.044197972,3.28E-104
2.904,-0.045181093,4.27E-104
2.904605,-0.045396806,5.57E-104
2.90521,-0.044402787,7.25E-104
2.905815,-0.042680176,9.44E-104
2.90642,-0.041534501,1.23E-103
2.907025,-0.042006807,1.60E-103
2.90763,-0.043796817,2.08E-103
2.908235,-0.045546388,2.71E-103
2.90884,-0.046204282,3.53E-103
2.909445,-0.0458428,4.59E-103
2.91005,-0.045230163,5.97E-103
2.910655,-0.044972593,7.77E-103
2.91126,-0.045157533,1.01E-102
2.911865,-0.045614837,1.31E-102
2.91247,-0.0462163,1.71E-102
2.913075,-0.046749112,2.22E-102
2.91368,-0.04673794,2.89E-102
2.914285,-0.045856614,3.75E-102
2.91489,-0.044606749,4.87E-102
2.915495,-0.044135475,6.33E-102
2.9161,-0.045032789,8.22E-102
2.916705,-0.046581931,1.07E-101
2.91731,-0.047493925,1.39E-101
2.917915,-0.047161533,1.80E-101
2.91852,-0.0460285,2.34E-101
2.919125,-0.044986653,3.04E-101
2.91973,-0.044623674,3.94E-101
2.920335,-0.044933466,5.11E-101
2.92094,-0.045455671,6.63E-101
2.921545,-0.045558947,8.60E-101
2.92215,-0.044802048,1.12E-100
2.922755,-0.043309048,1.45E-100
2.92336,-0.041833111,1.88E-100
2.923965,-0.041250148,2.43E-100
2.92457,-0.041814005,3.15E-100
2.925175,-0.04297225,4.09E-100
2.92578,-0.043929924,5.30E-100
2.926385,-0.044209701,6.87E-100
2.92699,-0.043758372,8.90E-100
2.927595,-0.042877677,1.15E-99
2.9282,-0.042114256,1.49E-99
2.928805,-0.041978311,1.93E-99
2.92941,-0.042546356,2.50E-99
2.930015,-0.043242063,3.24E-99
2.93062,-0.043155078,4.19E-99
2.931225,-0.041875342,5.43E-99
2.93183,-0.040107891,7.02E-99
2.932435,-0.039203623,9.09E-99
2.93304,-0.039822413,1.18E-98
2.933645,-0.041235054,1.52E-98
2.93425,-0.042166928,1.97E-98
2.934855,-0.042037183,2.54E-98
2.93546,-0.041137293,3.29E-98
2.936065,-0.03999443,4.25E-98
2.93667,-0.038964959,5.49E-98
2.937275,-0.038301392,7.10E-98
2.93788,-0.038195866,9.17E-98
2.938485,-0.038504297,1.19E-97
2.93909,-0.038539493,1.53E-97
2.939695,-0.037501548,1.98E-97
2.9403,-0.03539073,2.55E-97
2.940905,-0.033361752,3.30E-97
2.94151,-0.03273869,4.26E-97
2.942115,-0.033592277,5.49E-97
2.94272,-0.034646411,7.09E-97
2.943325,-0.034627482,9.15E-97
2.94393,-0.033402884,1.18E-96
2.944535,-0.031822002,1.52E-96
2.94514,-0.030736008,1.96E-96
2.945745,-0.030317907,2.53E-96
2.94635,-0.030229479,3.27E-96
2.946955,-0.030111357,4.21E-96
2.94756,-0.029704862,5.43E-96
2.948165,-0.028782785,7.00E-96
2.94877,-0.027377344,9.02E-96
2.949375,-0.026032437,1.16E-95
2.94998,-0.025428657,1.50E-95
2.950585,-0.025667867,1.93E-95
2.95119,-0.026203008,2.48E-95
2.951795,-0.02640962,3.20E-95
2.9524,-0.025945536,4.12E-95
2.953005,-0.024780885,5.30E-95
2.95361,-0.0232471,6.83E-95
2.954215,-0.021946112,8.79E-95
2.95482,-0.021354402,1.13E-94
2.955425,-0.021407937,1.46E-94
2.95603,-0.021437802,1.87E-94
2.956635,-0.020642789,2.41E-94
2.95724,-0.018875644,3.10E-94
2.957845,-0.016983805,3.98E-94
2.95845,-0.016092361,5.12E-94
2.959055,-0.016455459,6.58E-94
2.95966,-0.017282894,8.46E-94
2.960265,-0.017667727,1.09E-93
2.96087,-0.017292525,1.40E-93
2.961475,-0.016319886,1.79E-93
2.96208,-0.015076208,2.31E-93
2.962685,-0.01392791,2.96E-93
2.96329,-0.013213391,3.80E-93
2.963895,-0.013067375,4.88E-93
2.9645,-0.01318543,6.27E-93
2.965105,-0.012886812,8.05E-93
2.96571,-0.011723091,1.03E-92
2.966315,-0.010110161,1.33E-92
2.96692,-0.009062759,1.70E-92
2.967525,-0.009088846,2.18E-92
2.96813,-0.009601228,2.80E-92
2.968735,-0.00963001,3.59E-92
2.96934,-0.008822092,4.60E-92
2.969945,-0.007555563,5.90E-92
2.97055,-0.006358258,7.56E-92
2.971155,-0.005431957,9.69E-92
2.97176,-0.004672232,1.24E-91
2.972365,-0.00398482,1.59E-91
2.97297,-0.003400716,2.04E-91
2.973575,-0.002851578,2.61E-91
2.97418,-0.002058381,3.35E-91
2.974785,-0.000880466,4.29E-91
2.97539,0.000310091,5.49E-91
2.975995,0.000927132,7.03E-91
2.9766,0.000878385,8.99E-91
2.977205,0.000709283,1.15E-90
2.97781,0.001047977,1.47E-90
2.978415,0.002073462,1.88E-90
2.97902,0.003403048,2.41E-90
2.979625,0.004374065,3.08E-90
2.98023,0.004584812,3.94E-90
2.980835,0.004273327,5.04E-90
2.98144,0.004103774,6.45E-90
2.982045,0.004553147,8.24E-90
2.98265,0.005548268,1.05E-89
2.983255,0.006597513,1.35E-89
2.98386,0.007115944,1.72E-89
2.984465,0.00679714,2.20E-89
2.98507,0.005954141,2.81E-89
2.985675,0.005386601,3.59E-89
2.98628,0.00571535,4.58E-89
2.986885,0.006907274,5.85E-89
2.98749,0.008424559,7.47E-89
2.988095,0.009659874,9.53E-89
2.9887,0.010266195,1.22E-88
2.989305,0.010304407,1.55E-88
2.98991,0.010188083,1.98E-88
2.990515,0.010390153,2.53E-88
2.99112,0.01108087,3.22E-88
2.991725,0.011996696,4.11E-88
2.99233,0.012648062,5.24E-88
2.992935,0.01275265,6.68E-88
2.99354,0.012558664,8.52E-88
2.994145,0.012625729,1.09E-87
2.99475,0.0132209,1.38E-87
2.995355,0.014085047,1.76E-87
2.99596,0.014809622,2.25E-87
2.996565,0.015256592,2.86E-87
2.99717,0.015559313,3.65E-87
2.997775,0.015845314,4.64E-87
2.99838,0.016068855,5.91E-87
2.998985,0.016098763,7.53E-87
2.99959,0.015897013,9.58E-87
3.000195,0.015581091,1.22E-86
3.0008,0.015310489,1.55E-86
3.001405,0.015149715,1.97E-86
3.00201,0.015106778,2.51E-86
3.002615,0.015246191,3.19E-86
3.00322,0.015636546,4.06E-86
3.003825,0.016214503,5.17E-86
3.00443,0.016807859,6.57E-86
3.005035,0.017287181,8.35E-86
3.00564,0.017619949,1.06E-85
3.006245,0.017788008,1.35E-85
3.00685,0.017768286,1.71E-85
3.007455,0.017629901,2.18E-85
3.00806,0.01753459,2.77E-85
3.008665,0.017570808,3.51E-85
3.00927,0.017638838,4.46E-85
3.009875,0.01756328,5.67E-85
3.01048,0.01733468,7.19E-85
3.011085,0.017180032,9.13E-85
3.01169,0.017327005,1.16E-84
3.012295,0.017749861,1.47E-84
3.0129,0.018226701,1.87E-84
3.013505,0.018593353,2.37E-84
3.01411,0.018839598,3.00E-84
3.014715,0.018982121,3.81E-84
3.01532,0.018966316,4.83E-84
3.015925,0.018729558,6.12E-84
3.01653,0.01829038,7.76E-84
3.017135,0.017736822,9.84E-84
3.01774,0.017135898,1.25E-83
3.018345,0.01648591,1.58E-83
3.01895,0.015818297,2.00E-83
3.019555,0.015307415,2.54E-83
3.02016,0.015146037,3.21E-83
3.020765,0.015322795,4.07E-83
3.02137,0.015634406,5.15E-83
3.021975,0.015894867,6.52E-83
3.02258,0.016050302,8.25E-83
3.023185,0.01611802,1.04E-82
3.02379,0.016106591,1.32E-82
3.024395,0.016033564,1.67E-82
3.025,0.015966909,2.12E-82
3.025605,0.01595733,2.68E-82
3.02621,0.015899261,3.39E-82
3.026815,0.015551101,4.28E-82
3.02742,0.014816227,5.41E-82
3.028025,0.013963663,6.84E-82
3.02863,0.013430146,8.65E-82
3.029235,0.013413027,1.09E-81
3.02984,0.013737674,1.38E-81
3.030445,0.014066773,1.74E-81
3.03105,0.014164429,2.20E-81
3.031655,0.013997161,2.78E-81
3.03226,0.013640514,3.52E-81
3.032865,0.013144257,4.44E-81
3.03347,0.012542163,5.60E-81
3.034075,0.011921519,7.08E-81
3.03468,0.011341406,8.93E-81
3.035285,0.010714371,1.13E-80
3.03589,0.009919346,1.42E-80
3.036495,0.009031375,1.79E-80
3.0371,0.008329225,2.26E-80
3.037705,0.008060361,2.85E-80
3.03831,0.00822225,3.60E-80
3.038915,0.00854599,4.54E-80
3.03952,0.008702996,5.72E-80
3.040125,0.00855458,7.21E-80
3.04073,0.008179773,9.09E-80
3.041335,0.007721485,1.14E-79
3.04194,0.007302621,1.44E-79
3.042545,0.006990789,1.82E-79
3.04315,0.006705825,2.29E-79
3.043755,0.006263426,2.88E-79
3.04436,0.005630554,3.63E-79
3.044965,0.005022338,4.57E-79
3.04557,0.004634174,5.75E-79
3.046175,0.00439775,7.24E-79
3.04678,0.004125188,9.11E-79
3.047385,0.003791879,1.15E-78
3.04799,0.003526353,1.44E-78
3.048595,0.003347659,1.81E-78
3.0492,0.003053741,2.28E-78
3.049805,0.002443133,2.87E-78
3.05041,0.001572269,3.61E-78
3.051015,0.000679793,4.53E-78
3.05162,-0.000116213,5.70E-78
3.052225,-0.000933553,7.16E-78
3.05283,-0.001935736,9.00E-78
3.053435,-0.003099827,1.13E-77
3.05404,-0.004191698,1.42E-77
3.054645,-0.004951935,1.78E-77
3.05525,-0.005304582,2.24E-77
3.055855,-0.005397281,2.81E-77
3.05646,-0.005464706,3.53E-77
3.057065,-0.005680531,4.43E-77
3.05767,-0.006123196,5.57E-77
3.058275,-0.006800567,6.98E-77
3.05888,-0.007625784,8.76E-77
3.059485,-0.00839173,1.10E-76
3.06009,-0.00889098,1.38E-76
3.060695,-0.009151415,1.73E-76
3.0613,-0.009509736,2.17E-76
3.061905,-0.01032713,2.72E-76
3.06251,-0.011589861,3.41E-76
3.063115,-0.012862266,4.27E-76
3.06372,-0.013656945,5.36E-76
3.064325,-0.013810889,6.71E-76
3.06493,-0.013551505,8.41E-76
3.065535,-0.013308022,1.05E-75
3.06614,-0.013491478,1.32E-75
3.066745,-0.014363473,1.65E-75
3.06735,-0.015892193,2.07E-75
3.067955,-0.017590139,2.59E-75
3.06856,-0.018702237,3.24E-75
3.069165,-0.018877332,4.06E-75
3.06977,-0.018626868,5.08E-75
3.070375,-0.018849304,6.35E-75
3.07098,-0.019869671,7.95E-75
3.071585,-0.021162556,9.94E-75
3.07219,-0.022019587,1.24E-74
3.072795,-0.022246552,1.56E-74
3.0734,-0.022182381,1.94E-74
3.074005,-0.022258313,2.43E-74
3.07461,-0.02263962,3.04E-74
3.075215,-0.023215117,3.80E-74
3.07582,-0.023812375,4.74E-74
3.076425,-0.024338549,5.93E-74
3.07703,-0.024743271,7.41E-74
3.077635,-0.024990244,9.25E-74
3.07824,-0.025169054,1.16E-73
3.078845,-0.025533272,1.44E-73
3.07945,-0.02625301,1.80E-73
3.080055,-0.027177837,2.25E-73
3.08066,-0.027974511,2.81E-73
3.081265,-0.028419267,3.50E-73
3.08187,-0.028507681,4.37E-73
3.082475,-0.028446171,5.45E-73
3.08308,-0.028578159,6.80E-73
3.083685,-0.029142331,8.48E-73
3.08429,-0.030035417,1.06E-72
3.084895,-0.030901899,1.32E-72
3.0855,-0.031463532,1.64E-72
3.086105,-0.031704785,2.05E-72
3.08671,-0.031834664,2.55E-72
3.087315,-0.032177069,3.18E-72
3.08792,-0.032957053,3.96E-72
3.088525,-0.034061083,4.94E-72
3.08913,-0.035100752,6.15E-72
3.089735,-0.035738094,7.66E-72
3.09034,-0.035888471,9.54E-72
3.090945,-0.03572311,1.19E-71
3.09155,-0.03559216,1.48E-71
3.092155,-0.035846152,1.84E-71
3.09276,-0.036591487,2.29E-71
3.093365,-0.037574494,2.85E-71
3.09397,-0.038319593,3.54E-71
3.094575,-0.038476248,4.41E-71
3.09518,-0.038185841,5.48E-71
3.095785,-0.038096751,6.82E-71
3.09639,-0.038769577,8.48E-71
3.096995,-0.040004863,1.05E-70
3.0976,-0.041025628,1.31E-70
3.098205,-0.041362668,1.63E-70
3.09881,-0.041283722,2.02E-70
3.099415,-0.04134247,2.51E-70
3.10002,-0.041775599,3.12E-70
3.100625,-0.042421872,3.88E-70
3.10123,-0.043047613,4.82E-70
3.101835,-0.043547385,5.98E-70
3.10244,-0.043831281,7.43E-70
3.103045,-0.043753911,9.22E-70
3.10365,-0.043363549,1.14E-69
3.104255,-0.04313218,1.42E-69
3.10486,-0.043628198,1.76E-69
3.105465,-0.044851115,2.19E-69
3.10607,-0.046106931,2.71E-69
3.106675,-0.046634956,3.36E-69
3.10728,-0.046242802,4.17E-69
3.107885,-0.045401431,5.17E-69
3.10849,-0.044859984,6.41E-69
3.109095,-0.045067793,7.94E-69
3.1097,-0.045833181,9.85E-69
3.110305,-0.046503286,1.22E-68
3.11091,-0.046453902,1.51E-68
3.111515,-0.045509627,1.87E-68
3.11212,-0.044120288,2.32E-68
3.112725,-0.043183673,2.87E-68
3.11333,-0.04342567,3.56E-68
3.113935,-0.044728294,4.40E-68
3.11454,-0.04620406,5.45E-68
3.115145,-0.04703236,6.75E-68
3.11575,-0.047042853,8.35E-68
3.116355,-0.046537872,1.03E-67
3.11696,-0.045907253,1.28E-67
3.117565,-0.045504265,1.58E-67
3.11817,-0.04562538,1.96E-67
3.118775,-0.046308221,2.42E-67
3.11938,-0.047065685,2.99E-67
3.119985,-0.047064375,3.70E-67
3.12059,-0.04590258,4.57E-67
3.121195,-0.044275921,5.65E-67
3.1218,-0.043584339,6.98E-67
3.122405,-0.044568393,8.62E-67
3.12301,-0.046449594,1.06E-66
3.123615,-0.047694485,1.32E-66
3.12422,-0.047486931,1.62E-66
3.124825,-0.046259237,2.01E-66
3.12543,-0.045028753,2.48E-66
3.126035,-0.044481989,3.06E-66
3.12664,-0.044612603,3.77E-66
3.127245,-0.044967784,4.66E-66
3.12785,-0.045016445,5.75E-66
3.128455,-0.044317824,7.09E-66
3.12906,-0.042694017,8.74E-66
3.129665,-0.040591639,1.08E-65
3.13027,-0.039129381,1.33E-65
3.130875,-0.039248876,1.64E-65
3.13148,-0.040689198,2.02E-65
3.132085,-0.042151901,2.49E-65
3.13269,-0.042501299,3.07E-65
3.133295,-0.041602657,3.78E-65
3.1339,-0.040188008,4.66E-65
3.134505,-0.03917239,5.74E-65
3.13511,-0.038995793,7.07E-65
3.135715,-0.039389345,8.71E-65
3.13632,-0.039639844,1.07E-64
3.136925,-0.039099414,1.32E-64
3.13753,-0.037631066,1.63E-64
3.138135,-0.035783014,2.00E-64
3.13874,-0.034513063,2.46E-64
3.139345,-0.034442933,3.03E-64
3.13995,-0.035269902,3.73E-64
3.140555,-0.036112682,4.59E-64
3.14116,-0.036350352,5.64E-64
3.141765,-0.035876801,6.94E-64
3.14237,-0.034824585,8.53E-64
3.142975,-0.033471026,1.05E-63
3.14358,-0.032297277,1.29E-63
3.144185,-0.031754216,1.58E-63
3.14479,-0.031795169,1.95E-63
3.145395,-0.03174105,2.39E-63
3.146,-0.030815989,2.94E-63
3.146605,-0.028932166,3.61E-63
3.14721,-0.026905407,4.43E-63
3.147815,-0.025742793,5.44E-63
3.14842,-0.025696315,6.68E-63
3.149025,-0.026204406,8.20E-63
3.14963,-0.026641088,1.01E-62
3.150235,-0.026714407,1.24E-62
3.15084,-0.026255664,1.52E-62
3.151445,-0.0251694,1.86E-62
3.15205,-0.023717125,2.28E-62
3.152655,-0.022530506,2.80E-62
3.15326,-0.02208345,3.43E-62
3.153865,-0.022147067,4.21E-62
3.15447,-0.021931669,5.16E-62
3.155075,-0.020906845,6.32E-62
3.15568,-0.019461562,7.75E-62
3.156285,-0.018571237,9.49E-62
3.15689,-0.018711106,1.16E-61
3.157495,-0.019317765,1.42E-61
3.1581,-0.019462164,1.75E-61
3.158705,-0.018778725,2.14E-61
3.15931,-0.017590275,2.62E-61
3.159915,-0.016393451,3.20E-61
3.16052,-0.015437518,3.92E-61
3.161125,-0.014742113,4.80E-61
3.16173,-0.01429652,5.88E-61
3.162335,-0.014026483,7.19E-61
3.16294,-0.013629392,8.80E-61
3.163545,-0.012736035,1.08E-60
3.16415,-0.011391041,1.32E-60
3.164755,-0.010196711,1.61E-60
3.16536,-0.00972084,1.97E-60
3.165965,-0.009839006,2.41E-60
3.16657,-0.009889785,2.94E-60
3.167175,-0.009369423,3.59E-60
3.16778,-0.008298652,4.39E-60
3.168385,-0.00706059,5.36E-60
3.16899,-0.006056309,6.55E-60
3.169595,-0.005475634,8.01E-60
3.1702,-0.005267601,9.78E-60
3.170805,-0.005206597,1.19E-59
3.17141,-0.004973713,1.46E-59
3.172015,-0.004320172,1.78E-59
3.17262,-0.003320809,2.17E-59
3.173225,-0.002446119,2.65E-59
3.17383,-0.002161242,3.23E-59
3.174435,-0.002396303,3.95E-59
3.17504,-0.002596084,4.81E-59
3.175645,-0.002268181,5.87E-59
3.17625,-0.001327145,7.16E-59
3.176855,-3.88E-05,8.73E-59
3.17746,0.001182104,1.06E-58
3.178065,0.001996833,1.30E-58
3.17867,0.002334795,1.58E-58
3.179275,0.002445321,1.93E-58
3.17988,0.002740672,2.35E-58
3.180485,0.003494322,2.86E-58
3.18109,0.004593349,3.48E-58
3.181695,0.005563398,4.24E-58
3.1823,0.005963276,5.16E-58
3.182905,0.005847828,6.29E-58
3.18351,0.005731462,7.65E-58
3.184115,0.006070211,9.32E-58
3.18472,0.006903351,1.13E-57
3.185325,0.007925099,1.38E-57
3.18593,0.008736955,1.68E-57
3.186535,0.009092316,2.04E-57
3.18714,0.009051497,2.48E-57
3.187745,0.008925716,3.02E-57
3.18835,0.009012476,3.67E-57
3.188955,0.009367188,4.46E-57
3.18956,0.009822867,5.43E-57
3.190165,0.010149419,6.59E-57
3.19077,0.010192049,8.01E-57
3.191375,0.009993173,9.74E-57
3.19198,0.009809103,1.18E-56
3.192585,0.009935232,1.44E-56
3.19319,0.010511632,1.74E-56
3.193795,0.011458232,2.12E-56
3.1944,0.012513729,2.57E-56
3.195005,0.013359085,3.12E-56
3.19561,0.013787542,3.79E-56
3.196215,0.013836222,4.60E-56
3.19682,0.013804863,5.58E-56
3.197425,0.014077828,6.77E-56
3.19803,0.014783208,8.21E-56
3.198635,0.015584386,9.96E-56
3.19924,0.015932462,1.21E-55
3.199845,0.015640064,1.46E-55
3.20045,0.01511838,1.78E-55
3.201055,0.014952167,2.15E-55
3.20166,0.015359424,2.61E-55
3.202265,0.016128698,3.16E-55
3.20287,0.016911914,3.83E-55
3.203475,0.017462361,4.64E-55
3.20408,0.017678956,5.62E-55
3.204685,0.017571695,6.81E-55
3.20529,0.017264057,8.24E-55
3.205895,0.016984975,9.98E-55
3.2065,0.016951778,1.21E-54
3.207105,0.017183765,1.46E-54
3.20771,0.017425143,1.77E-54
3.208315,0.017337404,2.14E-54
3.20892,0.016849907,2.59E-54
3.209525,0.016310499,3.13E-54
3.21013,0.016242538,3.79E-54
3.210735,0.016879862,4.58E-54
3.21134,0.017890872,5.54E-54
3.211945,0.018634729,6.70E-54
3.21255,0.018751787,8.10E-54
3.213155,0.018453873,9.79E-54
3.21376,0.018243623,1.18E-53
3.214365,0.018434606,1.43E-53
3.21497,0.018938293,1.73E-53
3.215575,0.019396503,2.09E-53
3.21618,0.019455336,2.52E-53
3.216785,0.019029763,3.04E-53
3.21739,0.018417288,3.67E-53
3.217995,0.018075259,4.43E-53
3.2186,0.018219151,5.35E-53
3.219205,0.018683024,6.46E-53
3.21981,0.019131185,7.79E-53
3.220415,0.019316941,9.40E-53
3.22102,0.01917234,1.13E-52
3.221625,0.018761673,1.37E-52
3.22223,0.018222581,1.65E-52
3.222835,0.017716468,1.99E-52
3.22344,0.017322221,2.40E-52
3.224045,0.016930542,2.89E-52
3.22465,0.01631777,3.48E-52
3.225255,0.015426092,4.20E-52
3.22586,0.014549974,5.06E-52
3.226465,0.014101643,6.09E-52
3.22707,0.014159454,7.34E-52
3.227675,0.014375283,8.84E-52
3.22828,0.014363018,1.06E-51
3.228885,0.014074759,1.28E-51
3.22949,0.013748571,1.54E-51
3.230095,0.013575773,1.86E-51
3.2307,0.013527721,2.23E-51
3.231305,0.01345844,2.69E-51
3.23191,0.013218144,3.23E-51
3.232515,0.012666876,3.89E-51
3.23312,0.011750934,4.68E-51
3.233725,0.010653726,5.63E-51
3.23433,0.009771191,6.77E-51
3.234935,0.009402806,8.13E-51
3.23554,0.009474109,9.78E-51
3.236145,0.009655385,1.18E-50
3.23675,0.009715665,1.41E-50
3.237355,0.009647405,1.70E-50
3.23796,0.009481819,2.04E-50
3.238565,0.009125495,2.45E-50
3.23917,0.008453451,2.94E-50
3.239775,0.007536336,3.53E-50
3.24038,0.006682215,4.24E-50
3.240985,0.006166579,5.09E-50
3.24159,0.005912929,6.11E-50
3.242195,0.005510957,7.33E-50
3.2428,0.004637128,8.80E-50
3.243405,0.003451115,1.06E-49
3.24401,0.002498759,1.27E-49
3.244615,0.002217828,1.52E-49
3.24522,0.002558989,1.82E-49
3.245825,0.00304149,2.18E-49
3.24643,0.003151984,2.62E-49
3.247035,0.002725906,3.14E-49
3.24764,0.001995017,3.76E-49
3.248245,0.001331906,4.51E-49
3.24885,0.000966321,5.40E-49
3.249455,0.000858666,6.47E-49
3.25006,0.000743538,7.75E-49
3.250665,0.000322767,9.28E-49
3.25127,-0.000461195,1.11E-48
3.251875,-0.001336713,1.33E-48
3.25248,-0.001978815,1.59E-48
3.253085,-0.002324683,1.91E-48
3.25369,-0.002527135,2.28E-48
3.254295,-0.002710874,2.73E-48
3.2549,-0.00292355,3.27E-48
3.255505,-0.003273364,3.91E-48
3.25611,-0.003951598,4.67E-48
3.256715,-0.00502864,5.59E-48
3.25732,-0.00627311,6.68E-48
3.257925,-0.007296687,7.99E-48
3.25853,-0.007957301,9.55E-48
3.259135,-0.008565063,1.14E-47
3.25974,-0.009545333,1.36E-47
3.260345,-0.010877808,1.63E-47
3.26095,-0.012042338,1.95E-47
3.261555,-0.012585049,2.32E-47
3.26216,-0.01257266,2.78E-47
3.262765,-0.012422752,3.32E-47
3.26337,-0.012449842,3.96E-47
3.263975,-0.012695874,4.73E-47
3.26458,-0.013129122,5.64E-47
3.265185,-0.013840716,6.73E-47
3.26579,-0.01491807,8.03E-47
3.266395,-0.016142762,9.58E-47
3.267,-0.016993798,1.14E-46
3.267605,-0.017118115,1.36E-46
3.26821,-0.016769442,1.63E-46
3.268815,-0.01667922,1.94E-46
3.26942,-0.01750089,2.31E-46
3.270025,-0.019316017,2.76E-46
3.27063,-0.021462065,3.28E-46
3.271235,-0.022850766,3.91E-46
3.27184,-0.02279078,4.66E-46
3.272445,-0.021667973,5.55E-46
3.27305,-0.020646064,6.62E-46
3.273655,-0.020589976,7.88E-46
3.27426,-0.021397323,9.38E-46
3.274865,-0.02238152,1.12E-45
3.27547,-0.023072737,1.33E-45
3.276075,-0.023551996,1.58E-45
3.27668,-0.024181516,1.88E-45
3.277285,-0.025141883,2.24E-45
3.27789,-0.026230811,2.67E-45
3.278495,-0.027083265,3.17E-45
3.2791,-0.027496118,3.77E-45
3.279705,-0.027503161,4.49E-45
3.28031,-0.027287306,5.34E-45
3.280915,-0.027132685,6.34E-45
3.28152,-0.027347642,7.54E-45
3.282125,-0.028049976,8.96E-45
3.28273,-0.028985201,1.07E-44
3.283335,-0.02966703,1.27E-44
3.28394,-0.029803573,1.50E-44
3.284545,-0.029610324,1.79E-44
3.28515,-0.029669656,2.12E-44
3.285755,-0.030392536,2.52E-44
3.28636,-0.031598066,2.99E-44
3.286965,-0.032708395,3.55E-44
3.28757,-0.033319092,4.21E-44
3.288175,-0.033466959,5.00E-44
3.28878,-0.033440071,5.93E-44
3.289385,-0.033519434,7.04E-44
3.28999,-0.033899427,8.35E-44
3.290595,-0.034664321,9.90E-44
3.2912,-0.035680888,1.17E-43
3.291805,-0.036563339,1.39E-43
3.29241,-0.036930417,1.65E-43
3.293015,-0.036819974,1.96E-43
3.29362,-0.036799893,2.32E-43
3.294225,-0.037469781,2.75E-43
3.29483,-0.038777172,3.26E-43
3.295435,-0.040018771,3.86E-43
3.29604,-0.040586131,4.57E-43
3.296645,-0.040512317,5.41E-43
3.29725,-0.040262239,6.41E-43
3.297855,-0.040224627,7.59E-43
3.29846,-0.040528179,8.98E-43
3.299065,-0.041186953,1.06E-42
3.29967,-0.042138963,1.26E-42
3.300275,-0.043057919,1.49E-42
3.30088,-0.043378841,1.76E-42
3.301485,-0.042822104,2.08E-42
3.30209,-0.041912125,2.47E-42
3.302695,-0.041691331,2.92E-42
3.3033,-0.042727431,3.45E-42
3.303905,-0.044531904,4.08E-42
3.30451,-0.046032787,4.82E-42
3.305115,-0.04649024,5.69E-42
3.30572,-0.046006843,6.73E-42
3.306325,-0.045353564,7.95E-42
3.30693,-0.045314254,9.39E-42
3.307535,-0.046082558,1.11E-41
3.30814,-0.047167906,1.31E-41
3.308745,-0.047788144,1.55E-41
3.30935,-0.047453387,1.83E-41
3.309955,-0.046411096,2.16E-41
3.31056,-0.045573048,2.55E-41
3.311165,-0.04577813,3.00E-41
3.31177,-0.046974731,3.54E-41
3.312375,-0.048272293,4.18E-41
3.31298,-0.048846785,4.93E-41
3.313585,-0.048592548,5.82E-41
3.31419,-0.047952408,6.86E-41
3.314795,-0.047434514,8.09E-41
3.3154,-0.047300756,9.54E-41
3.316005,-0.047493695,1.12E-40
3.31661,-0.047742726,1.33E-40
3.317215,-0.047676799,1.56E-40
3.31782,-0.046903827,1.84E-40
3.318425,-0.045309608,2.17E-40
3.31903,-0.043500516,2.55E-40
3.319635,-0.042639643,3.01E-40
3.32024,-0.043369013,3.54E-40
3.320845,-0.0450036,4.17E-40
3.32145,-0.046189128,4.91E-40
3.322055,-0.046206829,5.78E-40
3.32266,-0.045350745,6.80E-40
3.323265,-0.04433752,8.00E-40
3.32387,-0.043711644,9.41E-40
3.324475,-0.043660171,1.11E-39
3.32508,-0.044052602,1.30E-39
3.325685,-0.044508226,1.53E-39
3.32629,-0.044512449,1.80E-39
3.326895,-0.043713432,2.12E-39
3.3275,-0.042327343,2.49E-39
3.328105,-0.041189955,2.93E-39
3.32871,-0.041086759,3.44E-39
3.329315,-0.041958576,4.04E-39
3.32992,-0.042990261,4.75E-39
3.330525,-0.04338963,5.57E-39
3.33113,-0.042869601,6.55E-39
3.331735,-0.041651595,7.69E-39
3.33234,-0.040320442,9.03E-39
3.332945,-0.039519776,1.06E-38
3.33355,-0.03950616,1.24E-38
3.334155,-0.039872706,1.46E-38
3.33476,-0.039724021,1.71E-38
3.335365,-0.03834149,2.01E-38
3.33597,-0.035968501,2.36E-38
3.336575,-0.033907432,2.77E-38
3.33718,-0.033440277,3.24E-38
3.337785,-0.034524992,3.80E-38
3.33839,-0.035882643,4.46E-38
3.338995,-0.036338964,5.23E-38
3.3396,-0.035692992,6.12E-38
3.340205,-0.03445914,7.18E-38
3.34081,-0.03328619,8.41E-38
3.341415,-0.032610166,9.85E-38
3.34202,-0.032493759,1.15E-37
3.342625,-0.032606362,1.35E-37
3.34323,-0.032394726,1.58E-37
3.343835,-0.031442961,1.85E-37
3.34444,-0.029883898,2.17E-37
3.345045,-0.028504421,2.54E-37
3.34565,-0.028162338,2.97E-37
3.346255,-0.028882095,3.48E-37
3.34686,-0.029777042,4.07E-37
3.347465,-0.030007249,4.76E-37
3.34807,-0.029477625,5.57E-37
3.348675,-0.028542922,6.51E-37
3.34928,-0.027478176,7.61E-37
3.349885,-0.026444876,8.90E-37
3.35049,-0.02570729,1.04E-36
3.351095,-0.025510702,1.22E-36
3.3517,-0.025625509,1.42E-36
3.352305,-0.025260454,1.66E-36
3.35291,-0.023781788,1.94E-36
3.353515,-0.021593523,2.27E-36
3.35412,-0.019981618,2.65E-36
3.354725,-0.019783635,3.09E-36
3.35533,-0.020463876,3.61E-36
3.355935,-0.020827124,4.21E-36
3.35654,-0.020327012,4.92E-36
3.357145,-0.019334028,5.74E-36
3.35775,-0.018426606,6.69E-36
3.358355,-0.017798837,7.81E-36
3.35896,-0.017304114,9.11E-36
3.359565,-0.016812695,1.06E-35
3.36017,-0.016344639,1.24E-35
3.360775,-0.015865713,1.45E-35
3.36138,-0.015147589,1.68E-35
3.361985,-0.014065799,1.96E-35
3.36259,-0.013001367,2.29E-35
3.363195,-0.012575289,2.67E-35
3.3638,-0.012870017,3.11E-35
3.364405,-0.013227217,3.62E-35
3.36501,-0.012884876,4.22E-35
3.365615,-0.011633395,4.91E-35
3.36622,-0.009937131,5.72E-35
3.366825,-0.008556856,6.66E-35
3.36743,-0.007946356,7.75E-35
3.368035,-0.007895197,9.03E-35
3.36864,-0.007766103,1.05E-34
3.369245,-0.007088791,1.22E-34
3.36985,-0.005892089,1.42E-34
3.370455,-0.004563013,1.65E-34
3.37106,-0.003560303,1.92E-34
3.371665,-0.003148299,2.24E-34
3.37227,-0.003189728,2.60E-34
3.372875,-0.00327064,3.03E-34
3.37348,-0.003077494,3.52E-34
3.374085,-0.002537768,4.09E-34
3.37469,-0.001702413,4.75E-34
3.375295,-0.000713825,5.52E-34
3.3759,0.00015119,6.41E-34
3.376505,0.000623619,7.45E-34
3.37711,0.000733858,8.65E-34
3.377715,0.000857074,1.00E-33
3.37832,0.001339432,1.17E-33
3.378925,0.002097578,1.35E-33
3.37953,0.002658322,1.57E-33
3.380135,0.002657694,1.82E-33
3.38074,0.002310098,2.12E-33
3.381345,0.002256143,2.46E-33
3.38195,0.002901511,2.85E-33
3.382555,0.004056375,3.30E-33
3.38316,0.005249271,3.83E-33
3.383765,0.006212092,4.44E-33
3.38437,0.006965344,5.15E-33
3.384975,0.007564763,5.97E-33
3.38558,0.007980549,6.92E-33
3.386185,0.008258627,8.02E-33
3.38679,0.008615275,9.29E-33
3.387395,0.009235823,1.08E-32
3.388,0.010018865,1.25E-32
3.388605,0.010631535,1.44E-32
3.38921,0.010878818,1.67E-32
3.389815,0.010946663,1.94E-32
3.39042,0.011212358,2.24E-32
3.391025,0.01189469,2.60E-32
3.39163,0.012914514,3.00E-32
3.392235,0.01396704,3.48E-32
3.39284,0.014688322,4.02E-32
3.393445,0.01487668,4.65E-32
3.39405,0.014666719,5.38E-32
3.394655,0.014461751,6.22E-32
3.39526,0.014592877,7.19E-32
3.395865,0.015018848,8.32E-32
3.39647,0.015371447,9.62E-32
3.397075,0.015271326,1.11E-31
3.39768,0.014664811,1.28E-31
3.398285,0.013946741,1.48E-31
3.39889,0.013700154,1.71E-31
3.399495,0.014219104,1.98E-31
3.4001,0.015264723,2.29E-31
3.400705,0.016292639,2.64E-31
3.40131,0.016919209,3.05E-31
3.401915,0.017156352,3.52E-31
3.40252,0.01722629,4.06E-31
3.403125,0.01727057,4.69E-31
3.40373,0.017315038,5.41E-31
3.404335,0.017401217,6.24E-31
3.40494,0.017555465,7.20E-31
3.405545,0.017645405,8.31E-31
3.40615,0.017486903,9.58E-31
3.406755,0.017127485,1.10E-30
3.40736,0.016852504,1.27E-30
3.407965,0.016907667,1.47E-30
3.40857,0.017308309,1.69E-30
3.409175,0.017850294,1.95E-30
3.40978,0.018250367,2.25E-30
3.410385,0.01835444,2.59E-30
3.41099,0.018238714,2.98E-30
3.411595,0.018081513,3.43E-30
3.4122,0.017970013,3.96E-30
3.412805,0.017852455,4.55E-30
3.41341,0.017619384,5.24E-30
3.414015,0.01720382,6.03E-30
3.41462,0.016667199,6.95E-30
3.415225,0.016211844,7.99E-30
3.41583,0.016044007,9.20E-30
3.416435,0.016216552,1.06E-29
3.41704,0.016635161,1.22E-29
3.417645,0.01714774,1.40E-29
3.41825,0.017586777,1.61E-29
3.418855,0.017822015,1.85E-29
3.41946,0.017833648,2.13E-29
3.420065,0.017708962,2.44E-29
3.42067,0.017565307,2.81E-29
3.421275,0.017465169,3.23E-29
3.42188,0.017356056,3.71E-29
3.422485,0.017100083,4.26E-29
3.42309,0.016631906,4.89E-29
3.423695,0.016085856,5.62E-29
3.4243,0.015692808,6.45E-29
3.424905,0.015567692,7.40E-29
3.42551,0.015658269,8.50E-29
3.426115,0.015830931,9.75E-29
3.42672,0.015930417,1.12E-28
3.427325,0.015825747,1.28E-28
3.42793,0.015475555,1.47E-28
3.428535,0.014950663,1.69E-28
3.42914,0.01437454,1.94E-28
3.429745,0.013803928,2.22E-28
3.43035,0.0131418,2.55E-28
3.430955,0.012214389,2.92E-28
3.43156,0.011016386,3.35E-28
3.432165,0.00987716,3.84E-28
3.43277,0.009257742,4.40E-28
3.433375,0.00929694,5.04E-28
3.43398,0.00961854,5.77E-28
3.434585,0.009657846,6.61E-28
3.43519,0.009182828,7.57E-28
3.435795,0.008487982,8.66E-28
3.4364,0.008067332,9.92E-28
3.437005,0.008109747,1.14E-27
3.43761,0.008351855,1.30E-27
3.438215,0.008394289,1.49E-27
3.43882,0.008078202,1.70E-27
3.439425,0.007541023,1.95E-27
3.44003,0.006985161,2.23E-27
3.440635,0.006478623,2.55E-27
3.44124,0.005987078,2.91E-27
3.441845,0.005526671,3.33E-27
3.44245,0.005212875,3.80E-27
3.443055,0.0051341,4.35E-27
3.44366,0.005200039,4.97E-27
3.444265,0.005158174,5.68E-27
3.44487,0.004778693,6.49E-27
3.445475,0.00404093,7.41E-27
3.44608,0.003158189,8.46E-27
3.446685,0.002378403,9.66E-27
3.44729,0.001725499,1.10E-26
3.447895,0.000987223,1.26E-26
3.4485,-1.11E-05,1.44E-26
3.449105,-0.001164093,1.64E-26
3.44971,-0.002160526,1.87E-26
3.450315,-0.002792465,2.14E-26
3.45092,-0.003119167,2.44E-26
3.451525,-0.003291276,2.78E-26
3.45213,-0.003337697,3.17E-26
3.452735,-0.003255669,3.62E-26
3.45334,-0.003234086,4.12E-26
3.453945,-0.003592339,4.70E-26
3.45455,-0.004426076,5.36E-26
3.455155,-0.005415469,6.10E-26
3.45576,-0.006088624,6.95E-26
3.456365,-0.006289247,7.92E-26
3.45697,-0.006366982,9.02E-26
3.457575,-0.006846595,1.03E-25
3.45818,-0.007844197,1.17E-25
3.458785,-0.008877093,1.33E-25
3.45939,-0.009353212,1.52E-25
3.459995,-0.009200078,1.73E-25
3.4606,-0.008912402,1.97E-25
3.461205,-0.009005779,2.24E-25
3.46181,-0.009538215,2.54E-25
3.462415,-0.010208156,2.89E-25
3.46302,-0.010803964,3.29E-25
3.463625,-0.01141427,3.74E-25
3.46423,-0.012202254,4.26E-25
3.464835,-0.013112232,4.84E-25
3.46544,-0.013925108,5.50E-25
3.466045,-0.014564233,6.26E-25
3.46665,-0.015186676,7.11E-25
3.467255,-0.015938198,8.08E-25
3.46786,-0.016722106,9.18E-25
3.468465,-0.017257238,1.04E-24
3.46907,-0.017377457,1.18E-24
3.469675,-0.01729871,1.34E-24
3.47028,-0.017519647,1.53E-24
3.470885,-0.018355105,1.73E-24
3.47149,-0.019586239,1.97E-24
3.472095,-0.020647881,2.23E-24
3.4727,-0.021161364,2.53E-24
3.473305,-0.021256294,2.87E-24
3.47391,-0.021422258,3.26E-24
3.474515,-0.022080178,3.70E-24
3.47512,-0.023220173,4.19E-24
3.475725,-0.024428695,4.76E-24
3.47633,-0.025310936,5.39E-24
3.476935,-0.025812738,6.11E-24
3.47754,-0.026076385,6.93E-24
3.478145,-0.026172255,7.85E-24
3.47875,-0.026179247,8.90E-24
3.479355,-0.026436678,1.01E-23
3.47996,-0.027402858,1.14E-23
3.480565,-0.029073801,1.29E-23
3.48117,-0.030686129,1.46E-23
3.481775,-0.031300136,1.66E-23
3.48238,-0.030808089,1.88E-23
3.482985,-0.030225792,2.13E-23
3.48359,-0.030765274,2.41E-23
3.484195,-0.032586848,2.72E-23
3.4848,-0.03462311,3.08E-23
3.485405,-0.035664602,3.48E-23
3.48601,-0.035468171,3.94E-23
3.486615,-0.034780151,4.46E-23
3.48722,-0.034472159,5.04E-23
3.487825,-0.03481708,5.70E-23
3.48843,-0.035518659,6.44E-23
3.489035,-0.036165157,7.28E-23
3.48964,-0.036506042,8.23E-23
3.490245,-0.036457486,9.30E-23
3.49085,-0.036116598,1.05E-22
3.491455,-0.035843615,1.19E-22
3.49206,-0.036108334,1.34E-22
3.492665,-0.037029815,1.51E-22
3.49327,-0.038154873,1.71E-22
3.493875,-0.038843947,1.93E-22
3.49448,-0.038808654,2.18E-22
3.495085,-0.038264958,2.46E-22
3.49569,-0.037731694,2.77E-22
3.496295,-0.037713966,3.13E-22
3.4969,-0.038412038,3.53E-22
3.497505,-0.039564001,3.98E-22
3.49811,-0.040554698,4.49E-22
3.498715,-0.040836266,5.06E-22
3.49932,-0.040411298,5.71E-22
3.499925,-0.039934882,6.43E-22
3.50053,-0.040207829,7.25E-22
3.501135,-0.041417101,8.17E-22
3.50174,-0.042933051,9.21E-22
3.502345,-0.043939996,1.04E-21
3.50295,-0.044136669,1.17E-21
3.503555,-0.043801474,1.32E-21
3.50416,-0.043416046,1.48E-21
3.504765,-0.043348565,1.67E-21
3.50537,-0.043762321,1.88E-21
3.505975,-0.044573522,2.12E-21
3.50658,-0.045349253,2.38E-21
3.507185,-0.045444548,2.68E-21
3.50779,-0.044597835,3.01E-21
3.508395,-0.043448007,3.39E-21
3.509,-0.043147061,3.81E-21
3.509605,-0.044219238,4.29E-21
3.51021,-0.045984573,4.82E-21
3.510815,-0.047295296,5.42E-21
3.51142,-0.047606337,6.10E-21
3.512025,-0.047197097,6.85E-21
3.51263,-0.046677438,7.70E-21
3.513235,-0.046502598,8.65E-21
3.51384,-0.046807118,9.72E-21
3.514445,-0.047444654,1.09E-20
3.51505,-0.048037123,1.23E-20
3.515655,-0.048099181,1.38E-20
3.51626,-0.047427769,1.55E-20
3.516865,-0.046495301,1.74E-20
3.51747,-0.046213087,1.95E-20
3.518075,-0.047038248,2.19E-20
3.51868,-0.048444441,2.45E-20
3.519285,-0.049478708,2.75E-20
3.51989,-0.049620295,3.09E-20
3.520495,-0.048958954,3.47E-20
3.5211,-0.047918721,3.89E-20
3.521705,-0.047035684,4.36E-20
3.52231,-0.046735092,4.89E-20
3.522915,-0.047040298,5.48E-20
3.52352,-0.04741944,6.14E-20
3.524125,-0.047026271,6.88E-20
3.52473,-0.045393911,7.71E-20
3.525335,-0.043104688,8.64E-20
3.52594,-0.041570484,9.68E-20
3.526545,-0.041751286,1.08E-19
3.52715,-0.04312157,1.21E-19
3.527755,-0.044245275,1.36E-19
3.52836,-0.044237699,1.52E-19
3.528965,-0.04332058,1.70E-19
3.52957,-0.042214452,1.91E-19
3.530175,-0.041428895,2.13E-19
3.53078,-0.041061713,2.39E-19
3.531385,-0.040974865,2.67E-19
3.53199,-0.040968283,2.99E-19
3.532595,-0.040742786,3.34E-19
3.5332,-0.039912689,3.73E-19
3.533805,-0.038406045,4.18E-19
3.53441,-0.036885923,4.67E-19
3.535015,-0.036346521,5.22E-19
3.53562,-0.037034209,5.83E-19
3.536225,-0.038091393,6.51E-19
3.53683,-0.038440251,7.28E-19
3.537435,-0.03771263,8.13E-19
3.53804,-0.036315239,9.08E-19
3.538645,-0.034972222,1.01E-18
3.53925,-0.034261949,1.13E-18
3.539855,-0.034294546,1.26E-18
3.54046,-0.034611307,1.41E-18
3.541065,-0.034442264,1.57E-18
3.54167,-0.033282073,1.76E-18
3.542275,-0.031382682,1.96E-18
3.54288,-0.029683567,2.19E-18
3.543485,-0.02907019,2.44E-18
3.54409,-0.029533226,2.72E-18
3.544695,-0.030196798,3.03E-18
3.5453,-0.030250584,3.38E-18
3.545905,-0.029586974,3.77E-18
3.54651,-0.028546575,4.20E-18
3.547115,-0.027475682,4.68E-18
3.54772,-0.026638416,5.22E-18
3.548325,-0.026247309,5.82E-18
3.54893,-0.026328135,6.48E-18
3.549535,-0.02653385,7.22E-18
3.55014,-0.026250095,8.04E-18
3.550745,-0.025108569,8.95E-18
3.55135,-0.023509569,9.96E-18
3.551955,-0.022467482,1.11E-17
3.55256,-0.022636836,1.23E-17
3.553165,-0.023548248,1.37E-17
3.55377,-0.024081657,1.53E-17
3.554375,-0.023578536,1.70E-17
3.55498,-0.022277402,1.89E-17
3.555585,-0.020865982,2.10E-17
3.55619,-0.01986517,2.34E-17
3.556795,-0.019386409,2.60E-17
3.5574,-0.019249153,2.89E-17
3.558005,-0.019142814,3.21E-17
3.55861,-0.018699065,3.57E-17
3.559215,-0.017630843,3.97E-17
3.55982,-0.016035101,4.41E-17
3.560425,-0.014549321,4.90E-17
3.56103,-0.013894376,5.44E-17
3.561635,-0.014132373,6.04E-17
3.56224,-0.014618708,6.71E-17
3.562845,-0.014680489,7.44E-17
3.56345,-0.01407083,8.26E-17
3.564055,-0.012882429,9.17E-17
3.56466,-0.011399469,1.02E-16
3.565265,-0.010065975,1.13E-16
3.56587,-0.009281686,1.25E-16
3.566475,-0.009021268,1.39E-16
3.56708,-0.008781273,1.54E-16
3.567685,-0.008061344,1.71E-16
3.56829,-0.006869898,1.89E-16
3.568895,-0.005733706,2.10E-16
3.5695,-0.005202244,2.33E-16
3.570105,-0.005299065,2.58E-16
3.57071,-0.005509863,2.86E-16
3.571315,-0.00529547,3.17E-16
3.57192,-0.004485527,3.51E-16
3.572525,-0.003252401,3.89E-16
3.57313,-0.001935175,4.30E-16
3.573735,-0.000912657,4.77E-16
3.57434,-0.000436495,5.28E-16
3.574945,-0.000388635,5.84E-16
3.57555,-0.000250942,6.46E-16
3.576155,0.000482444,7.15E-16
3.57676,0.001791376,7.91E-16
3.577365,0.003080205,8.76E-16
3.57797,0.003712359,9.68E-16
3.578575,0.003626501,1.07E-15
3.57918,0.003343167,1.18E-15
3.579785,0.003376258,1.31E-15
3.58039,0.003821112,1.45E-15
3.580995,0.004498093,1.60E-15
3.5816,0.005245214,1.77E-15
3.582205,0.005952296,1.95E-15
3.58281,0.006429468,2.16E-15
3.583415,0.006482416,2.38E-15
3.58402,0.006222785,2.63E-15
3.584625,0.006112915,2.91E-15
3.58523,0.00650924,3.21E-15
3.585835,0.007215825,3.55E-15
3.58644,0.007633736,3.91E-15
3.587045,0.00740433,4.32E-15
3.58765,0.006842888,4.77E-15
3.588255,0.006686808,5.26E-15
3.58886,0.007447301,5.80E-15
3.589465,0.008964313,6.40E-15
3.59007,0.010518023,7.06E-15
3.590675,0.011436705,7.78E-15
3.59128,0.011646422,8.58E-15
3.591885,0.011610497,9.46E-15
3.59249,0.011825774,1.04E-14
3.593095,0.01246045,1.15E-14
3.5937,0.013359073,1.27E-14
3.594305,0.014216747,1.40E-14
3.59491,0.01474591,1.54E-14
3.595515,0.014844716,1.69E-14
3.59612,0.014708074,1.86E-14
3.596725,0.014731467,2.05E-14
3.59733,0.015245945,2.26E-14
3.597935,0.016258711,2.49E-14
3.59854,0.017364363,2.74E-14
3.599145,0.017983821,3.01E-14
3.59975,0.017829413,3.32E-14
3.600355,0.017176739,3.65E-14
3.60096,0.016665315,4.01E-14
3.601565,0.01676916,4.41E-14
3.60217,0.017369231,4.85E-14
3.602775,0.017831438,5.33E-14
3.60338,0.017584726,5.86E-14
3.603985,0.016695505,6.45E-14
3.60459,0.015829865,7.08E-14
3.605195,0.015590026,7.78E-14
3.6058,0.015995643,8.55E-14
3.606405,0.016666603,9.39E-14
3.60701,0.017291967,1.03E-13
3.607615,0.017789721,1.13E-13
3.60822,0.018169892,1.24E-13
3.608825,0.018388232,1.37E-13
3.60943,0.018363172,1.50E-13
3.610035,0.018142697,1.65E-13
3.61064,0.017967934,1.81E-13
3.611245,0.018032586,1.98E-13
3.61185,0.018206665,2.17E-13
3.612455,0.018168427,2.38E-13
3.61306,0.017817397,2.62E-13
3.613665,0.017391391,2.87E-13
3.61427,0.017193075,3.14E-13
3.614875,0.017352214,3.45E-13
3.61548,0.017779429,3.78E-13
3.616085,0.018210832,4.14E-13
3.61669,0.018372211,4.54E-13
3.617295,0.018183944,4.97E-13
3.6179,0.017787509,5.45E-13
3.618505,0.017404462,5.96E-13
3.61911,0.017185796,6.53E-13
3.619715,0.017094038,7.15E-13
3.62032,0.01686979,7.83E-13
3.620925,0.016228735,8.57E-13
3.62153,0.015206009,9.38E-13
3.622135,0.014230998,1.03E-12
3.62274,0.013773251,1.12E-12
3.623345,0.013960452,1.23E-12
3.62395,0.014526491,1.34E-12
3.624555,0.015032393,1.47E-12
3.62516,0.015165321,1.61E-12
3.625765,0.014926017,1.76E-12
3.62637,0.014564542,1.92E-12
3.626975,0.014329562,2.10E-12
3.62758,0.014250723,2.30E-12
3.628185,0.014123619,2.51E-12
3.62879,0.013704576,2.74E-12
3.629395,0.012971934,2.99E-12
3.63,0.01222045,3.27E-12
3.630605,0.011815988,3.57E-12
3.63121,0.01181092,3.90E-12
3.631815,0.011907047,4.26E-12
3.63242,0.011841145,4.65E-12
3.633025,0.011672054,5.07E-12
3.63363,0.011595263,5.53E-12
3.634235,0.011579042,6.04E-12
3.63484,0.011354639,6.59E-12
3.635445,0.010767533,7.19E-12
3.63605,0.009978679,7.84E-12
3.636655,0.009258978,8.55E-12
3.63726,0.008678961,9.32E-12
3.637865,0.008072293,1.02E-11
3.63847,0.007293529,1.11E-11
3.639075,0.006437521,1.21E-11
3.63968,0.005732793,1.31E-11
3.640285,0.005273164,1.43E-11
3.64089,0.004965131,1.56E-11
3.641495,0.004718506,1.70E-11
3.6421,0.004572628,1.85E-11
3.642705,0.004587606,2.02E-11
3.64331,0.004673879,2.19E-11
3.643915,0.004604549,2.39E-11
3.64452,0.004193674,2.60E-11
3.645125,0.003443431,2.83E-11
3.64573,0.002543369,3.08E-11
3.646335,0.001723489,3.35E-11
3.64694,0.001074445,3.64E-11
3.647545,0.0005241,3.96E-11
3.64815,4.41E-06,4.31E-11
3.648755,-0.000405859,4.68E-11
3.64936,-0.000568737,5.09E-11
3.649965,-0.000520522,5.54E-11
3.65057,-0.000543908,6.02E-11
3.651175,-0.000957265,6.54E-11
3.65178,-0.001848545,7.10E-11
3.652385,-0.003003774,7.72E-11
3.65299,-0.004069182,8.38E-11
3.653595,-0.004824835,9.10E-11
3.6542,-0.005354717,9.88E-11
3.654805,-0.005959977,1.07E-10
3.65541,-0.006873969,1.16E-10
3.656015,-0.008009378,1.26E-10
3.65662,-0.008986296,1.37E-10
3.657225,-0.009457448,1.49E-10
3.65783,-0.009419083,1.61E-10
3.658435,-0.009192329,1.75E-10
3.65904,-0.009112164,1.90E-10
3.659645,-0.009279517,2.06E-10
3.66025,-0.009621729,2.23E-10
3.660855,-0.010066039,2.42E-10
3.66146,-0.010552115,2.62E-10
3.662065,-0.010982327,2.84E-10
3.66267,-0.011296831,3.08E-10
3.663275,-0.01158822,3.34E-10
3.66388,-0.012060439,3.62E-10
3.664485,-0.012799639,3.92E-10
3.66509,-0.013595129,4.24E-10
3.665695,-0.014100149,4.59E-10
3.6663,-0.014216519,4.97E-10
3.666905,-0.014223876,5.39E-10
3.66751,-0.01447056,5.83E-10
3.668115,-0.015031926,6.31E-10
3.66872,-0.015751205,6.82E-10
3.669325,-0.016508105,7.38E-10
3.66993,-0.01731075,7.99E-10
3.670535,-0.018167423,8.64E-10
3.67114,-0.018991665,9.34E-10
3.671745,-0.019687819,1.01E-09
3.67235,-0.020311176,1.09E-09
3.672955,-0.021057702,1.18E-09
3.67356,-0.022031819,1.28E-09
3.674165,-0.023072673,1.38E-09
3.67477,-0.023856465,1.49E-09
3.675375,-0.024166987,1.61E-09
3.67598,-0.024106713,1.74E-09
3.676585,-0.024067051,1.88E-09
3.67719,-0.024430825,2.03E-09
3.677795,-0.025254289,2.19E-09
3.6784,-0.026234075,2.36E-09
3.679005,-0.026966666,2.55E-09
3.67961,-0.027247575,2.75E-09
3.680215,-0.027224531,2.97E-09
3.68082,-0.027354408,3.20E-09
3.681425,-0.028096701,3.45E-09
3.68203,-0.029468308,3.72E-09
3.682635,-0.030940075,4.02E-09
3.68324,-0.031894502,4.33E-09
3.683845,-0.032167049,4.67E-09
3.68445,-0.032117618,5.03E-09
3.685055,-0.032246441,5.42E-09
3.68566,-0.032797973,5.84E-09
3.686265,-0.033702835,6.30E-09
3.68687,-0.034754529,6.78E-09
3.687475,-0.035703636,7.31E-09
3.68808,-0.036277273,7.87E-09
3.688685,-0.036381952,8.47E-09
3.68929,-0.036374316,9.12E-09
3.689895,-0.036868178,9.82E-09
3.6905,-0.038053615,1.06E-08
3.691105,-0.039386164,1.14E-08
3.69171,-0.04013971,1.22E-08
3.692315,-0.040105685,1.32E-08
3.69292,-0.039648644,1.42E-08
3.693525,-0.039289088,1.52E-08
3.69413,-0.039363781,1.64E-08
3.694735,-0.03993106,1.76E-08
3.69534,-0.040777204,1.89E-08
3.695945,-0.041464443,2.03E-08
3.69655,-0.041545543,2.19E-08
3.697155,-0.040959121,2.35E-08
3.69776,-0.040266222,2.52E-08
3.698365,-0.040284092,2.71E-08
3.69897,-0.041275862,2.91E-08
3.699575,-0.042631812,3.13E-08
3.70018,-0.043515836,3.36E-08
3.700785,-0.043640874,3.61E-08
3.70139,-0.043311415,3.87E-08
3.701995,-0.042991335,4.16E-08
3.7026,-0.04299833,4.46E-08
3.703205,-0.043442888,4.79E-08
3.70381,-0.044244789,5.13E-08
3.704415,-0.04512832,5.51E-08
3.70502,-0.045676039,5.91E-08
3.705625,-0.045577522,6.33E-08
3.70623,-0.044988553,6.79E-08
3.706835,-0.044578621,7.28E-08
3.70744,-0.044975711,7.80E-08
3.708045,-0.04612309,8.36E-08
3.70865,-0.047333754,8.96E-08
3.709255,-0.047911181,9.60E-08
3.70986,-0.047619791,1.03E-07
3.710465,-0.046750427,1.10E-07
3.71107,-0.04590048,1.18E-07
3.711675,-0.045583517,1.26E-07
3.71228,-0.045874024,1.35E-07
3.712885,-0.04633875,1.45E-07
3.71349,-0.04633333,1.55E-07
3.714095,-0.045506832,1.66E-07
3.7147,-0.044193282,1.77E-07
3.715305,-0.043287332,1.90E-07
3.71591,-0.043475374,2.03E-07
3.716515,-0.044522305,2.17E-07
3.71712,-0.045520561,2.32E-07
3.717725,-0.045787256,2.48E-07
3.71833,-0.04531349,2.65E-07
3.718935,-0.044522603,2.84E-07
3.71954,-0.043886825,3.03E-07
3.720145,-0.043718986,3.24E-07
3.72075,-0.044072502,3.46E-07
3.721355,-0.044656255,3.70E-07
3.72196,-0.04489583,3.95E-07
3.722565,-0.044351092,4.22E-07
3.72317,-0.043266386,4.51E-07
3.723775,-0.042564136,4.81E-07
3.72438,-0.042983537,5.14E-07
3.724985,-0.044225837,5.48E-07
3.72559,-0.045247324,5.85E-07
3.726195,-0.045362741,6.24E-07
3.7268,-0.04476713,6.66E-07
3.727405,-0.044081662,7.10E-07
3.72801,-0.043701246,7.58E-07
3.728615,-0.043587409,8.08E-07
3.72922,-0.043503272,8.61E-07
3.729825,-0.043250354,9.18E-07
3.73043,-0.042602154,9.79E-07
3.731035,-0.041260121,1.04E-06
3.73164,-0.039247503,1.11E-06
3.732245,-0.037332163,1.18E-06
3.73285,-0.036602744,1.26E-06
3.733455,-0.037358357,1.34E-06
3.73406,-0.03869606,1.43E-06
3.734665,-0.039381105,1.52E-06
3.73527,-0.038895797,1.62E-06
3.735875,-0.03762666,1.73E-06
3.73648,-0.036334645,1.84E-06
3.737085,-0.035553586,1.96E-06
3.73769,-0.035364565,2.08E-06
3.738295,-0.035503921,2.21E-06
3.7389,-0.035493639,2.36E-06
3.739505,-0.034819956,2.51E-06
3.74011,-0.033353901,2.66E-06
3.740715,-0.03170596,2.83E-06
3.74132,-0.0308791,3.01E-06
3.741925,-0.031296037,3.20E-06
3.74253,-0.032308212,3.40E-06
3.743135,-0.03284411,3.62E-06
3.74374,-0.032358247,3.84E-06
3.744345,-0.031090401,4.08E-06
3.74495,-0.029691057,4.33E-06
3.745555,-0.02872075,4.60E-06
3.74616,-0.028361477,4.89E-06
3.746765,-0.02840014,5.19E-06
3.74737,-0.028334169,5.51E-06
3.747975,-0.027599394,5.85E-06
3.74858,-0.026012553,6.20E-06
3.749185,-0.024130399,6.58E-06
3.74979,-0.022949566,6.99E-06
3.750395,-0.022972493,7.41E-06
3.751,-0.023679295,7.86E-06
3.751605,-0.024122071,8.33E-06
3.75221,-0.023815443,8.84E-06
3.752815,-0.022905057,9.37E-06
3.75342,-0.021811502,9.93E-06
3.754025,-0.020912723,1.05E-05
3.75463,-0.020402963,1.12E-05
3.755235,-0.020280195,1.18E-05
3.75584,-0.020340428,1.25E-05
3.756445,-0.02017594,1.33E-05
3.75705,-0.019408813,1.40E-05
3.757655,-0.018142434,1.49E-05
3.75826,-0.017067034,1.57E-05
3.758865,-0.016804989,1.67E-05
3.75947,-0.017176152,1.76E-05
3.760075,-0.017422374,1.87E-05
3.76068,-0.01705803,1.97E-05
3.761285,-0.016178098,2.09E-05
3.76189,-0.015097279,2.21E-05
3.762495,-0.014018343,2.34E-05
3.7631,-0.013034692,2.47E-05
3.763705,-0.012298446,2.61E-05
3.76431,-0.012036883,2.76E-05
3.764915,-0.012234316,2.92E-05
3.76552,-0.012317518,3.09E-05
3.766125,-0.011491087,3.26E-05
3.76673,-0.009640501,3.45E-05
3.767335,-0.007645576,3.64E-05
3.76794,-0.006500618,3.85E-05
3.768545,-0.006345005,4.06E-05
3.76915,-0.006501825,4.29E-05
3.769755,-0.006167235,4.53E-05
3.77036,-0.005023316,4.78E-05
3.770965,-0.003473986,5.05E-05
3.77157,-0.00231265,5.32E-05
3.772175,-0.001999435,5.62E-05
3.77278,-0.002243764,5.93E-05
3.773385,-0.002327779,6.25E-05
3.77399,-0.001799169,6.59E-05
3.774595,-0.000839414,6.95E-05
3.7752,-4.98E-05,7.33E-05
3.775805,0.000119614,7.73E-05
3.77641,-0.000164943,8.15E-05
3.777015,-0.000283049,8.59E-05
3.77762,0.000162387,9.05E-05
3.778225,0.001020385,9.53E-05
3.77883,0.001957644,0.0001
3.779435,0.002855079,0.000106
3.78004,0.003739206,0.000111
3.780645,0.004525489,0.000117
3.78125,0.00502837,0.000124
3.781855,0.005247701,0.00013
3.78246,0.005523462,0.000137
3.783065,0.006261478,0.000144
3.78367,0.007443019,0.000152
3.784275,0.008514158,0.000159
3.78488,0.008944105,0.000168
3.785485,0.008835259,0.000176
3.78609,0.008789727,0.000186
3.786695,0.009255212,0.000195
3.7873,0.01016816,0.000205
3.787905,0.011138827,0.000216
3.78851,0.011826709,0.000227
3.789115,0.012156809,0.000238
3.78972,0.012274841,0.00025
3.790325,0.012347706,0.000263
3.79093,0.012416596,0.000276
3.791535,0.012444351,0.00029
3.79214,0.012437602,0.000304
3.792745,0.012436171,0.00032
3.79335,0.012451861,0.000335
3.793955,0.0124959,0.000352
3.79456,0.012592435,0.00037
3.795165,0.01276912,0.000388
3.79577,0.013119485,0.000407
3.796375,0.013773637,0.000427
3.79698,0.014664366,0.000448
3.797585,0.0154067,0.000469
3.79819,0.015600254,0.000492
3.798795,0.015292263,0.000516
3.7994,0.01500917,0.000541
3.800005,0.015236197,0.000567
3.80061,0.01590919,0.000594
3.801215,0.016481273,0.000622
3.80182,0.016514347,0.000652
3.802425,0.016172066,0.000683
3.80303,0.016041439,0.000715
3.803635,0.01648764,0.000749
3.80424,0.017305842,0.000784
3.804845,0.01799742,0.000821
3.80545,0.018255479,0.000859
3.806055,0.018133223,0.000899
3.80666,0.017847904,0.000941
3.807265,0.017567799,0.000984
3.80787,0.017386495,0.00103
3.808475,0.017353537,0.001077
3.80908,0.017409069,0.001126
3.809685,0.017293538,0.001177
3.81029,0.01667925,0.001231
3.810895,0.015580633,0.001287
3.8115,0.014583247,0.001345
3.812105,0.014420309,0.001405
3.81271,0.015236851,0.001468
3.813315,0.016402492,0.001534
3.81392,0.017113086,0.001602
3.814525,0.017073609,0.001673
3.81513,0.016568464,0.001747
3.815735,0.016051458,0.001824
3.81634,0.015784027,0.001904
3.816945,0.01573503,0.001988
3.81755,0.015673741,0.002074
3.818155,0.01536735,0.002164
3.81876,0.014778336,0.002258
3.819365,0.014114583,0.002356
3.81997,0.01364926,0.002457
3.820575,0.013465888,0.002562
3.82118,0.013418922,0.002671
3.821785,0.013339517,0.002785
3.82239,0.013206341,0.002903
3.822995,0.01308093,0.003026
3.8236,0.012932286,0.003153
3.824205,0.012620148,0.003285
3.82481,0.012065239,0.003422
3.825415,0.011352025,0.003565
3.82602,0.010616384,0.003713
3.826625,0.009868444,0.003866
3.82723,0.008999783,0.004025
3.827835,0.008014372,0.00419
3.82844,0.007166949,0.004361
3.829045,0.00674024,0.004539
3.82965,0.006725963,0.004723
3.830255,0.006836173,0.004913
3.83086,0.006797279,0.005111
3.831465,0.006553969,0.005316
3.83207,0.006209191,0.005528
3.832675,0.005849973,0.005748
3.83328,0.005468455,0.005976
3.833885,0.005021168,0.006212
3.83449,0.004524336,0.006456
3.835095,0.004043026,0.006709
3.8357,0.00356048,0.006971
3.836305,0.002949253,0.007242
3.83691,0.002167718,0.007522
3.837515,0.001420356,0.007812
3.83812,0.001018085,0.008112
3.838725,0.001058288,0.008422
3.83933,0.001266923,0.008743
3.839935,0.00122078,0.009075
3.84054,0.000759709,0.009418
3.841145,0.000103828,0.009773
3.84175,-0.000471099,0.010139
3.842355,-0.000963272,0.010518
3.84296,-0.001580327,0.010909
3.843565,-0.002450122,0.011313
3.84417,-0.003501449,0.01173
3.844775,-0.004555614,0.012161
3.84538,-0.005438003,0.012605
3.845985,-0.006070833,0.013065
3.84659,-0.006525616,0.013538
3.847195,-0.006932271,0.014027
3.8478,-0.007325469,0.014532
3.848405,-0.00763153,0.015052
3.84901,-0.007817512,0.015589
3.849615,-0.008014626,0.016143
3.85022,-0.008421526,0.016714
3.850825,-0.009073938,0.017302
3.85143,-0.00981347,0.017909
3.852035,-0.010534598,0.018534
3.85264,-0.011353451,0.019178
3.853245,-0.012411577,0.019841
3.85385,-0.013572537,0.020525
3.854455,-0.014494217,0.021228
3.85506,-0.015016928,0.021953
3.855665,-0.01532295,0.022699
3.85627,-0.015691505,0.023467
3.856875,-0.016227043,0.024258
3.85748,-0.016875111,0.025071
3.858085,-0.017617087,0.025908
3.85869,-0.018534903,0.026769
3.859295,-0.019673557,0.027655
3.8599,-0.020934532,0.028566
3.860505,-0.02214643,0.029502
3.86111,-0.023212319,0.030464
3.861715,-0.024186915,0.031453
3.86232,-0.025201365,3.25E-02
3.862925,-0.026285222,0.033515
3.86353,-0.027281426,0.034588
3.864135,-0.027974916,0.03569
3.86474,-0.028311918,0.036822
3.865345,-0.028479056,0.037984
3.86595,-0.02876081,0.039177
3.866555,-0.029327371,0.040401
3.86716,-0.030140901,0.041658
3.867765,-0.031018102,0.042948
3.86837,-0.031779934,0.044271
3.868975,-0.032386081,0.045628
3.86958,-0.032958376,0.04702
3.870185,-0.033666205,0.048447
3.87079,-0.03454318,0.04991
3.871395,-0.035412479,0.051409
3.872,-0.036054549,0.052946
3.872605,-0.0364365,0.054521
3.87321,-0.036709195,0.056135
3.873815,-0.037029082,0.057788
3.87442,-0.037470435,0.05948
3.875025,-0.038073255,0.061213
3.87563,-0.038874122,0.062988
3.876235,-0.039834548,0.064804
3.87684,-0.040776072,0.066663
3.877445,-0.041496206,0.068566
3.87805,-0.042017118,0.070512
3.878655,-0.042655564,0.072503
3.87926,-0.043701284,0.074539
3.879865,-0.044994689,0.076621
3.88047,-0.045985207,0.078749
3.881075,-0.046304698,0.080925
3.88168,-0.046168632,0.083149
3.882285,-0.046122267,0.085421
3.88289,-0.046458325,0.087742
3.883495,-0.046988886,0.090114
3.8841,-0.047402656,0.092535
3.884705,-0.047692774,0.095008
3.88531,-0.048068424,0.097533
3.885915,-0.048539389,0.10011
3.88652,-0.048856524,0.10274
3.887125,-0.048938415,0.105423
3.88773,-0.049126485,0.108161
3.888335,-0.049813477,0.110954
3.88894,-0.050910657,0.113802
3.889545,-0.051834601,0.116706
3.89015,-0.052006776,0.119666
3.890755,-0.051362669,0.122684
3.89136,-0.050448196,0.125759
3.891965,-0.050017743,0.128892
3.89257,-0.050449741,0.132084
3.893175,-0.051476136,0.135335
3.89378,-0.052459457,0.138646
3.894385,-0.05295473,0.142017
3.89499,-0.053019416,0.145448
3.895595,-0.053011866,0.148941
3.8962,-0.053166411,0.152495
3.896805,-0.053402726,0.156111
3.89741,-0.053496877,0.159789
3.898015,-0.053348853,0.163529
3.89862,-0.053034835,0.167333
3.899225,-0.052651262,0.1712
3.89983,-0.052209676,0.175131
3.900435,-0.051711402,0.179125
3.90104,-0.051267906,0.183184
3.901645,-0.051061776,0.187307
3.90225,-0.051122591,0.191495
3.902855,-0.051184285,0.195748
3.90346,-0.050905206,0.200066
3.904065,-0.050280146,0.204449
3.90467,-0.049709732,0.208897
3.905275,-0.049547484,0.213411
3.90588,-0.049664667,0.21799
3.906485,-0.049601454,0.222635
3.90709,-0.049076033,0.227345
3.907695,-0.048205651,0.232121
3.9083,-0.047295256,0.236963
3.908905,-0.046550362,0.241869
3.90951,-0.045990546,0.246842
3.910115,-0.045548142,0.251879
3.91072,-0.04518002,0.256982
3.911325,-0.04487675,0.262149
3.91193,-0.044611266,0.267381
3.912535,-0.044318777,0.272677
3.91314,-0.043925406,0.278037
3.913745,-0.04338241,0.283461
3.91435,-0.042688767,0.288949
3.914955,-0.041895563,0.294499
3.91556,-0.041042912,0.300112
3.916165,-0.040082752,0.305787
3.91677,-0.038950279,0.311523
3.917375,-0.037724273,0.317321
3.91798,-0.036615038,0.323179
3.918585,-0.035754605,0.329096
3.91919,-0.035046778,0.335073
3.919795,-0.034251977,0.341108
3.9204,-0.033221936,0.347201
3.921005,-0.032067536,0.353351
3.92161,-0.03108669,0.359557
3.922215,-0.030462601,0.365818
3.92282,-0.030016049,0.372133
3.923425,-0.029323874,0.378502
3.92403,-0.028103036,0.384923
3.924635,-0.026455492,0.391396
3.92524,-0.024787281,0.397919
3.925845,-0.023520865,0.404492
3.92645,-0.022796062,0.411112
3.927055,-0.022368939,0.41778
3.92766,-0.021828499,0.424493
3.928265,-0.020961163,0.431251
3.92887,-0.019917346,0.438052
3.929475,-0.019046281,0.444895
3.93008,-0.01859379,0.451778
3.930685,-0.018514128,0.458701
3.93129,-0.018493022,0.465661
3.931895,-0.018135591,0.472657
3.9325,-0.0171775,0.479688
3.933105,-0.015606864,0.486752
3.93371,-0.013707045,0.493848
3.934315,-0.011984421,0.500973
3.93492,-0.010866635,0.508127
3.935525,-0.01031904,0.515306
3.93613,-0.009812899,0.522511
3.936735,-0.008802357,0.529738
3.93734,-0.0072602,0.536987
3.937945,-0.005692865,0.544255
3.93855,-0.004623352,0.55154
3.939155,-0.004082103,0.55884
3.93976,-0.003579763,0.566154
3.940365,-0.002562142,0.57348
3.94097,-0.000905242,0.580814
3.941575,0.001049057,0.588157
3.94218,0.002919965,0.595504
3.942785,0.004650582,0.602855
3.94339,0.006408132,0.610207
3.943995,0.008224811,0.617557
3.9446,0.009881974,0.624905
3.945205,0.011181494,0.632247
3.94581,0.012214901,0.639581
3.946415,0.01325709,0.646905
3.94702,0.0144186,0.654217
3.947625,0.01549674,0.661515
3.94823,0.016234583,0.668795
3.948835,0.016708329,0.676057
3.94944,0.017379071,0.683296
3.950045,0.018714039,0.690512
3.95065,0.02075339,0.697702
3.951255,0.023045912,0.704863
3.95186,0.025013094,0.711993
3.952465,0.026394826,0.719089
3.95307,0.027386681,0.726149
3.953675,0.028398711,0.733171
3.95428,0.029660176,0.740152
3.954885,0.031000759,0.74709
3.95549,0.032031482,0.753981
3.956095,0.032573353,0.760825
3.9567,0.032872337,0.767618
3.957305,0.03334102,0.774358
3.95791,0.034141145,0.781042
3.958515,0.035148232,0.787669
3.95912,0.036286117,0.794235
3.959725,0.037646553,0.800737
3.96033,0.039186003,0.807175
3.960935,0.040535129,0.813545
3.96154,0.04132746,0.819844
3.962145,0.041645494,0.826071
3.96275,0.041950508,0.832223
3.963355,0.042540321,0.838298
3.96396,0.043176697,0.844293
3.964565,0.043322917,0.850205
3.96517,0.04278386,0.856034
3.965775,0.042060612,0.861776
3.96638,0.041935639,0.867428
3.966985,0.042716208,0.87299
3.96759,0.044032501,0.878458
3.968195,0.045326122,0.883831
3.9688,0.046332296,0.889106
3.969405,0.047090985,0.894281
3.97001,0.047687191,0.899354
3.970615,0.048106112,0.904322
3.97122,0.048320869,0.909185
3.971825,0.048409937,0.91394
3.97243,0.048467157,0.918584
3.973035,0.048420369,0.923116
3.97364,0.048113109,0.927535
3.974245,0.047600677,0.931837
3.97485,0.047185754,0.936023
3.975455,0.047119312,0.940088
3.97606,0.047416332,0.944033
3.976665,0.047946288,0.947855
3.97727,0.048539185,0.951553
3.977875,0.049023797,0.955124
3.97848,0.049310813,0.958569
3.979085,0.049459509,0.961884
3.97969,0.049583284,0.965069
3.980295,0.049653566,0.968122
3.9809,0.049422407,0.971043
3.981505,0.048600354,0.973829
3.98211,0.047175985,0.976479
3.982715,0.045548735,0.978993
3.98332,0.044266542,0.981369
3.983925,0.043621511,0.983607
3.98453,0.043551093,0.985705
3.985135,0.043856931,0.987662
3.98574,0.044356376,0.989477
3.986345,0.044828851,0.991151
3.98695,0.045015425,0.992681
3.987555,0.04482036,0.994067
3.98816,0.044453675,0.995309
3.988765,0.044215092,0.996407
3.98937,0.044110483,0.997359
3.989975,0.043792476,0.998165
3.99058,0.042916453,0.998825
3.991185,0.041508989,0.999339
3.99179,0.039989886,0.999706
3.992395,0.038857752,0.999927
3.993,0.038343655,1
3.993605,0.038323706,0.999927
3.99421,0.038479343,0.999706
3.994815,0.03850263,0.999339
3.99542,0.038227353,0.998825
3.996025,0.037664989,0.998165
3.99663,0.036945112,0.997359
3.997235,0.036192491,0.996407
3.99784,0.035408623,0.995309
3.998445,0.034428619,0.994067
3.99905,0.033020294,0.992681
3.999655,0.031129998,0.991151
4.00026,0.029067109,0.989477
4.000865,0.027353247,0.987662
4.00147,0.02634122,0.985705
4.002075,0.025998683,0.983607
4.00268,0.025996202,0.981369
4.003285,0.025934282,0.978993
4.00389,0.02554281,0.976479
4.004495,0.024776169,0.973829
4.0051,0.023801167,0.971043
4.005705,0.022891979,0.968122
4.00631,0.02222754,0.965069
4.006915,0.021699452,0.961884
4.00752,0.020960035,0.958569
4.008125,0.019753083,0.955124
4.00873,0.018200418,0.951553
4.009335,0.016711763,0.947855
4.00994,0.01564417,0.944033
4.010545,0.015085804,0.940088
4.01115,0.014863787,0.936023
4.011755,0.014649409,0.931837
4.01236,0.014120451,0.927535
4.012965,0.013163198,0.923116
4.01357,0.011973083,0.918584
4.014175,0.010909282,0.91394
4.01478,0.010169001,0.909185
4.015385,0.009571317,0.904322
4.01599,0.008679038,0.899354
4.016595,0.007178177,0.894281
4.0172,0.0051998,0.889106
4.017805,0.003274721,0.883831
4.01841,0.001921434,0.878458
4.019015,0.001268536,0.87299
4.01962,0.001049094,0.867428
4.020225,0.000851039,0.861776
4.02083,0.000352886,0.856034
4.021435,-0.000544486,0.850205
4.02204,-0.001702806,0.844293
4.022645,-0.002874168,0.838298
4.02325,-0.003895436,0.832223
4.023855,-0.00478775,0.826071
4.02446,-0.005713464,0.819844
4.025065,-0.006859813,0.813545
4.02567,-0.008281198,0.807175
4.026275,-0.009795372,0.800737
4.02688,-0.011109663,0.794235
4.027485,-0.012081998,0.787669
4.02809,-0.012802572,0.781042
4.028695,-0.013466329,0.774358
4.0293,-0.014263451,0.767618
4.029905,-0.015349691,0.760825
4.03051,-0.016790453,0.753981
4.031115,-0.018478194,0.74709
4.03172,-0.020150593,0.740152
4.032325,-0.021562224,0.733171
4.03293,-0.022698343,0.726149
4.033535,-0.023828588,0.719089
4.03414,-0.025252715,0.711993
4.034745,-0.026922239,0.704863
4.03535,-0.0284218,0.697702
4.035955,-0.029408258,0.690512
4.03656,-0.029955665,0.683296
4.037165,-0.03039869,0.676057
4.03777,-0.030957454,0.668795
4.038375,-0.031620925,0.661515
4.03898,-0.032328124,0.654217
4.039585,-0.033102988,0.646905
4.04019,-0.033951743,0.639581
4.040795,-0.03473972,0.632247
4.0414,-0.035315515,0.624905
4.042005,-0.035765459,0.617557
4.04261,-0.036403179,0.610207
4.043215,-0.037420585,0.602855
4.04382,-0.038650295,0.595504
4.044425,-0.03972309,0.588157
4.04503,-0.040347021,0.580814
4.045635,-0.040464932,0.57348
4.04624,-0.040332299,0.566154
4.046845,-0.040442686,0.55884
4.04745,-0.041193906,0.55154
4.048055,-0.042521437,0.544255
4.04866,-0.043872988,0.536987
4.049265,-0.044614113,0.529738
4.04987,-0.044577602,0.522511
4.050475,-0.044303572,0.515306
4.05108,-0.044651007,0.508127
4.051685,-0.045999442,0.500973
4.05229,-0.047865347,0.493848
4.052895,-0.049419011,0.486752
4.0535,-0.05025086,0.479688
4.054105,-0.050508867,0.472657
4.05471,-0.050511641,0.465661
4.055315,-0.050517793,0.458701
4.05592,-0.050809416,0.451778
4.056525,-0.051627208,0.444895
4.05713,-0.052775095,0.438052
4.057735,-0.053483784,0.431251
4.05834,-0.053073317,0.424493
4.058945,-0.051885349,0.41778
4.05955,-0.051266793,0.411112
4.060155,-0.052299268,0.404492
4.06076,-0.054646873,0.397919
4.061365,-0.056917891,0.391396
4.06197,-0.058010406,0.384923
4.062575,-0.057890359,0.378502
4.06318,-0.057321135,0.372133
4.063785,-0.057170411,0.365818
4.06439,-0.057874261,0.359557
4.064995,-0.059220065,0.353351
4.0656,-0.060439616,0.347201
4.066205,-0.060630055,0.341108
4.06681,-0.059442877,0.335073
4.067415,-0.057637408,0.329096
4.06802,-0.056806812,0.323179
4.068625,-0.058086468,0.317321
4.06923,-0.06098673,0.311523
4.069835,-0.063802927,0.305787
4.07044,-0.065211488,0.300112
4.071045,-0.065191896,0.294499
4.07165,-0.064537886,0.288949
4.072255,-0.063986835,0.283461
4.07286,-0.063954386,0.278037
4.073465,-0.064605311,0.272677
4.07407,-0.065576296,0.267381
4.074675,-0.065702668,0.262149
4.07528,-0.063798291,0.256982
4.075885,-0.06026238,0.251879
4.07649,-0.057520786,0.246842
4.077095,-0.058033545,0.241869
4.0777,-0.061710803,0.236963
4.078305,-0.065871276,0.232121
4.07891,-0.067913234,0.227345
4.079515,-0.067560132,0.222635
4.08012,-0.066416971,0.21799
4.080725,-0.065970008,0.213411
4.08133,-0.066502702,0.208897
4.081935,-0.067551848,0.204449
4.08254,-0.068508049,0.200066
4.083145,-0.068552276,0.195748
4.08375,-0.066839569,0.191495
4.084355,-0.063544067,0.187307
4.08496,-0.060527521,0.183184
4.085565,-0.060149574,0.179125
4.08617,-0.06302069,0.175131
4.086775,-0.067256899,0.1712
4.08738,-0.070165651,0.167333
4.087985,-0.070439326,0.163529
4.08859,-0.068777083,0.159789
4.089195,-0.066896992,0.156111
4.0898,-0.066196578,0.152495
4.090405,-0.067014971,0.148941
4.09101,-0.068529795,0.145448
4.091615,-0.069039662,0.142017
4.09222,-0.066872679,0.138646
4.092825,-0.061976254,0.135335
4.09343,-0.056841148,0.132084
4.094035,-0.055000572,0.128892
4.09464,-0.057859907,0.125759
4.095245,-0.063273266,0.122684
4.09585,-0.067595785,0.119666
4.096455,-0.068781456,0.116706
4.09706,-0.067406971,0.113802
4.097665,-0.065431106,0.110954
4.09827,-0.06448125,0.108161
4.098875,-0.064981589,0.105423
4.09948,-0.066197111,0.10274
4.100085,-0.066709065,0.10011
4.10069,-0.065160792,0.097533
4.101295,-0.061334266,0.095008
4.1019,-0.056918116,0.092535
4.102505,-0.054720683,0.090114
4.10311,-0.056350336,0.087742
4.103715,-0.060639565,0.085421
4.10432,-0.064726331,0.083149
4.104925,-0.066508539,0.080925
4.10553,-0.065834082,0.078749
4.106135,-0.063911094,0.076621
4.10674,-0.062238896,0.074539
4.107345,-0.061837592,0.072503
4.10795,-0.062648026,0.070512
4.108555,-0.063231706,0.068566
4.10916,-0.061488653,0.066663
4.109765,-0.056527727,0.064804
4.11037,-0.050214012,0.062988
4.110975,-0.046347464,0.061213
4.11158,-0.047489309,0.05948
4.112185,-0.05248835,0.057788
4.11279,-0.057557961,0.056135
4.113395,-0.059682116,0.054521
4.114,-0.05863137,0.052946
4.114605,-0.056177385,0.051409
4.11521,-0.054235921,0.04991
4.115815,-0.05375492,0.048447
4.11642,-0.054511568,0.04702
4.117025,-0.055276102,0.045628
4.11763,-0.054357624,0.044271
4.118235,-0.050818116,0.042948
4.11884,-0.045735749,0.041658
4.119445,-0.042003091,0.040401
4.12005,-0.04208819,0.039177
4.120655,-0.045684673,0.037984
4.12126,-0.049945669,0.036822
4.121865,-0.052106224,0.03569
4.12247,-0.051510148,0.034588
4.123075,-0.049340709,0.033515
4.12368,-0.047224184,0.03247
4.124285,-0.046265597,0.031453
4.12489,-0.046648607,0.030464
4.125495,-0.047392476,0.029502
4.1261,-0.04659508,0.028566
4.126705,-0.04276636,0.027655
4.12731,-0.036627967,0.026769
4.127915,-0.031396495,0.025908
4.12852,-0.030402002,0.025071
4.129125,-0.033973336,0.024258
4.12973,-0.039104188,0.023467
4.130335,-0.042378388,0.022699
4.13094,-0.042685885,0.021953
4.131545,-0.041135599,0.021228
4.13215,-0.039354034,0.020525
4.132755,-0.038370433,0.019841
4.13336,-0.038451819,0.019178
4.133965,-0.039109756,0.018534
4.13457,-0.039104008,0.017909
4.135175,-0.037061117,0.017302
4.13578,-0.032849728,0.016714
4.136385,-0.0284461,0.016143
4.13699,-0.026728286,0.015589
4.137595,-0.028807203,0.015052
4.1382,-0.032819401,0.014532
4.138805,-0.035722343,0.014027
4.13941,-0.035949866,0.013538
4.140015,-0.034172302,0.013065
4.14062,-0.032124596,0.012605
4.141225,-0.031139932,0.012161
4.14183,-0.031425633,0.01173
4.142435,-0.032121547,0.011313
4.14304,-0.03179736,0.010909
4.143645,-0.029216308,0.010518
4.14425,-0.024344128,0.010139
4.144855,-0.019018181,0.009773
4.14546,-0.016096726,0.009418
4.146065,-0.017109703,0.009075
4.14667,-0.0207485,0.008743
4.147275,-0.024123931,0.008422
4.14788,-0.025303194,0.008112
4.148485,-0.024331408,0.007812
4.14909,-0.022392138,0.007522
4.149695,-0.020685927,0.007242
4.1503,-0.019908315,0.006971
4.150905,-0.020059289,0.006709
4.15151,-0.02031958,0.006456
4.152115,-0.019340976,0.006212
4.15272,-0.016296559,0.005976
4.153325,-0.012035942,0.005748
4.15393,-0.008890132,0.005528
4.154535,-0.008702326,0.005316
4.15514,-0.010979279,0.005111
4.155745,-0.013402459,0.004913
4.15635,-0.014090878,0.004723
4.156955,-0.012933065,0.004539
4.15756,-0.010953644,0.004361
4.158165,-0.009123999,0.00419
4.15877,-0.007953339,0.004025
4.159375,-0.007611547,0.003866
4.15998,-0.007775902,0.003713
4.160585,-0.007376789,0.003565
4.16119,-0.005184672,0.003422
4.161795,-0.001227976,0.003285
4.1624,0.002565271,0.003153
4.163005,0.003844737,0.003026
4.16361,0.002194872,0.002903
4.164215,-0.000440182,0.002785
4.16482,-0.001788149,0.002671
4.165425,-0.001194658,0.002562
4.16603,0.000433737,0.002457
4.166635,0.00191119,0.002356
4.16724,0.002680683,0.002258
4.167845,0.002845519,0.002164
4.16845,0.002833199,0.002074
4.169055,0.00320905,0.001988
4.16966,0.004522987,0.001904
4.170265,0.006856253,0.001824
4.17087,0.009367324,0.001747
4.171475,0.010664333,0.001673
4.17208,0.010045706,0.001602
4.172685,0.008270275,0.001534
4.17329,0.006868943,0.001468
4.173895,0.006855918,0.001405
4.1745,0.008168323,0.001345
4.175105,0.009989047,0.001287
4.17571,0.011387572,0.001231
4.176315,0.011845463,0.001177
4.17692,0.011502468,0.001126
4.177525,0.011116216,0.001077
4.17813,0.011679565,0.00103
4.178735,0.013671994,0.000984
4.17934,0.016396817,0.000941
4.179945,0.018266722,0.000899
4.18055,0.018175138,0.000859
4.181155,0.016579816,0.000821
4.18176,0.014985884,0.000784
4.182365,0.014530243,0.000749
4.18297,0.01527625,0.000715
4.183575,0.016567104,0.000683
4.18418,0.017686144,0.000652
4.184785,0.01822419,0.000622
4.18539,0.018138737,0.000594
4.185995,0.01775707,0.000567
4.1866,0.017696456,0.000541
4.187205,0.018459912,0.000516
4.18781,0.019876597,0.000492
4.188415,0.021043395,0.000469
4.18902,0.021120985,0.000448
4.189625,0.020239325,0.000427
4.19023,0.019366878,0.000407
4.190835,0.019299136,0.000388
4.19144,0.020037425,0.00037
4.192045,0.021078147,0.000352
4.19265,0.021984035,0.000335
4.193255,0.02259833,0.00032
4.19386,0.022916815,0.000304
4.194465,0.023008437,0.00029
4.19507,0.023111994,0.000276
4.195675,0.023609048,0.000263
4.19628,0.024667159,0.00025
4.196885,0.025884839,0.000238
4.19749,0.02652889,0.000227
4.198095,0.026291659,0.000216
4.1987,0.025631826,0.000205
4.199305,0.025254489,0.000195
4.19991,0.025474953,0.000186
4.200515,0.02613788,0.000176
4.20112,0.026880915,0.000168
4.201725,0.027349462,0.000159
4.20233,0.027317458,0.000152
4.202935,0.02681161,0.000144
4.20354,0.026180191,0.000137
4.204145,0.025908357,0.00013
4.20475,0.02619228,0.000124
4.205355,0.026667398,0.000117
4.20596,0.026703069,0.000111
4.206565,0.026066266,0.000106
4.20717,0.025160367,0.0001
4.207775,0.024541891,9.53E-05
4.20838,0.024410716,9.05E-05
4.208985,0.024624606,8.59E-05
4.20959,0.024959254,8.15E-05
4.210195,0.0252271,7.73E-05
4.2108,0.025262352,7.33E-05
4.211405,0.024970182,6.95E-05
4.21201,0.024491368,6.59E-05
4.212615,0.024221611,6.25E-05
4.21322,0.024469103,5.93E-05
4.213825,0.025034751,5.62E-05
4.21443,0.025277493,5.32E-05
4.215035,0.0247629,5.05E-05
4.21564,0.02378726,4.78E-05
4.216245,0.023092005,4.53E-05
4.21685,0.023105206,4.29E-05
4.217455,0.023578771,4.06E-05
4.21806,0.023913427,3.85E-05
4.218665,0.023754742,3.64E-05
4.21927,0.023254406,3.45E-05
4.219875,0.022784943,3.26E-05
4.22048,0.02252549,3.09E-05
4.221085,0.022393945,2.92E-05
4.22169,0.022253305,2.76E-05
4.222295,0.022020065,2.61E-05
4.2229,0.021601088,2.47E-05
4.223505,0.020928175,2.34E-05
4.22411,0.020134036,2.21E-05
4.224715,0.019538962,2.09E-05
4.22532,0.019378317,1.97E-05
4.225925,0.019614161,1.87E-05
4.22653,0.020000979,1.76E-05
4.227135,0.020260252,1.67E-05
4.22774,0.020218091,1.57E-05
4.228345,0.019862877,1.49E-05
4.22895,0.019328911,1.40E-05
4.229555,0.018809794,1.33E-05
4.23016,0.01842319,1.25E-05
4.230765,0.018119592,1.18E-05
4.23137,0.017728591,1.12E-05
4.231975,0.01713782,1.05E-05
4.23258,0.01643871,9.93E-06
4.233185,0.015837895,9.37E-06
4.23379,0.015446687,8.84E-06
4.234395,0.015238132,8.33E-06
4.235,0.015127702,7.86E-06
4.235605,0.014979948,7.41E-06
4.23621,0.014613554,6.99E-06
4.236815,0.013925394,6.58E-06
4.23742,0.013022534,6.20E-06
4.238025,0.012169114,5.85E-06
4.23863,0.011546883,5.51E-06
4.239235,0.011077406,5.19E-06
4.23984,0.010503435,4.89E-06
4.240445,0.00964379,4.60E-06
4.24105,0.008588363,4.33E-06
4.241655,0.007649381,4.08E-06
4.24226,0.007102464,3.84E-06
4.242865,0.006974586,3.62E-06
4.24347,0.00705255,3.40E-06
4.244075,0.00705187,3.20E-06
4.24468,0.006801649,3.01E-06
4.245285,0.006319871,2.83E-06
4.24589,0.005750042,2.66E-06
4.246495,0.005241634,2.51E-06
4.2471,0.004849242,2.36E-06
4.247705,0.004490747,2.21E-06
4.24831,0.00400251,2.08E-06
4.248915,0.003283772,1.96E-06
4.24952,0.002427067,1.84E-06
4.250125,0.001666735,1.73E-06
4.25073,0.001146232,1.62E-06
4.251335,0.000794943,1.52E-06
4.25194,0.000474383,1.43E-06
4.252545,0.000131728,1.34E-06
4.25315,-0.00026726,1.26E-06
4.253755,-0.000842411,1.18E-06
4.25436,-0.001693825,1.11E-06
4.254965,-0.002710804,1.04E-06
4.25557,-0.003618739,9.79E-07
4.256175,-0.004276218,9.18E-07
4.25678,-0.004862231,8.61E-07
4.257385,-0.005690037,8.08E-07
4.25799,-0.006810442,7.58E-07
4.258595,-0.007872227,7.10E-07
4.2592,-0.008489469,6.66E-07
4.259805,-0.008697493,6.24E-07
4.26041,-0.00888775,5.85E-07
4.261015,-0.009309033,5.48E-07
4.26162,-0.00979754,5.14E-07
4.262225,-0.010063979,4.81E-07
4.26283,-0.010131474,4.51E-07
4.263435,-0.010331829,4.22E-07
4.26404,-0.010877636,3.95E-07
4.264645,-0.011601262,3.70E-07
4.26525,-0.012205029,3.46E-07
4.265855,-0.012677014,3.24E-07
4.26646,-0.01329821,3.03E-07
4.267065,-0.014223967,2.84E-07
4.26767,-0.01522478,2.65E-07
4.268275,-0.015907721,2.48E-07
4.26888,-0.016094488,2.32E-07
4.269485,-0.015983229,2.17E-07
4.27009,-0.016019318,2.03E-07
4.270695,-0.016563792,1.90E-07
4.2713,-0.017614459,1.77E-07
4.271905,-0.018849827,1.66E-07
4.27251,-0.019921549,1.55E-07
4.273115,-0.020670528,1.45E-07
4.27372,-0.021149571,1.35E-07
4.274325,-0.021583146,1.26E-07
4.27493,-0.022261665,1.18E-07
4.275535,-0.023297289,1.10E-07
4.27614,-0.02447535,1.03E-07
4.276745,-0.02542797,9.60E-08
4.27735,-0.025913546,8.96E-08
4.277955,-0.025948781,8.36E-08
4.27856,-0.025809229,7.80E-08
4.279165,-0.025897684,7.28E-08
4.27977,-0.026481033,6.79E-08
4.280375,-0.027480632,6.33E-08
4.28098,-0.028488203,5.91E-08
4.281585,-0.029013896,5.51E-08
4.28219,-0.02888346,5.13E-08
4.282795,-0.02853518,4.79E-08
4.2834,-0.028771554,4.46E-08
4.284005,-0.029951683,4.16E-08
4.28461,-0.031521083,3.87E-08
4.285215,-0.032578763,3.61E-08
4.28582,-0.032784555,3.36E-08
4.286425,-0.03253116,3.13E-08
4.28703,-0.032416175,2.91E-08
4.287635,-0.032751744,2.71E-08
4.28824,-0.033493406,2.52E-08
4.288845,-0.034435312,2.35E-08
4.28945,-0.035349135,2.19E-08
4.290055,-0.035978208,2.03E-08
4.29066,-0.036117974,1.89E-08
4.291265,-0.035897071,1.76E-08
4.29187,-0.035873507,1.64E-08
4.292475,-0.036560259,1.52E-08
4.29308,-0.037834453,1.42E-08
4.293685,-0.039028669,1.32E-08
4.29429,-0.039577696,1.22E-08
4.294895,-0.039437898,1.14E-08
4.2955,-0.038995919,1.06E-08
4.296105,-0.038715562,9.82E-09
4.29671,-0.038826831,9.12E-09
4.297315,-0.039256007,8.47E-09
4.29792,-0.039731716,7.87E-09
4.298525,-0.039888602,7.31E-09
4.29913,-0.039444008,6.78E-09
4.299735,-0.038554752,6.30E-09
4.30034,-0.037977467,5.84E-09
4.300945,-0.038518682,5.42E-09
4.30155,-0.040170436,5.03E-09
4.302155,-0.042008424,4.67E-09
4.30276,-0.043000903,4.33E-09
4.303365,-0.042787613,4.02E-09
4.30397,-0.041835025,3.72E-09
4.304575,-0.041079518,3.45E-09
4.30518,-0.04130745,3.20E-09
4.305785,-0.0426028,2.97E-09
4.30639,-0.044242397,2.75E-09
4.306995,-0.045161896,2.55E-09
4.3076,-0.04473794,2.36E-09
4.308205,-0.043357816,2.19E-09
4.30881,-0.042242622,2.03E-09
4.309415,-0.042454659,1.88E-09
4.31002,-0.043907485,1.74E-09
4.310625,-0.045488633,1.61E-09
4.31123,-0.046187987,1.49E-09
4.311835,-0.04590941,1.38E-09
4.31244,-0.045245788,1.28E-09
4.313045,-0.044783039,1.18E-09
4.31365,-0.044726062,1.09E-09
4.314255,-0.045000974,1.01E-09
4.31486,-0.045419717,9.34E-10
4.315465,-0.045625931,8.64E-10
4.31607,-0.045134937,7.99E-10
4.316675,-0.043809704,7.38E-10
4.31728,-0.042339137,6.82E-10
4.317885,-0.04184503,6.31E-10
4.31849,-0.042724151,5.83E-10
4.319095,-0.044147036,5.39E-10
4.3197,-0.044949348,4.97E-10
4.320305,-0.044737156,4.59E-10
4.32091,-0.0439625,4.24E-10
4.321515,-0.043276355,3.92E-10
4.32212,-0.043045655,3.62E-10
4.322725,-0.043283644,3.34E-10
4.32333,-0.043745681,3.08E-10
4.323935,-0.044029503,2.84E-10
4.32454,-0.043744037,2.62E-10
4.325145,-0.042785653,2.42E-10
4.32575,-0.041569302,2.23E-10
4.326355,-0.040871766,2.06E-10
4.32696,-0.041160945,1.90E-10
4.327565,-0.042085102,1.75E-10
4.32817,-0.042832185,1.61E-10
4.328775,-0.042862787,1.49E-10
4.32938,-0.042151254,1.37E-10
4.329985,-0.041015492,1.26E-10
4.33059,-0.039954523,1.16E-10
4.331195,-0.039443193,1.07E-10
4.3318,-0.03956819,9.88E-11
4.332405,-0.039798441,9.10E-11
4.33301,-0.03929393,8.38E-11
4.333615,-0.037641233,7.72E-11
4.33422,-0.035380635,7.10E-11
4.334825,-0.033736368,6.54E-11
4.33543,-0.033573484,6.02E-11
4.336035,-0.03455348,5.54E-11
4.33664,-0.035505372,5.09E-11
4.337245,-0.035546547,4.68E-11
4.33785,-0.034652624,4.31E-11
4.338455,-0.033375765,3.96E-11
4.33906,-0.032322828,3.64E-11
4.339665,-0.031830563,3.35E-11
4.34027,-0.031864346,3.08E-11
4.340875,-0.032030848,2.83E-11
4.34148,-0.031743521,2.60E-11
4.342085,-0.030644398,2.39E-11
4.34269,-0.029056561,2.19E-11
4.343295,-0.027922519,2.02E-11
4.3439,-0.027985572,1.85E-11
4.344505,-0.028951282,1.70E-11
4.34511,-0.029731849,1.56E-11
4.345715,-0.029549151,1.43E-11
4.34632,-0.028516383,1.31E-11
4.346925,-0.027214801,1.21E-11
4.34753,-0.026088165,1.11E-11
4.348135,-0.02532171,1.02E-11
4.34874,-0.024977447,9.32E-12
4.349345,-0.024918868,8.55E-12
4.34995,-0.024660064,7.84E-12
4.350555,-0.023632269,7.19E-12
4.35116,-0.021808118,6.59E-12
4.351765,-0.019986514,6.04E-12
4.35237,-0.019203062,5.53E-12
4.352975,-0.019693334,5.07E-12
4.35358,-0.020601294,4.65E-12
4.354185,-0.020846186,4.26E-12
4.35479,-0.020086721,3.90E-12
4.355395,-0.018782134,3.57E-12
4.356,-0.017593542,3.27E-12
4.356605,-0.016883852,2.99E-12
4.35721,-0.016641702,2.74E-12
4.357815,-0.016636141,2.51E-12
4.35842,-0.016537212,2.30E-12
4.359025,-0.016021036,2.10E-12
4.35963,-0.014979185,1.92E-12
4.360235,-0.01371755,1.76E-12
4.36084,-0.012817971,1.61E-12
4.361445,-0.012601787,1.47E-12
4.36205,-0.012767733,1.34E-12
4.362655,-0.012688311,1.23E-12
4.36326,-0.011961721,1.12E-12
4.363865,-0.010636594,1.03E-12
4.36447,-0.009106742,9.38E-13
4.365075,-0.007853177,8.57E-13
4.36568,-0.00714917,7.83E-13
4.366285,-0.006906197,7.15E-13
4.36689,-0.00673225,6.53E-13
4.367495,-0.006145056,5.96E-13
4.3681,-0.004902777,5.45E-13
4.368705,-0.003307837,4.97E-13
4.36931,-0.002108472,4.54E-13
4.369915,-0.001847651,4.14E-13
4.37052,-0.002291989,3.78E-13
4.371125,-0.002660578,3.45E-13
4.37173,-0.002338306,3.14E-13
4.372335,-0.001282501,2.87E-13
4.37294,6.61E-05,2.62E-13
4.373545,0.001156304,2.38E-13
4.37415,0.001715699,2.17E-13
4.374755,0.001852891,1.98E-13
4.37536,0.001874172,1.81E-13
4.375965,0.002082013,1.65E-13
4.37657,0.002619201,1.50E-13
4.377175,0.003331297,1.37E-13
4.37778,0.003843232,1.24E-13
4.378385,0.003939589,1.13E-13
4.37899,0.003826328,1.03E-13
4.379595,0.003889095,9.39E-14
4.3802,0.004313927,8.55E-14
4.380805,0.005068037,7.78E-14
4.38141,0.006058008,7.08E-14
4.382015,0.00713704,6.45E-14
4.38262,0.008049028,5.86E-14
4.383225,0.008495445,5.33E-14
4.38383,0.00837278,4.85E-14
4.384435,0.008020019,4.41E-14
4.38504,0.008081727,4.01E-14
4.385645,0.00889308,3.65E-14
4.38625,0.010043172,3.32E-14
4.386855,0.010780567,3.01E-14
4.38746,0.010825241,2.74E-14
4.388065,0.010539594,2.49E-14
4.38867,0.010388752,2.26E-14
4.389275,0.010558784,2.05E-14
4.38988,0.011047637,1.86E-14
4.390485,0.011801386,1.69E-14
4.39109,0.012682783,1.54E-14
4.391695,0.013446219,1.40E-14
4.3923,0.013863048,1.27E-14
4.392905,0.013918162,1.15E-14
4.39351,0.013837775,1.04E-14
4.394115,0.013851354,9.46E-15
4.39472,0.013936587,8.58E-15
4.395325,0.013869224,7.78E-15
4.39593,0.013541092,7.06E-15
4.396535,0.013163414,6.40E-15
4.39714,0.01312797,5.80E-15
4.397745,0.013686604,5.26E-15
4.39835,0.014711055,4.77E-15
4.398955,0.015734712,4.32E-15
4.39956,0.016319803,3.91E-15
4.400165,0.016424351,3.55E-15
4.40077,0.016378272,3.21E-15
4.401375,0.016538335,2.91E-15
4.40198,0.016996894,2.63E-15
4.402585,0.017549951,2.38E-15
4.40319,0.017869551,2.16E-15
4.403795,0.017753418,1.95E-15
4.4044,0.017319186,1.77E-15
4.405005,0.016945416,1.60E-15
4.40561,0.016925572,1.45E-15
4.406215,0.017208281,1.31E-15
4.40682,0.017549707,1.18E-15
4.407425,0.017840338,1.07E-15
4.40803,0.018162505,9.68E-16
4.408635,0.018554307,8.76E-16
4.40924,0.018865765,7.91E-16
4.409845,0.018935124,7.15E-16
4.41045,0.018808634,6.46E-16
4.411055,0.018662397,5.84E-16
4.41166,0.018542874,5.28E-16
4.412265,0.018282694,4.77E-16
4.41287,0.017722555,4.30E-16
4.413475,0.017002678,3.89E-16
4.41408,0.016539714,3.51E-16
4.414685,0.016647014,3.17E-16
4.41529,0.017224275,2.86E-16
4.415895,0.017867795,2.58E-16
4.4165,0.018247125,2.33E-16
4.417105,0.018323775,2.10E-16
4.41771,0.018244687,1.89E-16
4.418315,0.018130636,1.71E-16
4.41892,0.01799957,1.54E-16
4.419525,0.017833081,1.39E-16
4.42013,0.017639037,1.25E-16
4.420735,0.017396826,1.13E-16
4.42134,0.017002488,1.02E-16
4.421945,0.016398858,9.17E-17
4.42255,0.015756187,8.26E-17
4.423155,0.015414958,7.44E-17
4.42376,0.015588563,6.71E-17
4.424365,0.016090755,6.04E-17
4.42497,0.016370147,5.44E-17
4.425575,0.015936133,4.90E-17
4.42618,0.014858521,4.41E-17
4.426785,0.013777942,3.97E-17
4.42739,0.013279237,3.57E-17
4.427995,0.013274933,3.21E-17
4.4286,0.013132311,2.89E-17
4.429205,0.012375198,2.60E-17
4.42981,0.011144006,2.34E-17
4.430415,0.010003326,2.10E-17
4.43102,0.009401404,1.89E-17
4.431625,0.009333413,1.70E-17
4.43223,0.009485254,1.53E-17
4.432835,0.009608361,1.37E-17
4.43344,0.009671664,1.23E-17
4.434045,0.009702938,1.11E-17
4.43465,0.009620954,9.96E-18
4.435255,0.009301777,8.95E-18
4.43586,0.008772662,8.04E-18
4.436465,0.008228713,7.22E-18
4.43707,0.007801294,6.48E-18
4.437675,0.007385568,5.82E-18
4.43828,0.006795839,5.22E-18
4.438885,0.00605755,4.68E-18
4.43949,0.005420868,4.20E-18
4.440095,0.005074119,3.77E-18
4.4407,0.004953348,3.38E-18
4.441305,0.004860802,3.03E-18
4.44191,0.004686889,2.72E-18
4.442515,0.004449028,2.44E-18
4.44312,0.004132783,2.19E-18
4.443725,0.003616345,1.96E-18
4.44433,0.002832336,1.76E-18
4.444935,0.001905769,1.57E-18
4.44554,0.001025274,1.41E-18
4.446145,0.000216418,1.26E-18
4.44675,-0.000681137,1.13E-18
4.447355,-0.001775915,1.01E-18
4.44796,-0.002886543,9.08E-19
4.448565,-0.003628155,8.13E-19
4.44917,-0.00377657,7.28E-19
4.449775,-0.003497535,6.51E-19
4.45038,-0.003205732,5.83E-19
4.450985,-0.003249988,5.22E-19
4.45159,-0.003714179,4.67E-19
4.452195,-0.004416972,4.18E-19
4.4528,-0.005082345,3.73E-19
4.453405,-0.005590466,3.34E-19
4.45401,-0.006068696,2.99E-19
4.454615,-0.006703657,2.67E-19
4.45522,-0.007519592,2.39E-19
4.455825,-0.008361302,2.13E-19
4.45643,-0.009029543,1.91E-19
4.457035,-0.009433178,1.70E-19
4.45764,-0.009639599,1.52E-19
4.458245,-0.009762706,1.36E-19
4.45885,-0.009847109,1.21E-19
4.459455,-0.009935691,1.08E-19
4.46006,-0.010190184,9.68E-20
4.460665,-0.010810459,8.64E-20
4.46127,-0.011804018,7.71E-20
4.461875,-0.012897372,6.88E-20
4.46248,-0.013731805,6.14E-20
4.463085,-0.014202121,5.48E-20
4.46369,-0.014614107,4.89E-20
4.464295,-0.01539269,4.36E-20
4.4649,-0.016570114,3.89E-20
4.465505,-0.017702845,3.47E-20
4.46611,-0.018360606,3.09E-20
4.466715,-0.018549953,2.75E-20
4.46732,-0.018611594,2.45E-20
4.467925,-0.018829132,2.19E-20
4.46853,-0.019194577,1.95E-20
4.469135,-0.019532087,1.74E-20
4.46974,-0.019812132,1.55E-20
4.470345,-0.020251524,1.38E-20
4.47095,-0.021049293,1.23E-20
4.471555,-0.022107735,1.09E-20
4.47216,-0.023115122,9.72E-21
4.472765,-0.023866752,8.65E-21
4.47337,-0.024411396,7.70E-21
4.473975,-0.024906948,6.85E-21
4.47458,-0.025409987,6.10E-21
4.475185,-0.025812779,5.42E-21
4.47579,-0.025996168,4.82E-21
4.476395,-0.026045808,4.29E-21
4.477,-0.026235285,3.81E-21
4.477605,-0.026766986,3.39E-21
4.47821,-0.027582756,3.01E-21
4.478815,-0.028414762,2.68E-21
4.47942,-0.029001779,2.38E-21
4.480025,-0.02932428,2.12E-21
4.48063,-0.029657896,1.88E-21
4.481235,-0.030319319,1.67E-21
4.48184,-0.031321348,1.48E-21
4.482445,-0.03235505,1.32E-21
4.48305,-0.033118632,1.17E-21
4.483655,-0.033540894,1.04E-21
4.48426,-0.033700976,9.21E-22
4.484865,-0.033704233,8.17E-22
4.48547,-0.033675153,7.25E-22
4.486075,-0.033789891,6.43E-22
4.48668,-0.034242535,5.71E-22
4.487285,-0.035067544,5.06E-22
4.48789,-0.035962437,4.49E-22
4.488495,-0.036464841,3.98E-22
4.4891,-0.03646932,3.53E-22
4.489705,-0.036463776,3.13E-22
4.49031,-0.037044726,2.77E-22
4.490915,-0.038232764,2.46E-22
4.49152,-0.039444483,2.18E-22
4.492125,-0.04009285,1.93E-22
4.49273,-0.040083662,1.71E-22
4.493335,-0.039815211,1.51E-22
4.49394,-0.039807378,1.34E-22
4.494545,-0.040286246,1.19E-22
4.49515,-0.041078648,1.05E-22
4.495755,-0.041856565,9.30E-23
4.49636,-0.042391222,8.23E-23
4.496965,-0.042616156,7.28E-23
4.49757,-0.042641255,6.44E-23
4.498175,-0.042763972,5.70E-23
4.49878,-0.043272221,5.04E-23
4.499385,-0.044124916,4.46E-23
4.49999,-0.044969955,3.94E-23
4.500595,-0.045495839,3.48E-23
4.5012,-0.045602325,3.08E-23
4.501805,-0.045320403,2.72E-23
4.50241,-0.04481911,2.41E-23
4.503015,-0.044465852,2.13E-23
4.50362,-0.04464793,1.88E-23
4.504225,-0.04537788,1.66E-23
4.50483,-0.046102912,1.46E-23
4.505435,-0.046099008,1.29E-23
4.50604,-0.045230755,1.14E-23
4.506645,-0.044270815,1.01E-23
4.50725,-0.044224117,8.90E-24
4.507855,-0.045254626,7.85E-24
4.50846,-0.046514033,6.93E-24
4.509065,-0.04709426,6.11E-24
4.50967,-0.046857327,5.39E-24
4.510275,-0.046284033,4.76E-24
4.51088,-0.045845378,4.19E-24
4.511485,-0.045688695,3.70E-24
4.51209,-0.045777274,3.26E-24
4.512695,-0.04608446,2.87E-24
4.5133,-0.046500822,2.53E-24
4.513905,-0.046659824,2.23E-24
4.51451,-0.046167867,1.97E-24
4.515115,-0.045180113,1.73E-24
4.51572,-0.044520363,1.53E-24
4.516325,-0.044897382,1.34E-24
4.51693,-0.046097919,1.18E-24
4.517535,-0.047214706,1.04E-24
4.51814,-0.047513164,9.18E-25
4.518745,-0.0468912,8.08E-25
4.51935,-0.045778762,7.11E-25
4.519955,-0.04485766,6.26E-25
4.52056,-0.044682931,5.50E-25
4.521165,-0.045236264,4.84E-25
4.52177,-0.045778832,4.26E-25
4.522375,-0.045351748,3.74E-25
4.52298,-0.04364755,3.29E-25
4.523585,-0.041467372,2.89E-25
4.52419,-0.040210663,2.54E-25
4.524795,-0.040664752,2.24E-25
4.5254,-0.042235299,1.97E-25
4.526005,-0.043535947,1.73E-25
4.52661,-0.043671295,1.52E-25
4.527215,-0.042783754,1.33E-25
4.52782,-0.04158824,1.17E-25
4.528425,-0.040708686,1.03E-25
4.52903,-0.040401402,9.02E-26
4.529635,-0.040582043,7.92E-26
4.53024,-0.040884401,6.95E-26
4.530845,-0.040783809,6.10E-26
4.53145,-0.039944216,5.36E-26
4.532055,-0.038613263,4.70E-26
4.53266,-0.037597511,4.12E-26
4.533265,-0.037589339,3.62E-26
4.53387,-0.038436606,3.17E-26
4.534475,-0.039282589,2.78E-26
4.53508,-0.03941546,2.44E-26
4.535685,-0.038751778,2.14E-26
4.53629,-0.037622159,1.87E-26
4.536895,-0.036433309,1.64E-26
4.5375,-0.035545524,1.44E-26
4.538105,-0.035173041,1.26E-26
4.53871,-0.035162995,1.10E-26
4.539315,-0.034934295,9.66E-27
4.53992,-0.033888813,8.46E-27
4.540525,-0.032047019,7.41E-27
4.54113,-0.030233175,6.49E-27
4.541735,-0.029415387,5.68E-27
4.54234,-0.029743928,4.97E-27
4.542945,-0.030410661,4.35E-27
4.54355,-0.030498871,3.80E-27
4.544155,-0.02974097,3.33E-27
4.54476,-0.028496199,2.91E-27
4.545365,-0.027315476,2.55E-27
4.54597,-0.026586772,2.23E-27
4.546575,-0.026390071,1.95E-27
4.54718,-0.026488786,1.70E-27
4.547785,-0.026410835,1.49E-27
4.54839,-0.025715332,1.30E-27
4.548995,-0.024413609,1.14E-27
4.5496,-0.023153849,9.92E-28
4.550205,-0.022773913,8.66E-28
4.55081,-0.023491286,7.57E-28
4.551415,-0.024635943,6.61E-28
4.55202,-0.02527021,5.77E-28
4.552625,-0.02493408,5.04E-28
4.55323,-0.02382417,4.40E-28
4.553835,-0.022495257,3.84E-28
4.55444,-0.021427096,3.35E-28
4.555045,-0.02075256,2.92E-28
4.55565,-0.020272754,2.55E-28
4.556255,-0.019594689,2.22E-28
4.55686,-0.018307476,1.94E-28
4.557465,-0.016337692,1.69E-28
4.55807,-0.014323871,1.47E-28
4.558675,-0.013354538,1.28E-28
4.55928,-0.013887956,1.12E-28
4.559885,-0.015024604,9.75E-29
4.56049,-0.015280532,8.50E-29
4.561095,-0.014045928,7.40E-29
4.5617,-0.012006305,6.45E-29
4.562305,-0.010267242,5.62E-29
4.56291,-0.009364263,4.89E-29
4.563515,-0.009095751,4.26E-29
4.56412,-0.009002084,3.71E-29
4.564725,-0.008773402,3.23E-29
4.56533,-0.008304419,2.81E-29
4.565935,-0.007614755,2.44E-29
4.56654,-0.006823142,2.13E-29
4.567145,-0.006136026,1.85E-29
4.56775,-0.005718887,1.61E-29
4.568355,-0.005534759,1.40E-29
4.56896,-0.005388046,1.22E-29
4.569565,-0.00507851,1.06E-29
4.57017,-0.00445134,9.20E-30
4.570775,-0.00346868,7.99E-30
4.57138,-0.002341778,6.95E-30
4.571985,-0.001445968,6.03E-30
4.57259,-0.000988814,5.24E-30
4.573195,-0.000799239,4.55E-30
4.5738,-0.000482284,3.96E-30
4.574405,0.0002301,3.43E-30
4.57501,0.00123254,2.98E-30
4.575615,0.002085419,2.59E-30
4.57622,0.002413823,2.25E-30
4.576825,0.002345047,1.95E-30
4.57743,0.002372127,1.69E-30
4.578035,0.002769905,1.47E-30
4.57864,0.003402937,1.27E-30
4.579245,0.00407919,1.10E-30
4.57985,0.004783972,9.58E-31
4.580455,0.005513975,8.31E-31
4.58106,0.006106096,7.20E-31
4.581665,0.006373178,6.24E-31
4.58227,0.006357161,5.41E-31
4.582875,0.006351109,4.69E-31
4.58348,0.006619539,4.06E-31
4.584085,0.00708398,3.52E-31
4.58469,0.007379781,3.05E-31
4.585295,0.007322253,2.64E-31
4.5859,0.007191216,2.29E-31
4.586505,0.007428781,1.98E-31
4.58711,0.008175421,1.71E-31
4.587715,0.009175957,1.48E-31
4.58832,0.010036278,1.28E-31
4.588925,0.010545018,1.11E-31
4.58953,0.010820534,9.62E-32
4.590135,0.011179492,8.32E-32
4.59074,0.011835561,7.19E-32
4.591345,0.012690338,6.22E-32
4.59195,0.013415945,5.38E-32
4.592555,0.013745661,4.65E-32
4.59316,0.013708966,4.02E-32
4.593765,0.013640858,3.48E-32
4.59437,0.013923748,3.00E-32
4.594975,0.014639022,2.60E-32
4.59558,0.015519547,2.24E-32
4.596185,0.016274909,1.94E-32
4.59679,0.016859756,1.67E-32
4.597395,0.017371885,1.44E-32
4.598,0.017781493,1.25E-32
4.598605,0.017906495,1.08E-32
4.59921,0.017697978,9.29E-33
4.599815,0.017409599,8.02E-33
4.60042,0.017339798,6.92E-33
4.601025,0.017454036,5.97E-33
4.60163,0.017419445,5.15E-33
4.602235,0.0170565,4.44E-33
4.60284,0.01660641,3.83E-33
4.603445,0.016452224,3.30E-33
4.60405,0.016708836,2.85E-33
4.604655,0.0171774,2.46E-33
4.60526,0.017588862,2.12E-33
4.605865,0.017828869,1.82E-33
4.60647,0.017980156,1.57E-33
4.607075,0.01817955,1.35E-33
4.60768,0.018445983,1.17E-33
4.608285,0.018654537,1.00E-33
4.60889,0.018664538,8.65E-34
4.609495,0.01845926,7.45E-34
4.6101,0.018155872,6.41E-34
4.610705,0.017894535,5.52E-34
4.61131,0.017736837,4.75E-34
4.611915,0.017674579,4.09E-34
4.61252,0.017728765,3.52E-34
4.613125,0.017977611,3.03E-34
4.61373,0.018419923,2.60E-34
4.614335,0.018861402,2.24E-34
4.61494,0.019013694,1.92E-34
4.615545,0.018715038,1.65E-34
4.61615,0.018088665,1.42E-34
4.616755,0.01749696,1.22E-34
4.61736,0.017228671,1.05E-34
4.617965,0.017163347,9.03E-35
4.61857,0.016855962,7.75E-35
4.619175,0.016068288,6.66E-35
4.61978,0.015130593,5.72E-35
4.620385,0.014616195,4.91E-35
4.62099,0.014708287,4.22E-35
4.621595,0.015057954,3.62E-35
4.6222,0.01523372,3.11E-35
4.622805,0.015145112,2.67E-35
4.62341,0.014993672,2.29E-35
4.624015,0.014919308,1.96E-35
4.62462,0.014819611,1.68E-35
4.625225,0.014534906,1.45E-35
4.62583,0.014090112,1.24E-35
4.626435,0.013643938,1.06E-35
4.62704,0.013233848,9.11E-36
4.627645,0.012705497,7.81E-36
4.62825,0.011966898,6.69E-36
4.628855,0.011221038,5.74E-36
4.62946,0.010824432,4.92E-36
4.630065,0.010914484,4.21E-36
4.63067,0.011236019,3.61E-36
4.631275,0.011367026,3.09E-36
4.63188,0.011088491,2.65E-36
4.632485,0.010490908,2.27E-36
4.63309,0.0097987,1.94E-36
4.633695,0.009202433,1.66E-36
4.6343,0.008762147,1.42E-36
4.634905,0.008304233,1.22E-36
4.63551,0.00747815,1.04E-36
4.636115,0.006111808,8.90E-37
4.63672,0.004536881,7.61E-37
4.637325,0.003409649,6.51E-37
4.63793,0.00313579,5.57E-37
4.638535,0.003547211,4.76E-37
4.63914,0.004148918,4.07E-37
4.639745,0.004563077,3.48E-37
4.64035,0.004695219,2.97E-37
4.640955,0.004587418,2.54E-37
4.64156,0.004267633,2.17E-37
4.642165,0.003784462,1.85E-37
4.64277,0.003268526,1.58E-37
4.643375,0.002848568,1.35E-37
4.64398,0.002527855,1.15E-37
4.644585,0.00218364,9.85E-38
4.64519,0.001694187,8.41E-38
4.645795,0.001088448,7.18E-38
4.6464,0.000567563,6.12E-38
4.647005,0.000321998,5.23E-38
4.64761,0.000307213,4.46E-38
4.648215,0.000254758,3.80E-38
4.64882,-7.56E-05,3.24E-38
4.649425,-0.000711216,2.77E-38
4.65003,-0.001516565,2.36E-38
4.650635,-0.002331138,2.01E-38
4.65124,-0.003068402,1.71E-38
4.651845,-0.003768051,1.46E-38
4.65245,-0.004569225,1.24E-38
4.653055,-0.00561123,1.06E-38
4.65366,-0.006910325,9.03E-39
4.654265,-0.00825247,7.69E-39
4.65487,-0.009246717,6.55E-39
4.655475,-0.009626239,5.57E-39
4.65608,-0.009524273,4.75E-39
4.656685,-0.00937464,4.04E-39
4.65729,-0.009526102,3.44E-39
4.657895,-0.010003451,2.93E-39
4.6585,-0.010612795,2.49E-39
4.659105,-0.011163888,2.12E-39
4.65971,-0.011579946,1.80E-39
4.660315,-0.011899154,1.53E-39
4.66092,-0.012226044,1.30E-39
4.661525,-0.012677757,1.11E-39
4.66213,-0.013337304,9.41E-40
4.662735,-0.014172767,8.00E-40
4.66334,-0.015002892,6.80E-40
4.663945,-0.015627273,5.78E-40
4.66455,-0.015986598,4.91E-40
4.665155,-0.016168168,4.17E-40
4.66576,-0.016327096,3.54E-40
4.666365,-0.016644171,3.01E-40
4.66697,-0.017269862,2.55E-40
4.667575,-0.018203349,2.17E-40
4.66818,-0.019235827,1.84E-40
4.668785,-0.020098253,1.56E-40
4.66939,-0.020709515,1.33E-40
4.669995,-0.021270092,1.12E-40
4.6706,-0.022072459,9.54E-41
4.671205,-0.023173196,8.09E-41
4.67181,-0.024292485,6.86E-41
4.672415,-0.025096933,5.82E-41
4.67302,-0.025495109,4.93E-41
4.673625,-0.025596911,4.18E-41
4.67423,-0.025542722,3.54E-41
4.674835,-0.025502143,3.00E-41
4.67544,-0.025725639,2.55E-41
4.676045,-0.02640184,2.16E-41
4.67665,-0.027408195,1.83E-41
4.677255,-0.028309978,1.55E-41
4.67786,-0.028735634,1.31E-41
4.678465,-0.028785899,1.11E-41
4.67907,-0.028998141,9.39E-42
4.679675,-0.02980528,7.95E-42
4.68028,-0.031050619,6.73E-42
4.680885,-0.032137791,5.69E-42
4.68149,-0.032626744,4.82E-42
4.682095,-0.032610059,4.08E-42
4.6827,-0.032573363,3.45E-42
4.683305,-0.032941021,2.92E-42
4.68391,-0.033723042,2.47E-42
4.684515,-0.034602445,2.08E-42
4.68512,-0.035324249,1.76E-42
4.685725,-0.035885614,1.49E-42
4.68633,-0.036379061,1.26E-42
4.686935,-0.036850509,1.06E-42
4.68754,-0.037357656,8.98E-43
4.688145,-0.037965947,7.59E-43
4.68875,-0.038617117,6.41E-43
4.689355,-0.039163954,5.41E-43
4.68996,-0.039516214,4.57E-43
4.690565,-0.039601439,3.86E-43
4.69117,-0.039329625,3.26E-43
4.691775,-0.038814121,2.75E-43
4.69238,-0.038500319,2.32E-43
4.692985,-0.038841357,1.96E-43
4.69359,-0.039801586,1.65E-43
4.694195,-0.040745062,1.39E-43
4.6948,-0.04093498,1.17E-43
4.695405,-0.040301412,9.90E-44
4.69601,-0.039679772,8.35E-44
4.696615,-0.040016062,7.04E-44
4.69722,-0.041297874,5.93E-44
4.697825,-0.042594826,5.00E-44
4.69843,-0.043167359,4.21E-44
4.699035,-0.043138765,3.55E-44
4.69964,-0.043069988,2.99E-44
4.700245,-0.043294735,2.52E-44
4.70085,-0.043786626,2.12E-44
4.701455,-0.044422617,1.79E-44
4.70206,-0.045152944,1.50E-44
4.702665,-0.045854522,1.27E-44
4.70327,-0.046171486,1.07E-44
4.703875,-0.045815539,8.96E-45
4.70448,-0.045128386,7.54E-45
4.705085,-0.045009321,6.34E-45
4.70569,-0.045980422,5.34E-45
4.706295,-0.047531232,4.49E-45
4.7069,-0.048626955,3.77E-45
4.707505,-0.048670624,3.17E-45
4.70811,-0.047872137,2.67E-45
4.708715,-0.046942019,2.24E-45
4.70932,-0.046524473,1.88E-45
4.709925,-0.04675721,1.58E-45
4.71053,-0.047262754,1.33E-45
4.711135,-0.047495802,1.12E-45
4.71174,-0.047058237,9.38E-46
4.712345,-0.045884674,7.88E-46
4.71295,-0.044452514,6.62E-46
4.713555,-0.04370789,5.55E-46
4.71416,-0.044311514,4.66E-46
4.714765,-0.045900763,3.91E-46
4.71537,-0.047398135,3.28E-46
4.715975,-0.047965067,2.76E-46
4.71658,-0.047479161,2.31E-46
4.717185,-0.046403119,1.94E-46
4.71779,-0.045504095,1.63E-46
4.718395,-0.045468696,1.36E-46
4.719,-0.046378165,1.14E-46
4.719605,-0.047471198,9.58E-47
4.72021,-0.047659328,8.03E-47
4.720815,-0.046517957,6.73E-47
4.72142,-0.044820232,5.64E-47
4.722025,-0.043952766,4.73E-47
4.72263,-0.044602377,3.96E-47
4.723235,-0.046057201,3.32E-47
4.72384,-0.046985028,2.78E-47
4.724445,-0.046740402,2.32E-47
4.72505,-0.045675123,1.95E-47
4.725655,-0.044456539,1.63E-47
4.72626,-0.043497296,1.36E-47
4.726865,-0.042957357,1.14E-47
4.72747,-0.042879163,9.55E-48
4.728075,-0.043069741,7.99E-48
4.72868,-0.042966931,6.68E-48
4.729285,-0.041944516,5.59E-48
4.72989,-0.040003532,4.67E-48
4.730495,-0.03810732,3.91E-48
4.7311,-0.037450277,3.27E-48
4.731705,-0.038211047,2.73E-48
4.73231,-0.039332462,2.28E-48
4.732915,-0.039644422,1.91E-48
4.73352,-0.038879079,1.59E-48
4.734125,-0.03758165,1.33E-48
4.73473,-0.036446462,1.11E-48
4.735335,-0.035876253,9.28E-49
4.73594,-0.035878525,7.75E-49
4.736545,-0.036084463,6.47E-49
4.73715,-0.035913221,5.40E-49
4.737755,-0.034976864,4.51E-49
4.73836,-0.033475291,3.76E-49
4.738965,-0.03218149,3.14E-49
4.73957,-0.03187431,2.62E-49
4.740175,-0.032598908,2.18E-49
4.74078,-0.03355815,1.82E-49
4.741385,-0.033840379,1.52E-49
4.74199,-0.033134914,1.27E-49
4.742595,-0.031772761,1.06E-49
4.7432,-0.030341951,8.80E-50
4.743805,-0.029319947,7.33E-50
4.74441,-0.028863085,6.11E-50
4.745015,-0.028734576,5.09E-50
4.74562,-0.028399841,4.24E-50
4.746225,-0.027353101,3.53E-50
4.74683,-0.025563372,2.94E-50
4.747435,-0.023698707,2.45E-50
4.74804,-0.022733304,2.04E-50
4.748645,-0.023037154,1.70E-50
4.74925,-0.023919405,1.41E-50
4.749855,-0.024297511,1.18E-50
4.75046,-0.023684172,9.78E-51
4.751065,-0.022398659,8.13E-51
4.75167,-0.021077565,6.77E-51
4.752275,-0.020179655,5.63E-51
4.75288,-0.019829473,4.68E-51
4.753485,-0.019879202,3.89E-51
4.75409,-0.019971619,3.23E-51
4.754695,-0.019653518,2.69E-51
4.7553,-0.018686041,2.23E-51
4.755905,-0.017378532,1.86E-51
4.75651,-0.016484,1.54E-51
4.757115,-0.016495331,1.28E-51
4.75772,-0.017058819,1.06E-51
4.758325,-0.017330758,8.84E-52
4.75893,-0.016828634,7.34E-52
4.759535,-0.015711528,6.09E-52
4.76014,-0.014414459,5.06E-52
4.760745,-0.013287837,4.20E-52
4.76135,-0.01252289,3.48E-52
4.761955,-0.012156732,2.89E-52
4.76256,-0.011987755,2.40E-52
4.763165,-0.011582779,1.99E-52
4.76377,-0.010580107,1.65E-52
4.764375,-0.009089482,1.37E-52
4.76498,-0.007726961,1.13E-52
4.765585,-0.007090429,9.40E-53
4.76619,-0.007174043,7.79E-53
4.766795,-0.007405016,6.46E-53
4.7674,-0.007177714,5.35E-53
4.768005,-0.006260342,4.43E-53
4.76861,-0.004885672,3.67E-53
4.769215,-0.003597494,3.04E-53
4.76982,-0.002865105,2.52E-53
4.770425,-0.002719972,2.09E-53
4.77103,-0.002762377,1.73E-53
4.771635,-0.00251304,1.43E-53
4.77224,-0.001790854,1.18E-53
4.772845,-0.000853697,9.79E-54
4.77345,-0.000216117,8.10E-54
4.774055,-0.000198294,6.70E-54
4.77466,-0.000545161,5.54E-54
4.775265,-0.000630428,4.58E-54
4.77587,-0.000108128,3.79E-54
4.776475,0.000824765,3.13E-54
4.77708,0.001811562,2.59E-54
4.777685,0.00272675,2.14E-54
4.77829,0.003611493,1.77E-54
4.778895,0.004400592,1.46E-54
4.7795,0.004915995,1.21E-54
4.780105,0.005146727,9.98E-55
4.78071,0.005367702,8.24E-55
4.781315,0.005863127,6.81E-55
4.78192,0.006578773,5.62E-55
4.782525,0.007183091,4.64E-55
4.78313,0.007504533,3.83E-55
4.783735,0.007741931,3.16E-55
4.78434,0.00817449,2.61E-55
4.784945,0.008850293,2.15E-55
4.78555,0.009652228,1.78E-55
4.786155,0.010508339,1.46E-55
4.78676,0.011380265,1.21E-55
4.787365,0.012097646,9.96E-56
4.78797,0.012408561,8.21E-56
4.788575,0.012293357,6.77E-56
4.78918,0.012103338,5.58E-56
4.789785,0.012245182,4.60E-56
4.79039,0.01273235,3.79E-56
4.790995,0.013145649,3.12E-56
4.7916,0.013110625,2.57E-56
4.792205,0.012757691,2.12E-56
4.79281,0.012607125,1.74E-56
4.793415,0.013040524,1.44E-56
4.79402,0.013974008,1.18E-56
4.794625,0.014998496,9.74E-57
4.79523,0.01573675,8.01E-57
4.795835,0.016072605,6.59E-57
4.79644,0.01614277,5.43E-57
4.797045,0.016177516,4.46E-57
4.79765,0.016323903,3.67E-57
4.798255,0.016573568,3.02E-57
4.79886,0.01681198,2.48E-57
4.799465,0.016913988,2.04E-57
4.80007,0.016836282,1.68E-57
4.800675,0.016641658,1.38E-57
4.80128,0.016427972,1.13E-57
4.801885,0.016290755,9.32E-58
4.80249,0.016359408,7.65E-58
4.803095,0.016730739,6.29E-58
4.8037,0.017305532,5.16E-58
4.804305,0.017814548,4.24E-58
4.80491,0.01807493,3.48E-58
4.805515,0.01813969,2.86E-58
4.80612,0.018168785,2.35E-58
4.806725,0.018225591,1.93E-58
4.80733,0.018209262,1.58E-58
4.807935,0.017950343,1.30E-58
4.80854,0.01741503,1.06E-58
4.809145,0.016851127,8.73E-59
4.80975,0.016648139,7.16E-59
4.810355,0.016986381,5.87E-59
4.81096,0.017656739,4.81E-59
4.811565,0.018241867,3.95E-59
4.81217,0.01848307,3.23E-59
4.812775,0.018489296,2.65E-59
4.81338,0.018555175,2.17E-59
4.813985,0.018795527,1.78E-59
4.81459,0.019054356,1.46E-59
4.815195,0.01915539,1.19E-59
4.8158,0.019104155,9.78E-60
4.816405,0.018991505,8.01E-60
4.81701,0.01882436,6.55E-60
4.817615,0.018563332,5.36E-60
4.81822,0.018257642,4.39E-60
4.818825,0.018053235,3.59E-60
4.81943,0.01807313,2.94E-60
4.820035,0.018284427,2.41E-60
4.82064,0.018464099,1.97E-60
4.821245,0.018324095,1.61E-60
4.82185,0.017727768,1.32E-60
4.822455,0.016827292,1.08E-60
4.82306,0.015968358,8.80E-61
4.823665,0.015384215,7.19E-61
4.82427,0.01495319,5.88E-61
4.824875,0.014318785,4.80E-61
4.82548,0.013287767,3.92E-61
4.826085,0.012056968,3.20E-61
4.82669,0.011032439,2.62E-61
4.827295,0.010494666,2.14E-61
4.8279,0.010446528,1.75E-61
4.828505,0.010686446,1.42E-61
4.82911,0.010961719,1.16E-61
4.829715,0.011089987,9.49E-62
4.83032,0.010986943,7.75E-62
4.830925,0.010627136,6.32E-62
4.83153,0.010063815,5.16E-62
4.832135,0.009478929,4.21E-62
4.83274,0.009075483,3.43E-62
4.833345,0.008852507,2.80E-62
4.83395,0.008562251,2.28E-62
4.834555,0.007982906,1.86E-62
4.83516,0.007214698,1.52E-62
4.835765,0.006621081,1.24E-62
4.83637,0.006483463,1.01E-62
4.836975,0.006753311,8.20E-63
4.83758,0.007096724,6.68E-63
4.838185,0.007148949,5.44E-63
4.83879,0.006763993,4.43E-63
4.839395,0.006064712,3.61E-63
4.84,0.005291463,2.94E-63
4.840605,0.004606386,2.39E-63
4.84121,0.003985937,1.95E-63
4.841815,0.003237916,1.58E-63
4.84242,0.002150225,1.29E-63
4.843025,0.000742017,1.05E-63
4.84363,-0.000602673,8.53E-64
4.844235,-0.001374346,6.94E-64
4.84484,-0.001387595,5.64E-64
4.845445,-0.000955127,4.59E-64
4.84605,-0.000596353,3.73E-64
4.846655,-0.00059448,3.03E-64
4.84726,-0.000842061,2.46E-64
4.847865,-0.001079888,2.00E-64
4.84847,-0.001212961,1.63E-64
4.849075,-0.001378833,1.32E-64
4.84968,-0.001784803,1.07E-64
4.850285,-0.002522947,8.71E-65
4.85089,-0.003497325,7.07E-65
4.851495,-0.004467784,5.74E-65
4.8521,-0.00518,4.66E-65
4.852705,-0.005544564,3.78E-65
4.85331,-0.005690137,3.07E-65
4.853915,-0.005757458,2.49E-65
4.85452,-0.005721156,2.02E-65
4.855125,-0.005567587,1.64E-65
4.85573,-0.005552292,1.33E-65
4.856335,-0.006047778,1.08E-65
4.85694,-0.007107098,8.74E-66
4.857545,-0.008344588,7.09E-66
4.85815,-0.009332318,5.75E-66
4.858755,-0.010034945,4.66E-66
4.85936,-0.010789079,3.77E-66
4.859965,-0.011871237,3.06E-66
4.86057,-0.013134304,2.48E-66
4.861175,-0.014145412,2.01E-66
4.86178,-0.014663754,1.62E-66
4.862385,-0.014840391,1.32E-66
4.86299,-0.014954388,1.06E-66
4.863595,-0.015135213,8.62E-67
4.8642,-0.015392352,6.98E-67
4.864805,-0.015775221,5.65E-67
4.86541,-0.016373801,4.57E-67
4.866015,-0.017153781,3.70E-67
4.86662,-0.01788136,2.99E-67
4.867225,-0.018323264,2.42E-67
4.86783,-0.018568725,1.96E-67
4.868435,-0.019049406,1.58E-67
4.86904,-0.020074605,1.28E-67
4.869645,-0.02139255,1.03E-67
4.87025,-0.022396824,8.35E-68
4.870855,-0.02274107,6.75E-68
4.87146,-0.022623984,5.45E-68
4.872065,-0.022539801,4.40E-68
4.87267,-0.022858487,3.56E-68
4.873275,-0.023595907,2.87E-68
4.87388,-0.024494565,2.32E-68
4.874485,-0.025295674,1.87E-68
4.87509,-0.025940606,1.51E-68
4.875695,-0.026538827,1.22E-68
4.8763,-0.027204421,9.85E-69
4.876905,-0.027957942,7.94E-69
4.87751,-0.028728144,6.41E-69
4.878115,-0.029421746,5.17E-69
4.87872,-0.030045267,4.17E-69
4.879325,-0.030700656,3.36E-69
4.87993,-0.031359079,2.71E-69
4.880535,-0.031762148,2.19E-69
4.88114,-0.031737204,1.76E-69
4.881745,-0.03155358,1.42E-69
4.88235,-0.031755618,1.14E-69
4.882955,-0.032568676,9.22E-70
4.88356,-0.033592621,7.43E-70
4.884165,-0.034190922,5.98E-70
4.88477,-0.034154605,4.82E-70
4.885375,-0.033919107,3.88E-70
4.88598,-0.034087097,3.12E-70
4.886585,-0.034787819,2.51E-70
4.88719,-0.035649497,2.02E-70
4.887795,-0.036328859,1.63E-70
4.8884,-0.03678667,1.31E-70
4.889005,-0.037081013,1.05E-70
4.88961,-0.03723311,8.48E-71
4.890215,-0.037378974,6.82E-71
4.89082,-0.037797694,5.48E-71
4.891425,-0.03860344,4.41E-71
4.89203,-0.039487763,3.54E-71
4.892635,-0.039932635,2.85E-71
4.89324,-0.039757452,2.29E-71
4.893845,-0.03943468,1.84E-71
4.89445,-0.039723108,1.48E-71
4.895055,-0.040885231,1.19E-71
4.89566,-0.042408957,9.54E-72
4.896265,-0.043574423,7.66E-72
4.89687,-0.044080657,6.15E-72
4.897475,-0.044085704,4.94E-72
4.89808,-0.04392494,3.96E-72
4.898685,-0.043909992,3.18E-72
4.89929,-0.044223449,2.55E-72
4.899895,-0.044827655,2.05E-72
4.9005,-0.045430587,1.64E-72
4.901105,-0.045613428,1.32E-72
4.90171,-0.045168694,1.06E-72
4.902315,-0.044459906,8.48E-73
4.90292,-0.044295743,6.80E-73
4.903525,-0.045154489,5.45E-73
4.90413,-0.046610858,4.37E-73
4.904735,-0.04777231,3.50E-73
4.90534,-0.048146705,2.81E-73
4.905945,-0.047907066,2.25E-73
4.90655,-0.047518358,1.80E-73
4.907155,-0.047348615,1.44E-73
4.90776,-0.047571207,1.16E-73
4.908365,-0.048172975,9.25E-74
4.90897,-0.048872096,7.41E-74
4.909575,-0.049125848,5.93E-74
4.91018,-0.048512508,4.74E-74
4.910785,-0.047298254,3.80E-74
4.91139,-0.046447924,3.04E-74
4.911995,-0.046737621,2.43E-74
4.9126,-0.047923729,1.94E-74
4.913205,-0.04903873,1.56E-74
4.91381,-0.049335159,1.24E-74
4.914415,-0.048744868,9.94E-75
4.91502,-0.047697083,7.95E-75
4.915625,-0.046782378,6.35E-75
4.91623,-0.046457177,5.08E-75
4.916835,-0.046741436,4.06E-75
4.91744,-0.047075969,3.24E-75
4.918045,-0.046632912,2.59E-75
4.91865,-0.04501083,2.07E-75
4.919255,-0.042799123,1.65E-75
4.91986,-0.041347762,1.32E-75
4.920465,-0.041604074,1.05E-75
4.92107,-0.043126053,8.41E-76
4.921675,-0.044527704,6.71E-76
4.92228,-0.04481498,5.36E-76
4.922885,-0.044038267,4.27E-76
4.92349,-0.042863563,3.41E-76
4.924095,-0.041901485,2.72E-76
4.9247,-0.041452923,2.17E-76
4.925305,-0.041540482,1.73E-76
4.92591,-0.041874239,1.38E-76
4.926515,-0.041846163,1.10E-76
4.92712,-0.040875508,8.76E-77
4.927725,-0.039045388,6.98E-77
4.92833,-0.037389634,5.57E-77
4.928935,-0.037169889,4.43E-77
4.92954,-0.038622245,3.53E-77
4.930145,-0.040622365,2.81E-77
4.93075,-0.041701749,2.24E-77
4.931355,-0.041223375,1.78E-77
4.93196,-0.03962429,1.42E-77
4.932565,-0.03785687,1.13E-77
4.93317,-0.036734605,9.00E-78
4.933775,-0.03654698,7.16E-78
4.93438,-0.036935436,5.70E-78
4.934985,-0.037073733,4.53E-78
4.93559,-0.036198257,3.61E-78
4.936195,-0.034269377,2.87E-78
4.9368,-0.032263738,2.28E-78
4.937405,-0.031540486,1.81E-78
4.93801,-0.032530978,1.44E-78
4.938615,-0.034169861,1.15E-78
4.93922,-0.034905642,9.11E-79
4.939825,-0.034141436,7.24E-79
4.94043,-0.0325288,5.75E-79
4.941035,-0.03111356,4.57E-79
4.94164,-0.030475127,3.63E-79
4.942245,-0.030530223,2.88E-79
4.94285,-0.03078573,2.29E-79
4.943455,-0.030690427,1.82E-79
4.94406,-0.029951241,1.44E-79
4.944665,-0.028711744,1.14E-79
4.94527,-0.027518759,9.09E-80
4.945875,-0.026997752,7.21E-80
4.94648,-0.027313249,5.72E-80
4.947085,-0.027961053,4.54E-80
4.94769,-0.028242289,3.60E-80
4.948295,-0.027841775,2.85E-80
4.9489,-0.026869199,2.26E-80
4.949505,-0.025593197,1.79E-80
4.95011,-0.024340991,1.42E-80
4.950715,-0.023468155,1.13E-80
4.95132,-0.023119055,8.93E-81
4.951925,-0.02297627,7.08E-81
4.95253,-0.022416051,5.60E-81
4.953135,-0.021061512,4.44E-81
4.95374,-0.019247219,3.52E-81
4.954345,-0.01785377,2.78E-81
4.95495,-0.017498984,2.20E-81
4.955555,-0.01789454,1.74E-81
4.95616,-0.018158793,1.38E-81
4.956765,-0.017700284,1.09E-81
4.95737,-0.016608497,8.65E-82
4.957975,-0.015302669,6.84E-82
4.95858,-0.014112103,5.41E-82
4.959185,-0.013234019,4.28E-82
4.95979,-0.012799623,3.39E-82
4.960395,-0.01272373,2.68E-82
4.961,-0.012587877,2.12E-82
4.961605,-0.011956288,1.67E-82
4.96221,-0.010885786,1.32E-82
4.962815,-0.009960354,1.04E-82
4.96342,-0.009674571,8.25E-83
4.964025,-0.009836999,6.52E-83
4.96463,-0.009749973,5.15E-83
4.965235,-0.008974105,4.07E-83
4.96584,-0.007776615,3.21E-83
4.966445,-0.006828621,2.54E-83
4.96705,-0.006523433,2.00E-83
4.967655,-0.006592591,1.58E-83
4.96826,-0.00641053,1.25E-83
4.968865,-0.005628598,9.84E-84
4.96947,-0.004415814,7.76E-84
4.970075,-0.003170683,6.12E-84
4.97068,-0.002187437,4.83E-84
4.971285,-0.001587627,3.81E-84
4.97189,-0.001341798,3.00E-84
4.972495,-0.001227566,2.37E-84
4.9731,-0.0009228,1.87E-84
4.973705,-0.000269263,1.47E-84
4.97431,0.000629687,1.16E-84
4.974915,0.001562383,9.13E-85
4.97552,0.002363752,7.19E-85
4.976125,0.002959466,5.67E-85
4.97673,0.003339574,4.46E-85
4.977335,0.003532547,3.51E-85
4.97794,0.003631801,2.77E-85
4.978545,0.003784774,2.18E-85
4.97915,0.004058823,1.71E-85
4.979755,0.004328982,1.35E-85
4.98036,0.004414669,1.06E-85
4.980965,0.004376453,8.35E-86
4.98157,0.004544158,6.57E-86
4.982175,0.005174644,5.17E-86
4.98278,0.006201231,4.06E-86
4.983385,0.007335133,3.19E-86
4.98399,0.008292324,2.51E-86
4.984595,0.008941417,1.97E-86
4.9852,0.009328521,1.55E-86
4.985805,0.009596525,1.22E-86
4.98641,0.009911599,9.58E-87
4.987015,0.010444705,7.53E-87
4.98762,0.011288734,5.91E-87
4.988225,0.01228867,4.64E-87
4.98883,0.01304838,3.65E-87
4.989435,0.013286486,2.86E-87
4.99004,0.013170601,2.25E-87
4.990645,0.013178863,1.76E-87
4.99125,0.013662289,1.38E-87
4.991855,0.014567322,1.09E-87
4.99246,0.015506892,8.52E-88
4.993065,0.016118556,6.68E-88
4.99367,0.016372248,5.24E-88
4.994275,0.016467086,4.11E-88
4.99488,0.016524001,3.22E-88
4.995485,0.016534703,2.53E-88
4.99609,0.016514129,1.98E-88
4.996695,0.01649358,1.55E-88
4.9973,0.016386631,1.22E-88
4.997905,0.016076841,9.53E-89
4.99851,0.015670975,7.47E-89
4.999115,0.0154942,5.85E-89
4.99972,0.015806314,4.58E-89
5.000325,0.016570578,3.59E-89
5.00093,0.017437919,2.81E-89
5.001535,0.017981456,2.20E-89
5.00214,0.018034193,1.72E-89
5.002745,0.017758287,1.35E-89
5.00335,0.017391379,1.05E-89
5.003955,0.017054943,8.24E-90
5.00456,0.016819017,6.45E-90
5.005165,0.016775207,5.04E-90
5.00577,0.016928517,3.94E-90
5.006375,0.017122638,3.08E-90
5.00698,0.017181803,2.41E-90
5.007585,0.017079572,1.88E-90
5.00819,0.016965106,1.47E-90
5.008795,0.017089243,1.15E-90
5.0094,0.017637745,8.99E-91
5.010005,0.01851547,7.03E-91
5.01061,0.019281758,5.49E-91
5.011215,0.019374492,4.29E-91
5.01182,0.018543994,3.35E-91
5.012425,0.017188099,2.61E-91
5.01303,0.016166259,2.04E-91
5.013635,0.016056363,1.59E-91
5.01424,0.016561635,1.24E-91
5.014845,0.016845447,9.69E-92
5.01545,0.016497212,7.56E-92
5.016055,0.015943378,5.90E-92
5.01666,0.015841911,4.60E-92
5.017265,0.016325999,3.59E-92
5.01787,0.016964186,2.80E-92
5.018475,0.017270615,2.18E-92
5.01908,0.017090666,1.70E-92
5.019685,0.016566667,1.33E-92
5.02029,0.015922752,1.03E-92
5.020895,0.015359974,8.05E-93
5.0215,0.015043291,6.27E-93
5.022105,0.015026284,4.88E-93
5.02271,0.015133533,3.80E-93
5.023315,0.015028438,2.96E-93
5.02392,0.01454269,2.31E-93
5.024525,0.013891348,1.79E-93
5.02513,0.013441498,1.40E-93
5.025735,0.013330014,1.09E-93
5.02634,0.013399181,8.46E-94
5.026945,0.013421265,6.58E-94
5.02755,0.013276015,5.12E-94
5.028155,0.012945843,3.98E-94
5.02876,0.01245424,3.10E-94
5.029365,0.011857932,2.41E-94
5.02997,0.011242098,1.87E-94
5.030575,0.010644974,1.46E-94
5.03118,0.009981374,1.13E-94
5.031785,0.009117743,8.79E-95
5.03239,0.008086467,6.83E-95
5.032995,0.007179217,5.30E-95
5.0336,0.006741732,4.12E-95
5.034205,0.006866355,3.20E-95
5.03481,0.007303378,2.48E-95
5.035415,0.007654884,1.93E-95
5.03602,0.007653899,1.50E-95
5.036625,0.007288215,1.16E-95
5.03723,0.006706831,9.02E-96
5.037835,0.00607905,7.00E-96
5.03844,0.005540495,5.43E-96
5.039045,0.005149977,4.21E-96
5.03965,0.004814524,3.27E-96
5.040255,0.004331596,2.53E-96
5.04086,0.003613109,1.96E-96
5.041465,0.002847848,1.52E-96
5.04207,0.002357732,1.18E-96
5.042675,0.002298029,9.15E-97
5.04328,0.002526924,7.09E-97
5.043885,0.002710747,5.49E-97
5.04449,0.002534451,4.26E-97
5.045095,0.001897781,3.30E-97
5.0457,0.000975976,2.55E-97
5.046305,8.03E-05,1.98E-97
5.04691,-0.000576159,1.53E-97
5.047515,-0.001011861,1.19E-97
5.04812,-0.001433221,9.17E-98
5.048725,-0.002107303,7.10E-98
5.04933,-0.003216815,5.49E-98
5.049935,-0.004674073,4.25E-98
5.05054,-0.006021566,3.29E-98
5.051145,-0.006659239,2.54E-98
5.05175,-0.006341528,1.97E-98
5.052355,-0.00548991,1.52E-98
5.05296,-0.004926348,1.18E-98
5.053565,-0.005210046,9.09E-99
5.05417,-0.006219458,7.02E-99
5.054775,-0.007340429,5.43E-99
5.05538,-0.007989101,4.19E-99
5.055985,-0.008013733,3.24E-99
5.05659,-0.00775485,2.50E-99
5.057195,-0.007764317,1.93E-99
5.0578,-0.008353796,1.49E-99
5.058405,-0.009321672,1.15E-99
5.05901,-0.010148717,8.90E-100
5.059615,-0.010491039,6.87E-100
5.06022,-0.010445792,5.30E-100
5.060825,-0.010369247,4.09E-100
5.06143,-0.010540308,3.15E-100
5.062035,-0.011017002,2.43E-100
5.06264,-0.011732443,1.88E-100
5.063245,-0.012610834,1.45E-100
5.06385,-0.013535378,1.12E-100
5.064455,-0.014314336,8.60E-101
5.06506,-0.014834953,6.63E-101
5.065665,-0.015256479,5.11E-101
5.06627,-0.015938905,3.94E-101
5.066875,-0.017086674,3.04E-101
5.06748,-0.018477566,2.34E-101
5.068085,-0.019633639,1.80E-101
5.06869,-0.020270531,1.39E-101
5.069295,-0.020513932,1.07E-101
5.0699,-0.020695536,8.22E-102
5.070505,-0.021051198,6.33E-102
5.07111,-0.021662663,4.87E-102
5.071715,-0.022549107,3.75E-102
5.07232,-0.02362934,2.89E-102
5.072925,-0.024635768,2.22E-102
5.07353,-0.025270588,1.71E-102
5.074135,-0.025537652,1.31E-102
5.07474,-0.025832363,1.01E-102
5.075345,-0.026574329,7.77E-103
5.07595,-0.027752062,5.97E-103
5.076555,-0.028925396,4.59E-103
5.07716,-0.029644506,3.53E-103
5.077765,-0.029796007,2.71E-103
5.07837,-0.029645709,2.08E-103
5.078975,-0.029644501,1.60E-103
5.07958,-0.03012231,1.23E-103
5.080185,-0.031078945,9.44E-104
5.08079,-0.032212337,7.25E-104
5.081395,-0.033101866,5.57E-104
5.082,-0.03344279,4.27E-104
5.082605,-0.033307053,3.28E-104
5.08321,-0.033235014,2.52E-104
5.083815,-0.033835356,1.93E-104
5.08442,-0.035123299,1.48E-104
5.085025,-0.036439463,1.14E-104
5.08563,-0.037150951,8.72E-105
5.086235,-0.037225235,6.69E-105
5.08684,-0.037036178,5.13E-105
5.087445,-0.036876129,3.93E-105
5.08805,-0.036839179,3.01E-105
5.088655,-0.0370067,2.31E-105
5.08926,-0.037454126,1.77E-105
5.089865,-0.038017327,1.36E-105
5.09047,-0.038268421,1.04E-105
5.091075,-0.037944393,7.96E-106
5.09168,-0.037401293,6.09E-106
5.092285,-0.037415034,4.67E-106
5.09289,-0.038360697,3.57E-106
5.093495,-0.039753624,2.74E-106
5.0941,-0.040772849,2.09E-106
5.094705,-0.041059557,1.60E-106
5.09531,-0.040883257,1.23E-106
5.095915,-0.040750989,9.38E-107
5.09652,-0.041004273,7.18E-107
5.097125,-0.041661271,5.49E-107
5.09773,-0.0424824,4.20E-107
5.098335,-0.043137283,3.21E-107
5.09894,-0.043365812,2.45E-107
5.099545,-0.043141409,1.88E-107
5.10015,-0.042822437,1.43E-107
5.100755,-0.04302116,1.10E-107
5.10136,-0.044049879,8.37E-108
5.101965,-0.04553343,6.39E-108
5.10257,-0.046771666,4.88E-108
5.103175,-0.047355582,3.73E-108
5.10378,-0.047299312,2.85E-108
5.104385,-0.046852327,2.17E-108
5.10499,-0.046391488,1.66E-108
5.105595,-0.046301659,1.27E-108
5.1062,-0.046715585,9.67E-109
5.106805,-0.04729953,7.38E-109
5.10741,-0.047370286,5.63E-109
5.108015,-0.046436373,4.30E-109
5.10862,-0.044829724,3.28E-109
5.109225,-0.043698929,2.50E-109
5.10983,-0.044030063,1.91E-109
5.110435,-0.045631107,1.45E-109
5.11104,-0.047325444,1.11E-109
5.111645,-0.0480616,8.44E-110
5.11225,-0.047644384,6.43E-110
5.112855,-0.04663901,4.90E-110
5.11346,-0.045842032,3.73E-110
5.114065,-0.045724216,2.84E-110
5.11467,-0.046177204,2.17E-110
5.115275,-0.046686622,1.65E-110
5.11588,-0.046705631,1.26E-110
5.116485,-0.045999424,9.56E-111
5.11709,-0.044892874,7.28E-111
5.117695,-0.044200186,5.54E-111
5.1183,-0.044565971,4.21E-111
5.118905,-0.045734043,3.21E-111
5.11951,-0.046757286,2.44E-111
5.120115,-0.046943746,1.85E-111
5.12072,-0.046295516,1.41E-111
5.121325,-0.045197955,1.07E-111
5.12193,-0.044100558,8.15E-112
5.122535,-0.043415363,6.20E-112
5.12314,-0.043362916,4.71E-112
5.123745,-0.043745722,3.58E-112
5.12435,-0.043897224,2.72E-112
5.124955,-0.043048644,2.07E-112
5.12556,-0.041076035,1.57E-112
5.126165,-0.038986945,1.19E-112
5.12677,-0.038257343,9.05E-113
5.127375,-0.039336274,6.87E-113
5.12798,-0.041096613,5.22E-113
5.128585,-0.041996517,3.96E-113
5.12919,-0.041452272,3.01E-113
5.129795,-0.039994013,2.28E-113
5.1304,-0.038527629,1.73E-113
5.131005,-0.037666033,1.31E-113
5.13161,-0.037532028,9.96E-114
5.132215,-0.037847588,7.55E-114
5.13282,-0.03805148,5.73E-114
5.133425,-0.037518208,4.34E-114
5.13403,-0.036023803,3.29E-114
5.134635,-0.034152329,2.49E-114
5.13524,-0.033002691,1.89E-114
5.135845,-0.033200712,1.43E-114
5.13645,-0.034296864,1.08E-114
5.137055,-0.035248,8.22E-115
5.13766,-0.035261833,6.22E-115
5.138265,-0.034203497,4.71E-115
5.13887,-0.032597026,3.57E-115
5.139475,-0.03130953,2.70E-115
5.14008,-0.030937637,2.04E-115
5.140685,-0.03131018,1.55E-115
5.14129,-0.031565036,1.17E-115
5.141895,-0.030797,8.86E-116
5.1425,-0.028847337,6.70E-116
5.143105,-0.026630466,5.07E-116
5.14371,-0.02551351,3.83E-116
5.144315,-0.026044698,2.90E-116
5.14492,-0.027379139,2.19E-116
5.145525,-0.028197095,1.66E-116
5.14613,-0.027940841,1.25E-116
5.146735,-0.026949958,9.46E-117
5.14734,-0.025794769,7.15E-117
5.147945,-0.024829994,5.40E-117
5.14855,-0.024219119,4.08E-117
5.149155,-0.024033996,3.08E-117
5.14976,-0.024123715,2.33E-117
5.150365,-0.023992804,1.76E-117
5.15097,-0.023147865,1.33E-117
5.151575,-0.021740315,1.00E-117
5.15218,-0.020652622,7.56E-118
5.152785,-0.020637801,5.70E-118
5.15339,-0.021443204,4.30E-118
5.153995,-0.022052491,3.25E-118
5.1546,-0.021696786,2.45E-118
5.155205,-0.020446801,1.85E-118
5.15581,-0.018993784,1.39E-118
5.156415,-0.018004519,1.05E-118
5.15702,-0.017608412,7.91E-119
5.157625,-0.017444943,5.96E-119
5.15823,-0.017090341,4.49E-119
5.158835,-0.016310858,3.39E-119
5.15944,-0.015061996,2.55E-119
5.160045,-0.013536117,1.92E-119
5.16065,-0.012196484,1.45E-119
5.161255,-0.011455923,1.09E-119
5.16186,-0.011243765,8.20E-120
5.162465,-0.011113027,6.18E-120
5.16307,-0.010717673,4.65E-120
5.163675,-0.009953512,3.50E-120
5.16428,-0.008844616,2.63E-120
5.164885,-0.007604354,1.98E-120
5.16549,-0.006646665,1.49E-120
5.166095,-0.006248776,1.12E-120
5.1667,-0.006198247,8.43E-121
5.167305,-0.005926113,6.34E-121
5.16791,-0.005074013,4.76E-121
5.168515,-0.003903918,3.58E-121
5.16912,-0.00309117,2.69E-121
5.169725,-0.003036384,2.02E-121
5.17033,-0.003368897,1.52E-121
5.170935,-0.003279213,1.14E-121
5.17154,-0.002354374,8.58E-122
5.172145,-0.000887569,6.44E-122
5.17275,0.000560029,4.84E-122
5.173355,0.001629145,3.63E-122
5.17396,0.002258204,2.73E-122
5.174565,0.002584513,2.05E-122
5.17517,0.002837036,1.54E-122
5.175775,0.00321302,1.15E-122
5.17638,0.003733975,8.65E-123
5.176985,0.004223608,6.49E-123
5.17759,0.004490899,4.87E-123
5.178195,0.004567265,3.65E-123
5.1788,0.004768898,2.74E-123
5.179405,0.005452529,2.05E-123
5.18001,0.006646936,1.54E-123
5.180615,0.00799631,1.15E-123
5.18122,0.009091992,8.64E-124
5.181825,0.009789619,6.47E-124
5.18243,0.010214143,4.85E-124
5.183035,0.010519221,3.63E-124
5.18364,0.010693544,2.72E-124
5.184245,0.010643736,2.04E-124
5.18485,0.010418066,1.53E-124
5.185455,0.010245531,1.14E-124
5.18606,0.010315387,8.55E-125
5.186665,0.010576402,6.40E-125
5.18727,0.01084493,4.79E-125
5.187875,0.011070763,3.58E-125
5.18848,0.011374437,2.68E-125
5.189085,0.011861408,2.00E-125
5.18969,0.012510424,1.50E-125
5.190295,0.013216003,1.12E-125
5.1909,0.013856985,8.38E-126
5.191505,0.014315572,6.26E-126
5.19211,0.014503443,4.68E-126
5.192715,0.014453309,3.50E-126
5.19332,0.014371757,2.61E-126
5.193925,0.014513852,1.95E-126
5.19453,0.014945146,1.46E-126
5.195135,0.015441962,1.09E-126
5.19574,0.015706298,8.14E-127
5.196345,0.015701043,6.08E-127
5.19695,0.015689927,4.54E-127
5.197555,0.015941803,3.39E-127
5.19816,0.016487369,2.53E-127
5.198765,0.017144179,1.89E-127
5.19937,0.017667421,1.41E-127
5.199975,0.017875326,1.05E-127
5.20058,0.017741626,7.83E-128
5.201185,0.017435528,5.84E-128
5.20179,0.017217865,4.35E-128
5.202395,0.017218063,3.24E-128
5.203,0.017307094,2.42E-128
5.203605,0.017218269,1.80E-128
5.20421,0.016819281,1.34E-128
5.204815,0.016279384,1.00E-128
5.20542,0.015937816,7.46E-129
5.206025,0.016000261,5.56E-129
5.20663,0.016408645,4.14E-129
5.207235,0.016972196,3.08E-129
5.20784,0.017527758,2.29E-129
5.208445,0.017968097,1.71E-129
5.20905,0.018193591,1.27E-129
5.209655,0.018119006,9.46E-130
5.21026,0.017780634,7.04E-130
5.210865,0.017404393,5.24E-130
5.21147,0.017250151,3.90E-130
5.212075,0.017323836,2.90E-130
5.21268,0.017339255,2.16E-130
5.213285,0.017061137,1.60E-130
5.21389,0.016593861,1.19E-130
5.214495,0.016249191,8.86E-131
5.2151,0.016240945,6.58E-131
5.215705,0.016558626,4.89E-131
5.21631,0.017013886,3.64E-131
5.216915,0.01735052,2.70E-131
5.21752,0.017359628,2.01E-131
5.218125,0.01696145,1.49E-131
5.21873,0.016280549,1.11E-131
5.219335,0.015650424,8.22E-132
5.21994,0.015378353,6.10E-132
5.220545,0.015404442,4.53E-132
5.22115,0.015310936,3.36E-132
5.221755,0.014781277,2.49E-132
5.22236,0.013972285,1.85E-132
5.222965,0.013362572,1.37E-132
5.22357,0.01331678,1.02E-132
5.224175,0.013814809,7.55E-133
5.22478,0.014484904,5.60E-133
5.225385,0.014856923,4.15E-133
5.22599,0.014656988,3.08E-133
5.226595,0.013953822,2.28E-133
5.2272,0.013097225,1.69E-133
5.227805,0.012481957,1.25E-133
5.22841,0.012247981,9.28E-134
5.229015,0.012166368,6.87E-134
5.22962,0.011880325,5.09E-134
5.230225,0.011285494,3.77E-134
5.23083,0.010612066,2.79E-134
5.231435,0.010127799,2.07E-134
5.23204,0.009877746,1.53E-134
5.232645,0.009753027,1.13E-134
5.23325,0.009682757,8.38E-135
5.233855,0.009648783,6.20E-135
5.23446,0.009546667,4.58E-135
5.235065,0.009162254,3.39E-135
5.23567,0.008380634,2.51E-135
5.236275,0.007370124,1.85E-135
5.23688,0.006469693,1.37E-135
5.237485,0.005881745,1.01E-135
5.23809,0.005470829,7.49E-136
5.238695,0.004875601,5.54E-136
5.2393,0.003896878,4.09E-136
5.239905,0.00278867,3.02E-136
5.24051,0.002076037,2.23E-136
5.241115,0.002043773,1.65E-136
5.24172,0.002437283,1.22E-136
5.242325,0.00268471,8.99E-137
5.24293,0.002405062,6.64E-137
5.243535,0.001704919,4.90E-137
5.24414,0.001006458,3.62E-137
5.244745,0.000615428,2.67E-137
5.24535,0.000477021,1.97E-137
5.245955,0.000313374,1.45E-137
5.24656,-0.000114861,1.07E-137
5.247165,-0.0008862,7.90E-138
5.24777,-0.001896553,5.83E-138
5.248375,-0.002903003,4.29E-138
5.24898,-0.003663515,3.17E-138
5.249585,-0.004055571,2.33E-138
5.25019,-0.004116706,1.72E-138
5.250795,-0.00408794,1.27E-138
5.2514,-0.004359242,9.34E-139
5.252005,-0.005171318,6.88E-139
5.25261,-0.006325635,5.06E-139
5.253215,-0.007326335,3.73E-139
5.25382,-0.007874885,2.75E-139
5.254425,-0.008157948,2.02E-139
5.25503,-0.008638168,1.49E-139
5.255635,-0.00959879,1.10E-139
5.25624,-0.01084985,8.06E-140
5.256845,-0.01187597,5.93E-140
5.25745,-0.012323991,4.36E-140
5.258055,-0.01229541,3.21E-140
5.25866,-0.012146609,2.36E-140
5.259265,-0.012145886,1.74E-140
5.25987,-0.012376315,1.28E-140
5.260475,-0.012831134,9.38E-141
5.26108,-0.01347803,6.89E-141
5.261685,-0.014221456,5.07E-141
5.26229,-0.014855248,3.72E-141
5.262895,-0.015151614,2.73E-141
5.2635,-0.015116904,2.01E-141
5.264105,-0.015138026,1.48E-141
5.26471,-0.015679114,1.08E-141
5.265315,-0.016765652,7.96E-142
5.26592,-0.0179147,5.84E-142
5.266525,-0.018607286,4.29E-142
5.26713,-0.018731374,3.15E-142
5.267735,-0.018597355,2.31E-142
5.26834,-0.018625464,1.69E-142
5.268945,-0.019023905,1.24E-142
5.26955,-0.019714742,9.12E-143
5.270155,-0.020496802,6.69E-143
5.27076,-0.021222323,4.90E-143
5.271365,-0.021851694,3.59E-143
5.27197,-0.022444563,2.63E-143
5.272575,-0.023133932,1.93E-143
5.27318,-0.024016295,1.42E-143
5.273785,-0.025023875,1.04E-143
5.27439,-0.025979756,7.60E-144
5.274995,-0.026747738,5.57E-144
5.2756,-0.027239474,4.08E-144
5.276205,-0.027405129,2.98E-144
5.27681,-0.027381037,2.19E-144
5.277415,-0.027546586,1.60E-144
5.27802,-0.028248628,1.17E-144
5.278625,-0.029421385,8.57E-145
5.27923,-0.030533343,6.27E-145
5.279835,-0.031008666,4.59E-145
5.28044,-0.030806109,3.36E-145
5.281045,-0.030581861,2.46E-145
5.28165,-0.031126759,1.80E-145
5.282255,-0.032550898,1.31E-145
5.28286,-0.034158612,9.60E-146
5.283465,-0.035191598,7.02E-146
5.28407,-0.035511411,5.13E-146
5.284675,-0.035509921,3.75E-146
5.28528,-0.035599449,2.74E-146
5.285885,-0.035939554,2.00E-146
5.28649,-0.036527766,1.46E-146
5.287095,-0.03732848,1.07E-146
5.2877,-0.038205516,7.80E-147
5.288305,-0.038848602,5.69E-147
5.28891,-0.039006608,4.16E-147
5.289515,-0.038878504,3.03E-147
5.29012,-0.039068589,2.21E-147
5.290725,-0.039947144,1.62E-147
5.29133,-0.041208179,1.18E-147
5.291935,-0.042263322,8.60E-148
5.29254,-0.042875576,6.27E-148
5.293145,-0.043205397,4.58E-148
5.29375,-0.043437062,3.34E-148
5.294355,-0.043574742,2.43E-148
5.29496,-0.043549725,1.77E-148
5.295565,-0.043402687,1.29E-148
5.29617,-0.043284522,9.42E-149
5.296775,-0.043252057,6.86E-149
5.29738,-0.043147589,5.00E-149
5.297985,-0.042840369,3.64E-149
5.29859,-0.042558998,2.65E-149
5.299195,-0.042718395,1.93E-149
5.2998,-0.043383166,1.41E-149
5.300405,-0.044168889,1.02E-149
5.30101,-0.044668611,7.46E-150
5.301615,-0.044756754,5.43E-150
5.30222,-0.044563541,3.95E-150
5.302825,-0.044373339,2.87E-150
5.30343,-0.044503812,2.09E-150
5.304035,-0.045079734,1.52E-150
5.30464,-0.045820672,1.11E-150
5.305245,-0.046142069,8.04E-151
5.30585,-0.04565615,5.85E-151
5.306455,-0.044676696,4.25E-151
5.30706,-0.044116166,3.09E-151
5.307665,-0.04465024,2.24E-151
5.30827,-0.045988822,1.63E-151
5.308875,-0.047184333,1.18E-151
5.30948,-0.047578147,8.61E-152
5.310085,-0.047223568,6.25E-152
5.31069,-0.046563782,4.54E-152
5.311295,-0.046021972,3.30E-152
5.3119,-0.045877458,2.39E-152
5.312505,-0.046239748,1.74E-152
5.31311,-0.04688175,1.26E-152
5.313715,-0.047133062,9.15E-153
5.31432,-0.046276768,6.64E-153
5.314925,-0.044358811,4.82E-153
5.31553,-0.04253232,3.49E-153
5.316135,-0.0421825,2.53E-153
5.31674,-0.043504106,1.84E-153
5.317345,-0.045240492,1.33E-153
5.31795,-0.045987462,9.66E-154
5.318555,-0.045463553,7.00E-154
5.31916,-0.04443291,5.07E-154
5.319765,-0.043750424,3.68E-154
5.32037,-0.043692505,2.66E-154
5.320975,-0.04401326,1.93E-154
5.32158,-0.044316192,1.40E-154
5.322185,-0.044279203,1.01E-154
5.32279,-0.043739113,7.33E-155
5.323395,-0.042811081,5.30E-155
5.324,-0.041970114,3.84E-155
5.324605,-0.041801932,2.78E-155
5.32521,-0.042453282,2.01E-155
5.325815,-0.043423326,1.45E-155
5.32642,-0.044011561,1.05E-155
5.327025,-0.04381871,7.61E-156
5.32763,-0.042853299,5.51E-156
5.328235,-0.041478062,3.98E-156
5.32884,-0.040303876,2.88E-156
5.329445,-0.039852729,2.08E-156
5.33005,-0.040090602,1.50E-156
5.330655,-0.040306378,1.09E-156
5.33126,-0.039648399,7.85E-157
5.331865,-0.037940424,5.67E-157
5.33247,-0.035999066,4.10E-157
5.333075,-0.035025864,2.96E-157
5.33368,-0.035488322,2.14E-157
5.334285,-0.03663889,1.54E-157
5.33489,-0.037279676,1.11E-157
5.335495,-0.036851731,8.04E-158
5.3361,-0.035674765,5.81E-158
5.336705,-0.034393814,4.19E-158
5.33731,-0.033433177,3.02E-158
5.337915,-0.032912733,2.18E-158
5.33852,-0.032794089,1.57E-158
5.339125,-0.032850439,1.13E-158
5.33973,-0.032601404,8.18E-159
5.340335,-0.031624628,5.90E-159
5.34094,-0.030095885,4.25E-159
5.341545,-0.028855418,3.06E-159
5.34215,-0.028663944,2.21E-159
5.342755,-0.029384869,1.59E-159
5.34336,-0.030082917,1.15E-159
5.343965,-0.029892018,8.26E-160
5.34457,-0.028697369,5.95E-160
5.345175,-0.027099898,4.28E-160
5.34578,-0.025833671,3.08E-160
5.346385,-0.025212645,2.22E-160
5.34699,-0.025045073,1.60E-160
5.347595,-0.024858234,1.15E-160
5.3482,-0.024143277,8.28E-161
5.348805,-0.022670276,5.96E-161
5.34941,-0.020810688,4.29E-161
5.350015,-0.019410937,3.08E-161
5.35062,-0.019064082,2.22E-161
5.351225,-0.019530268,1.59E-161
5.35183,-0.02006324,1.15E-161
5.352435,-0.020158529,8.24E-162
5.35304,-0.019773446,5.92E-162
5.353645,-0.019057729,4.26E-162
5.35425,-0.01818499,3.06E-162
5.354855,-0.01740705,2.20E-162
5.35546,-0.017037091,1.58E-162
5.356065,-0.017150912,1.13E-162
5.35667,-0.01730269,8.14E-163
5.357275,-0.016816244,5.85E-163
5.35788,-0.015535461,4.20E-163
5.358485,-0.014145892,3.01E-163
5.35909,-0.013535078,2.16E-163
5.359695,-0.013834053,1.55E-163
5.3603,-0.014277844,1.11E-163
5.360905,-0.014021362,7.99E-164
5.36151,-0.012910299,5.73E-164
5.362115,-0.011464778,4.11E-164
5.36272,-0.010279826,2.95E-164
5.363325,-0.009517783,2.11E-164
5.36393,-0.008966517,1.51E-164
5.364535,-0.008428956,1.09E-164
5.36514,-0.007846279,7.78E-165
5.365745,-0.007118363,5.57E-165
5.36635,-0.006099669,3.99E-165
5.366955,-0.004874525,2.86E-165
5.36756,-0.003823532,2.05E-165
5.368165,-0.003228446,1.47E-165
5.36877,-0.002932311,1.05E-165
5.369375,-0.002515406,7.52E-166
5.36998,-0.001686032,5.38E-166
5.370585,-0.000484298,3.85E-166
5.37119,0.000748461,2.76E-166
5.371795,0.001619077,1.97E-166
5.3724,0.001990792,1.41E-166
5.373005,0.002061762,1.01E-166
5.37361,0.002190804,7.22E-167
5.374215,0.002630914,5.16E-167
5.37482,0.003301552,3.69E-167
5.375425,0.003806168,2.64E-167
5.37603,0.003833438,1.89E-167
5.376635,0.003601858,1.35E-167
5.37724,0.003716951,9.64E-168
5.377845,0.004492672,6.88E-168
5.37845,0.005613046,4.92E-168
5.379055,0.006513491,3.51E-168
5.37966,0.006911627,2.51E-168
5.380265,0.006998203,1.79E-168
5.38087,0.007233643,1.28E-168
5.381475,0.007879049,9.13E-169
5.38208,0.008730327,6.51E-169
5.382685,0.009449347,4.65E-169
5.38329,0.010030995,3.32E-169
5.383895,0.010670381,2.37E-169
5.3845,0.011290898,1.69E-169
5.385105,0.011595657,1.20E-169
5.38571,0.011564638,8.58E-170
5.386315,0.011566637,6.12E-170
5.38692,0.011983034,4.36E-170
5.387525,0.012875072,3.11E-170
5.38813,0.013909186,2.22E-170
5.388735,0.014569426,1.58E-170
5.38934,0.014612748,1.13E-170
5.389945,0.014313526,8.02E-171
5.39055,0.01416099,5.71E-171
5.391155,0.014398747,4.07E-171
5.39176,0.014901182,2.90E-171
5.392365,0.015326489,2.06E-171
5.39297,0.015341847,1.47E-171
5.393575,0.014902575,1.04E-171
5.39418,0.014355919,7.43E-172
5.394785,0.014114039,5.29E-172
5.39539,0.014289659,3.76E-172
5.395995,0.014778045,2.68E-172
5.3966,0.015478568,1.90E-172
5.397205,0.016245935,1.35E-172
5.39781,0.016823023,9.62E-173
5.398415,0.017015066,6.84E-173
5.39902,0.016884838,4.86E-173
5.399625,0.016739564,3.45E-173
5.40023,0.01690863,2.46E-173
5.400835,0.017407872,1.74E-173
5.40144,0.017801238,1.24E-173
5.402045,0.017614061,8.80E-174
5.40265,0.016962176,6.25E-174
5.403255,0.016525815,4.44E-174
5.40386,0.016812278,3.15E-174
5.404465,0.017661251,2.24E-174
5.40507,0.018503628,1.59E-174
5.405675,0.018908768,1.13E-174
5.40628,0.018863271,7.99E-175
5.406885,0.018650544,5.67E-175
5.40749,0.018525297,4.02E-175
5.408095,0.01852075,2.85E-175
5.4087,0.01853645,2.02E-175
5.409305,0.018490942,1.43E-175
5.40991,0.018317715,1.02E-175
5.410515,0.017935108,7.21E-176
5.41112,0.017364754,5.11E-176
5.411725,0.016807834,3.62E-176
5.41233,0.016499971,2.56E-176
5.412935,0.016550241,1.82E-176
5.41354,0.016923271,1.29E-176
5.414145,0.017462063,9.11E-177
5.41475,0.017924479,6.45E-177
5.415355,0.018074363,4.57E-177
5.41596,0.017781943,3.23E-177
5.416565,0.017113541,2.29E-177
5.41717,0.016367597,1.62E-177
5.417775,0.015907964,1.15E-177
5.41838,0.015834416,8.11E-178
5.418985,0.015871954,5.73E-178
5.41959,0.015686229,4.06E-178
5.420195,0.015243919,2.87E-178
5.4208,0.014787891,2.03E-178
5.421405,0.014557651,1.43E-178
5.42201,0.014606777,1.01E-178
5.422615,0.014799039,7.16E-179
5.42322,0.0148952,5.06E-179
5.423825,0.014668636,3.57E-179
5.42443,0.014036435,2.53E-179
5.425035,0.013160265,1.78E-179
5.42564,0.012361357,1.26E-179
5.426245,0.011833959,8.89E-180
5.42685,0.011460655,6.28E-180
5.427455,0.010942468,4.43E-180
5.42806,0.010091927,3.13E-180
5.428665,0.009044307,2.21E-180
5.42927,0.00822804,1.56E-180
5.429875,0.008048362,1.10E-180
5.43048,0.008502858,7.75E-181
5.431085,0.009131646,5.47E-181
5.43169,0.009406794,3.86E-181
5.432295,0.009152255,2.72E-181
5.4329,0.008593801,1.92E-181
5.433505,0.008100784,1.35E-181
5.43411,0.007876237,9.52E-182
5.434715,0.007792827,6.71E-182
5.43532,0.007528554,4.73E-182
5.435925,0.006902531,3.33E-182
5.43653,0.006061724,2.34E-182
5.437135,0.005359223,1.65E-182
5.43774,0.005079224,1.16E-182
5.438345,0.005231697,8.19E-183
5.43895,0.0055653,5.76E-183
5.439555,0.005790507,4.06E-183
5.44016,0.005793236,2.85E-183
5.440765,0.005616097,2.01E-183
5.44137,0.00528554,1.41E-183
5.441975,0.004754621,9.94E-184
5.44258,0.004015337,6.99E-184
5.443185,0.003182659,4.92E-184
5.44379,0.002420488,3.46E-184
5.444395,0.001780932,2.43E-184
5.445,0.001148455,1.71E-184
5.445605,0.000403126,1.20E-184
5.44621,-0.000393889,8.43E-185
5.446815,-0.001058955,5.93E-185
5.44742,-0.001464392,4.16E-185
5.448025,-0.001590201,2.92E-185
5.44863,-0.001517445,2.05E-185
5.449235,-0.001445694,1.44E-185
5.44984,-0.00160956,1.01E-185
5.450445,-0.002103464,7.11E-186
5.45105,-0.002810173,4.99E-186
5.451655,-0.003492388,3.50E-186
5.45226,-0.003961775,2.46E-186
5.452865,-0.004267635,1.72E-186
5.45347,-0.004738822,1.21E-186
5.454075,-0.005662752,8.48E-187
5.45468,-0.006887091,5.94E-187
5.455285,-0.007917238,4.17E-187
5.45589,-0.00839925,2.92E-187
5.456495,-0.008400471,2.05E-187
5.4571,-0.008347762,1.44E-187
5.457705,-0.008769051,1.01E-187
5.45831,-0.009903616,7.05E-188
5.458915,-0.011464691,4.94E-188
5.45952,-0.012871705,3.46E-188
5.460125,-0.013724452,2.42E-188
5.46073,-0.014054952,1.70E-188
5.461335,-0.014300608,1.19E-188
5.46194,-0.01507267,8.31E-189
5.462545,-0.016642268,5.81E-189
5.46315,-0.018534724,4.07E-189
5.463755,-0.019890525,2.85E-189
5.46436,-0.020273285,1.99E-189
5.464965,-0.019961867,1.39E-189
5.46557,-0.019576485,9.75E-190
5.466175,-0.019585033,6.81E-190
5.46678,-0.020049197,4.76E-190
5.467385,-0.020729443,3.33E-190
5.46799,-0.021399277,2.33E-190
5.468595,-0.021951069,1.63E-190
5.4692,-0.022280765,1.14E-190
5.469805,-0.022391113,7.94E-191
5.47041,-0.022600498,5.55E-191
5.471015,-0.023270685,3.88E-191
5.47162,-0.024298071,2.71E-191
5.472225,-0.025207479,1.89E-191
5.47283,-0.025716332,1.32E-191
5.473435,-0.025927076,9.21E-192
5.47404,-0.026076631,6.43E-192
5.474645,-0.026330701,4.49E-192
5.47525,-0.0267334,3.13E-192
5.475855,-0.027256117,2.18E-192
5.47646,-0.027919897,1.52E-192
5.477065,-0.028756651,1.06E-192
5.47767,-0.029595282,7.41E-193
5.478275,-0.030136145,5.17E-193
5.47888,-0.030381227,3.60E-193
5.479485,-0.030742957,2.51E-193
5.48009,-0.031555072,1.75E-193
5.480695,-0.032662276,1.22E-193
5.4813,-0.033585426,8.50E-194
5.481905,-0.03393571,5.92E-194
5.48251,-0.033695818,4.12E-194
5.483115,-0.033276868,2.87E-194
5.48372,-0.033253251,2.00E-194
5.484325,-0.033890702,1.39E-194
5.48493,-0.034912846,9.69E-195
5.485535,-0.035730735,6.74E-195
5.48614,-0.035894805,4.69E-195
5.486745,-0.035436172,3.27E-195
5.48735,-0.034908091,2.27E-195
5.487955,-0.035014361,1.58E-195
5.48856,-0.03598547,1.10E-195
5.489165,-0.037333775,7.64E-196
5.48977,-0.03835415,5.31E-196
5.490375,-0.038765599,3.69E-196
5.49098,-0.038777023,2.57E-196
5.491585,-0.038746,1.78E-196
5.49219,-0.038951492,1.24E-196
5.492795,-0.039556571,8.62E-197
5.4934,-0.040549656,5.98E-197
5.494005,-0.041644371,4.16E-197
5.49461,-0.042363714,2.89E-197
5.495215,-0.042410336,2.00E-197
5.49582,-0.042047583,1.39E-197
5.496425,-0.042018469,9.66E-198
5.49703,-0.042873774,6.71E-198
5.497635,-0.044383436,4.65E-198
5.49824,-0.045804371,3.23E-198
5.498845,-0.046633515,2.24E-198
5.49945,-0.046870388,1.55E-198
5.500055,-0.046721073,1.08E-198
5.50066,-0.046390819,7.47E-199
5.501265,-0.04614229,5.18E-199
5.50187,-0.046244197,3.59E-199
5.502475,-0.046677255,2.49E-199
5.50308,-0.046984899,1.73E-199
5.503685,-0.046618118,1.20E-199
5.50429,-0.045577749,8.29E-200
5.504895,-0.044664753,5.74E-200
5.5055,-0.044798546,3.98E-200
5.506105,-0.045990819,2.75E-200
5.50671,-0.0472966,1.91E-200
5.507315,-0.047831423,1.32E-200
5.50792,-0.047505077,9.14E-201
5.508525,-0.046786569,6.32E-201
5.50913,-0.046164405,4.38E-201
5.509735,-0.045935285,3.03E-201
5.51034,-0.046196235,2.10E-201
5.510945,-0.046753542,1.45E-201
5.51155,-0.047085017,1.00E-201
5.512155,-0.046666861,6.93E-202
5.51276,-0.045531166,4.79E-202
5.513365,-0.044446629,3.31E-202
5.51397,-0.044317857,2.29E-202
5.514575,-0.045298603,1.58E-202
5.51518,-0.046653726,1.09E-202
5.515785,-0.047500786,7.56E-203
5.51639,-0.047455184,5.22E-203
5.516995,-0.046657398,3.61E-203
5.5176,-0.04556198,2.49E-203
5.518205,-0.044747015,1.72E-203
5.51881,-0.044632198,1.19E-203
5.519415,-0.045127999,8.20E-204
5.52002,-0.045537105,5.66E-204
5.520625,-0.045004775,3.90E-204
5.52123,-0.043316794,2.69E-204
5.521835,-0.041329917,1.86E-204
5.52244,-0.040392115,1.28E-204
5.523045,-0.041057692,8.84E-205
5.52365,-0.042487748,6.10E-205
5.524255,-0.043338735,4.20E-205
5.52486,-0.043045756,2.90E-205
5.525465,-0.042068238,2.00E-205
5.52607,-0.041186671,1.38E-205
5.526675,-0.040851871,9.49E-206
5.52728,-0.041067327,6.54E-206
5.527885,-0.041519898,4.50E-206
5.52849,-0.041681959,3.10E-206
5.529095,-0.041064504,2.14E-206
5.5297,-0.039675153,1.47E-206
5.530305,-0.038214778,1.01E-206
5.53091,-0.03760582,6.97E-207
5.531515,-0.03814553,4.80E-207
5.53212,-0.039177847,3.30E-207
5.532725,-0.039732035,2.27E-207
5.53333,-0.03936997,1.56E-207
5.533935,-0.038329622,1.08E-207
5.53454,-0.037105656,7.39E-208
5.535145,-0.036102257,5.09E-208
5.53575,-0.03555575,3.50E-208
5.536355,-0.035493683,2.40E-208
5.53696,-0.035584844,1.65E-208
5.537565,-0.035160285,1.14E-208
5.53817,-0.033703978,7.80E-209
5.538775,-0.031517689,5.36E-209
5.53938,-0.029801862,3.68E-209
5.539985,-0.02974286,2.53E-209
5.54059,-0.031340265,1.74E-209
5.541195,-0.033285674,1.19E-209
5.5418,-0.034058438,8.19E-210
5.542405,-0.0330696,5.62E-210
5.54301,-0.030892798,3.86E-210
5.543615,-0.028648317,2.65E-210
5.54422,-0.027247372,1.82E-210
5.544825,-0.027006043,1.25E-210
5.54543,-0.027535777,8.55E-211
5.546035,-0.027857568,5.87E-211
5.54664,-0.026997812,4.02E-211
5.547245,-0.024861065,2.76E-211
5.54785,-0.022539595,1.89E-211
5.548455,-0.021484566,1.30E-211
5.54906,-0.02213834,8.88E-212
5.549665,-0.023471664,6.09E-212
5.55027,-0.023976787,4.17E-212
5.550875,-0.02301544,2.86E-212
5.55148,-0.021195738,1.96E-212
5.552085,-0.019620855,1.34E-212
5.55269,-0.018917343,9.18E-213
5.553295,-0.018925313,6.28E-213
5.5539,-0.019021489,4.30E-213
5.554505,-0.0185681,2.94E-213
5.55511,-0.017281128,2.01E-213
5.555715,-0.015447577,1.38E-213
5.55632,-0.013803676,9.43E-214
5.556925,-0.013017844,6.45E-214
5.55753,-0.013141045,4.41E-214
5.558135,-0.013608984,3.02E-214
5.55874,-0.013787479,2.06E-214
5.559345,-0.01338926,1.41E-214
5.55995,-0.012482061,9.64E-215
5.560555,-0.011369895,6.59E-215
5.56116,-0.010461862,4.50E-215
5.561765,-0.010057773,3.08E-215
5.56237,-0.010110631,2.10E-215
5.562975,-0.010161772,1.44E-215
5.56358,-0.009636025,9.80E-216
5.564185,-0.008382503,6.69E-216
5.56479,-0.006963713,4.57E-216
5.565395,-0.006233261,3.12E-216
5.566,-0.006456084,2.13E-216
5.566605,-0.00698783,1.45E-216
5.56721,-0.006973879,9.92E-217
5.567815,-0.00615686,6.77E-217
5.56842,-0.00488802,4.62E-217
5.569025,-0.003616037,3.15E-217
5.56963,-0.002555214,2.15E-217
5.570235,-0.001745165,1.46E-217
5.57084,-0.001202301,9.98E-218
5.571445,-0.000856117,6.80E-218
5.57205,-0.000415054,4.64E-218
5.572655,0.000480233,3.16E-218
5.57326,0.001831512,2.15E-218
5.573865,0.003095242,1.47E-218
5.57447,0.003646547,9.99E-219
5.575075,0.003467482,6.80E-219
5.57568,0.003217626,4.63E-219
5.576285,0.003613185,3.15E-219
5.57689,0.004788861,2.15E-219
5.577495,0.006205255,1.46E-219
5.5781,0.007166163,9.94E-220
5.578705,0.007460591,6.77E-220
5.57931,0.007487149,4.60E-220
5.579915,0.007774163,3.13E-220
5.58052,0.008414023,2.13E-220
5.581125,0.00895588,1.45E-220
5.58173,0.008849331,9.85E-221
5.582335,0.008040735,6.69E-221
5.58294,0.007173978,4.55E-221
5.583545,0.007101971,3.09E-221
5.58415,0.008085388,2.10E-221
5.584755,0.009594772,1.43E-221
5.58536,0.010960046,9.70E-222
5.585965,0.011961426,6.59E-222
5.58657,0.012704988,4.48E-222
5.587175,0.013234547,3.04E-222
5.58778,0.01349958,2.06E-222
5.588385,0.013608683,1.40E-222
5.58899,0.013888486,9.51E-223
5.589595,0.01456475,6.45E-223
5.5902,0.015430763,4.38E-223
5.590805,0.015966831,2.97E-223
5.59141,0.015884987,2.01E-223
5.592015,0.015491522,1.37E-223
5.59262,0.015360531,9.27E-224
5.593225,0.015715177,6.28E-224
5.59383,0.016320227,4.26E-224
5.594435,0.01688905,2.89E-224
5.59504,0.01735363,1.96E-224
5.595645,0.017735531,1.33E-224
5.59625,0.017936193,8.98E-225
5.596855,0.017788535,6.09E-225
5.59746,0.017309857,4.12E-225
5.598065,0.016786829,2.79E-225
5.59867,0.016511377,1.89E-225
5.599275,0.016446783,1.28E-225
5.59988,0.016258322,8.67E-226
5.600485,0.015729646,5.87E-226
5.60109,0.015055598,3.97E-226
5.601695,0.014653389,2.69E-226
5.6023,0.014773899,1.82E-226
5.602905,0.015335554,1.23E-226
5.60351,0.016027594,8.31E-227
5.604115,0.016523486,5.62E-227
5.60472,0.016678129,3.80E-227
5.605325,0.016601903,2.57E-227
5.60593,0.016528519,1.74E-227
5.606535,0.016565571,1.17E-227
5.60714,0.016604966,7.93E-228
5.607745,0.016501514,5.36E-228
5.60835,0.016270596,3.62E-228
5.608955,0.016071017,2.45E-228
5.60956,0.016037014,1.65E-228
5.610165,0.016174124,1.12E-228
5.61077,0.016441476,7.53E-229
5.611375,0.016873113,5.08E-229
5.61198,0.017481366,3.43E-229
5.612585,0.018046468,2.32E-229
5.61319,0.018195517,1.56E-229
5.613795,0.01779658,1.05E-229
5.6144,0.017170191,7.11E-230
5.615005,0.016800212,4.80E-230
5.61561,0.016854705,3.24E-230
5.616215,0.017022695,2.18E-230
5.61682,0.016823239,1.47E-230
5.617425,0.016130943,9.91E-231
5.61803,0.015390424,6.68E-231
5.618635,0.015182614,4.50E-231
5.61924,0.0156022,3.03E-231
5.619845,0.016232645,2.04E-231
5.62045,0.016688987,1.38E-231
5.621055,0.016974161,9.27E-232
5.62166,0.017243525,6.24E-232
5.622265,0.017342325,4.20E-232
5.62287,0.01679086,2.83E-232
5.623475,0.015406779,1.90E-232
5.62408,0.013829687,1.28E-232
5.624685,0.013063722,8.62E-233
5.62529,0.013391326,5.80E-233
5.625895,0.014052433,3.90E-233
5.6265,0.01412632,2.63E-233
5.627105,0.013424099,1.77E-233
5.62771,0.012433124,1.19E-233
5.628315,0.011735451,7.98E-234
5.62892,0.011597743,5.36E-234
5.629525,0.011866054,3.61E-234
5.63013,0.012123732,2.42E-234
5.630735,0.012026668,1.63E-234
5.63134,0.011526075,1.09E-234
5.631945,0.010796808,7.35E-235
5.63255,0.010030621,4.93E-235
5.633155,0.009304534,3.31E-235
5.63376,0.008579027,2.22E-235
5.634365,0.007808929,1.49E-235
5.63497,0.007049698,1.00E-235
5.635575,0.006399308,6.73E-236
5.63618,0.005879836,4.51E-236
5.636785,0.00549098,3.03E-236
5.63739,0.005317185,2.03E-236
5.637995,0.005431711,1.36E-236
5.6386,0.00571158,9.14E-237
5.639205,0.005831662,6.13E-237
5.63981,0.005484381,4.11E-237
5.640415,0.004683566,2.75E-237
5.64102,0.003838566,1.85E-237
5.641625,0.003358123,1.24E-237
5.64223,0.003155863,8.28E-238
5.642835,0.002729009,5.55E-238
5.64344,0.001773781,3.72E-238
5.644045,0.000578448,2.49E-238
5.64465,-0.000254897,1.67E-238
5.645255,-0.000407563,1.12E-238
5.64586,-0.000146665,7.47E-239
5.646465,-7.46E-05,5.00E-239
5.64707,-0.000563762,3.35E-239
5.647675,-0.001445869,2.24E-239
5.64828,-0.00229577,1.50E-239
5.648885,-0.002907666,1.00E-239
5.64949,-0.003394396,6.70E-240
5.650095,-0.003974062,4.48E-240
5.6507,-0.004776642,3.00E-240
5.651305,-0.005754324,2.00E-240
5.65191,-0.006725339,1.34E-240
5.652515,-0.007540806,8.95E-241
5.65312,-0.00818193,5.98E-241
5.653725,-0.008679455,4.00E-241
5.65433,-0.009011187,2.67E-241
5.654935,-0.009154278,1.78E-241
5.65554,-0.009218303,1.19E-241
5.656145,-0.009437004,7.96E-242
5.65675,-0.009982028,5.31E-242
5.657355,-0.010775166,3.55E-242
5.65796,-0.011494264,2.37E-242
5.658565,-0.011862765,1.58E-242
5.65917,-0.011993605,1.05E-242
5.659775,-0.012334823,7.03E-243
5.66038,-0.013178181,4.69E-243
5.660985,-0.01427965,3.13E-243
5.66159,-0.015061635,2.09E-243
5.662195,-0.015212967,1.39E-243
5.6628,-0.015044297,9.28E-244
5.663405,-0.015221117,6.18E-244
5.66401,-0.016157341,4.12E-244
5.664615,-0.017657839,2.75E-244
5.66522,-0.019111222,1.83E-244
5.665825,-0.020005011,1.22E-244
5.66643,-0.020276957,8.12E-245
5.667035,-0.020243387,5.41E-245
5.66764,-0.020276786,3.60E-245
5.668245,-0.020598828,2.40E-245
5.66885,-0.021294145,1.60E-245
5.669455,-0.022327967,1.06E-245
5.67006,-0.023495461,7.07E-246
5.670665,-0.024468352,4.70E-246
5.67127,-0.024986386,3.13E-246
5.671875,-0.025071617,2.08E-246
5.67248,-0.025053595,1.39E-246
5.673085,-0.025286003,9.21E-247
5.67369,-0.025854793,6.12E-247
5.674295,-0.026618667,4.07E-247
5.6749,-0.027395597,2.71E-247
5.675505,-0.0280149,1.80E-247
5.67611,-0.028351258,1.20E-247
5.676715,-0.028480588,7.94E-248
5.67732,-0.028731634,5.28E-248
5.677925,-0.029396292,3.50E-248
5.67853,-0.030396043,2.33E-248
5.679135,-0.03134614,1.55E-248
5.67974,-0.031878115,1.03E-248
5.680345,-0.031877043,6.81E-249
5.68095,-0.031593157,4.52E-249
5.681555,-0.031553235,3.00E-249
5.68216,-0.032182805,1.99E-249
5.682765,-0.033424869,1.32E-249
5.68337,-0.034730084,8.76E-250
5.683975,-0.03545114,5.81E-250
5.68458,-0.035383369,3.86E-250
5.685185,-0.035041976,2.56E-250
5.68579,-0.03528263,1.69E-250
5.686395,-0.03643157,1.12E-250
5.687,-0.037888421,7.45E-251
5.687605,-0.038811932,4.93E-251
5.68821,-0.039021091,3.27E-251
5.688815,-0.038953709,2.17E-251
5.68942,-0.038973549,1.43E-251
5.690025,-0.039083911,9.50E-252
5.69063,-0.039232608,6.29E-252
5.691235,-0.039549512,4.17E-252
5.69184,-0.040112786,2.76E-252
5.692445,-0.040604525,1.83E-252
5.69305,-0.040476297,1.21E-252
5.693655,-0.039636012,7.99E-253
5.69426,-0.038842826,5.29E-253
5.694865,-0.039076227,3.50E-253
5.69547,-0.04043954,2.31E-253
5.696075,-0.042005376,1.53E-253
5.69668,-0.042814747,1.01E-253
5.697285,-0.042740827,6.69E-254
5.69789,-0.042383863,4.42E-254
5.698495,-0.0424056,2.92E-254
5.6991,-0.043006084,1.93E-254
5.699705,-0.04389415,1.28E-254
5.70031,-0.044650681,8.43E-255
5.700915,-0.045054877,5.57E-255
5.70152,-0.045099218,3.68E-255
5.702125,-0.044899892,2.43E-255
5.70273,-0.044755823,1.60E-255
5.703335,-0.045091713,1.06E-255
5.70394,-0.046055083,6.99E-256
5.704545,-0.047291464,4.61E-256
5.70515,-0.048280563,3.04E-256
5.705755,-0.048712569,2.01E-256
5.70636,-0.048529355,1.32E-256
5.706965,-0.047921502,8.74E-257
5.70757,-0.047351251,5.76E-257
5.708175,-0.047303116,3.80E-257
5.70878,-0.047816047,2.50E-257
5.709385,-0.0483117,1.65E-257
5.70999,-0.048043704,1.09E-257
5.710595,-0.046847625,7.17E-258
5.7112,-0.045495011,4.72E-258
5.711805,-0.045121094,3.11E-258
5.71241,-0.0460533,2.05E-258
5.713015,-0.047384374,1.35E-258
5.71362,-0.047949906,8.89E-259
5.714225,-0.047463002,5.85E-259
5.71483,-0.046513066,3.85E-259
5.715435,-0.045790842,2.54E-259
5.71604,-0.045547881,1.67E-259
5.716645,-0.045640036,1.10E-259
5.71725,-0.045807106,7.23E-260
5.717855,-0.045781081,4.75E-260
5.71846,-0.045277847,3.13E-260
5.719065,-0.044181274,2.06E-260
5.71967,-0.042881858,1.35E-260
5.720275,-0.042194521,8.89E-261
5.72088,-0.042590045,5.84E-261
5.721485,-0.043633929,3.84E-261
5.72209,-0.044443408,2.52E-261
5.722695,-0.044474341,1.66E-261
5.7233,-0.04373065,1.09E-261
5.723905,-0.042593693,7.16E-262
5.72451,-0.04166025,4.70E-262
5.725115,-0.041443753,3.09E-262
5.72572,-0.041908476,2.03E-262
5.726325,-0.042311365,1.33E-262
5.72693,-0.041713189,8.73E-263
5.727535,-0.039836925,5.73E-263
5.72814,-0.03754363,3.76E-263
5.728745,-0.036317858,2.47E-263
5.72935,-0.036921359,1.62E-263
5.729955,-0.038578226,1.06E-263
5.73056,-0.039786667,6.96E-264
5.731165,-0.039761914,4.57E-264
5.73177,-0.038820303,2.99E-264
5.732375,-0.03769722,1.96E-264
5.73298,-0.036904276,1.29E-264
5.733585,-0.036609197,8.43E-265
5.73419,-0.036731353,5.52E-265
5.734795,-0.036956038,3.62E-265
5.7354,-0.036785218,2.37E-265
5.736005,-0.035833955,1.55E-265
5.73661,-0.034279829,1.02E-265
5.737215,-0.032986148,6.65E-266
5.73782,-0.032815143,4.36E-266
5.738425,-0.033651557,2.85E-266
5.73903,-0.034428275,1.87E-266
5.739635,-0.034212191,1.22E-266
5.74024,-0.032982273,7.99E-267
5.740845,-0.031391448,5.23E-267
5.74145,-0.030105354,3.42E-267
5.742055,-0.029418449,2.24E-267
5.74266,-0.029221202,1.46E-267
5.743265,-0.029102958,9.56E-268
5.74387,-0.028554682,6.25E-268
5.744475,-0.027270003,4.08E-268
5.74508,-0.02542371,2.67E-268
5.745685,-0.023761928,1.74E-268
5.74629,-0.023180858,1.14E-268
5.746895,-0.023858536,7.44E-269
5.7475,-0.024921345,4.86E-269
5.748105,-0.025232643,3.17E-269
5.74871,-0.024397147,2.07E-269
5.749315,-0.022879147,1.35E-269
5.74992,-0.021368425,8.83E-270
5.750525,-0.020286105,5.76E-270
5.75113,-0.019770818,3.76E-270
5.751735,-0.01971047,2.45E-270
5.75234,-0.019662752,1.60E-270
5.752945,-0.019069654,1.04E-270
5.75355,-0.017787372,6.81E-271
5.754155,-0.016367125,4.44E-271
5.75476,-0.015665025,2.89E-271
5.755365,-0.016021668,1.89E-271
5.75597,-0.016841583,1.23E-271
5.756575,-0.017087488,8.01E-272
5.75718,-0.016179958,5.22E-272
5.757785,-0.014422711,3.40E-272
5.75839,-0.012639508,2.22E-272
5.758995,-0.011461739,1.44E-272
5.7596,-0.010961375,9.40E-273
5.760205,-0.010782693,6.12E-273
5.76081,-0.010425591,3.98E-273
5.761415,-0.009528976,2.59E-273
5.76202,-0.008137965,1.69E-273
5.762625,-0.006735153,1.10E-273
5.76323,-0.005876108,7.14E-274
5.763835,-0.005683433,4.65E-274
5.76444,-0.005736461,3.02E-274
5.765045,-0.005506379,1.97E-274
5.76565,-0.004817924,1.28E-274
5.766255,-0.003876826,8.31E-275
5.76686,-0.002970137,5.40E-275
5.767465,-0.00222305,3.51E-275
5.76807,-0.001659491,2.28E-275
5.768675,-0.00135514,1.48E-275
5.76928,-0.001310772,9.63E-276
5.769885,-0.001258116,6.26E-276
5.77049,-0.000860655,4.06E-276
5.771095,-0.000123184,2.64E-276
5.7717,0.000556256,1.71E-276
5.772305,0.000788944,1.11E-276
5.77291,0.000592181,7.22E-277
5.773515,0.000379383,4.68E-277
5.77412,0.000622946,3.04E-277
5.774725,0.001496582,1.97E-277
5.77533,0.002740585,1.28E-277
5.775935,0.003870265,8.30E-278
5.77654,0.0045363,5.38E-278
5.777145,0.00471196,3.49E-278
5.77775,0.004679085,2.26E-278
5.778355,0.004877246,1.47E-278
5.77896,0.005574601,9.51E-279
5.779565,0.006567726,6.16E-279
5.78017,0.007315605,3.99E-279
5.780775,0.00748954,2.59E-279
5.78138,0.007330605,1.68E-279
5.781985,0.007366847,1.09E-279
5.78259,0.007871349,7.03E-280
5.783195,0.008704786,4.55E-280
5.7838,0.009570864,2.95E-280
5.784405,0.010280786,1.91E-280
5.78501,0.010785326,1.23E-280
5.785615,0.011062039,7.98E-281
5.78622,0.011111567,5.17E-281
5.786825,0.011084536,3.34E-281
5.78743,0.011231152,2.16E-281
5.788035,0.011590815,1.40E-281
5.78864,0.011849932,9.04E-282
5.789245,0.011703086,5.84E-282
5.78985,0.011325081,3.78E-282
5.790455,0.011277758,2.44E-282
5.79106,0.011918364,1.58E-282
5.791665,0.013032484,1.02E-282
5.79227,0.014040605,6.59E-283
5.792875,0.014509749,4.25E-283
5.79348,0.014525658,2.75E-283
5.794085,0.014566939,1.77E-283
5.79469,0.014970798,1.15E-283
5.795295,0.015611539,7.40E-284
5.7959,0.016157916,4.77E-284
5.796505,0.016484739,3.08E-284
5.79711,0.016689179,1.99E-284
5.797715,0.016837739,1.28E-284
5.79832,0.016907571,8.28E-285
5.798925,0.01693673,5.34E-285
5.79953,0.017077934,3.44E-285
5.800135,0.017489867,2.22E-285
5.80074,0.0181897,1.43E-285
5.801345,0.018971482,9.22E-286
5.80195,0.019494894,5.95E-286
5.802555,0.019531053,3.83E-286
5.80316,0.019156779,2.47E-286
5.803765,0.0186999,1.59E-286
5.80437,0.018467882,1.02E-286
5.804975,0.018497887,6.60E-287
5.80558,0.018525973,4.25E-287
5.806185,0.018207251,2.74E-287
5.80679,0.017475774,1.76E-287
5.807395,0.016711028,1.13E-287
5.808,0.016430236,7.30E-288
5.808605,0.01680852,4.70E-288
5.80921,0.017580915,3.02E-288
5.809815,0.018343705,1.94E-288
5.81042,0.018842444,1.25E-288
5.811025,0.019034186,8.04E-289
5.81163,0.019016835,5.17E-289
5.812235,0.01892296,3.32E-289
5.81284,0.018812337,2.14E-289
5.813445,0.018649229,1.37E-289
5.81405,0.018379862,8.83E-290
5.814655,0.017998508,5.67E-290
5.81526,0.017577022,3.64E-290
5.815865,0.017257809,2.34E-290
5.81647,0.017134832,1.50E-290
5.817075,0.01715033,9.65E-291
5.81768,0.017218175,6.20E-291
5.818285,0.017373304,3.98E-291
5.81889,0.017628638,2.55E-291
5.819495,0.017763244,1.64E-291
5.8201,0.017478809,1.05E-291
5.820705,0.016774782,6.75E-292
5.82131,0.01599305,4.33E-292
5.821915,0.015434607,2.78E-292
5.82252,0.015011962,1.78E-292
5.823125,0.014341971,1.14E-292
5.82373,0.013215107,7.32E-293
5.824335,0.011933099,4.69E-293
5.82494,0.011054066,3.01E-293
5.825545,0.01081741,1.93E-293
5.82615,0.01098171,1.24E-293
5.826755,0.011202791,7.91E-294
5.82736,0.011373733,5.07E-294
5.827965,0.011541997,3.25E-294
5.82857,0.011614821,2.08E-294
5.829175,0.011298873,1.33E-294
5.82978,0.010437077,8.52E-295
5.830385,0.00936061,5.45E-295
5.83099,0.008692191,3.49E-295
5.831595,0.008668131,2.23E-295
5.8322,0.008820013,1.43E-295
5.832805,0.008518647,9.14E-296
5.83341,0.007719937,5.85E-296
5.834015,0.007001547,3.74E-296
5.83462,0.006920593,2.39E-296
5.835225,0.007431137,1.53E-296
5.83583,0.007930826,9.77E-297
5.836435,0.007859815,6.25E-297
5.83704,0.007208513,3.99E-297
5.837645,0.006414209,2.55E-297
5.83825,0.005848056,1.63E-297
5.838855,0.005484538,1.04E-297
5.83946,0.005015795,6.65E-298
5.840065,0.004193797,4.25E-298
5.84067,0.003080686,2.71E-298
5.841275,0.002032074,1.73E-298
5.84188,0.001399859,1.10E-298
5.842485,0.001207776,7.05E-299
5.84309,0.001179355,4.50E-299
5.843695,0.001090122,2.87E-299
5.8443,0.000978438,1.83E-299
5.844905,0.000962814,1.17E-299
5.84551,0.000947627,7.45E-300
5.846115,0.000649445,4.75E-300
5.84672,-3.57E-05,3.03E-300
5.847325,-0.000812002,1.93E-300
5.84793,-0.001296771,1.23E-300
5.848535,-0.001539514,7.84E-301
5.84914,-0.002033763,5.00E-301
5.849745,-0.003103394,3.18E-301
5.85035,-0.004434298,2.03E-301
5.850955,-0.005394939,1.29E-301
5.85156,-0.005727001,8.23E-302
5.852165,-0.005748025,5.24E-302
5.85277,-0.005936515,3.33E-302
5.853375,-0.006475403,2.12E-302
5.85398,-0.007205294,1.35E-302
5.854585,-0.007916246,8.60E-303
5.85519,-0.008593396,5.47E-303
5.855795,-0.009355997,3.48E-303
5.8564,-0.010232925,2.21E-303
5.857005,-0.011117229,1.41E-303
5.85761,-0.011952151,8.95E-304
5.858215,-0.012823089,5.69E-304
5.85882,-0.013776996,3.62E-304
5.859425,-0.014641756,2.30E-304
5.86003,-0.015123053,1.46E-304
5.860635,-0.015086855,9.28E-305
5.86124,-0.014761247,5.90E-305
5.861845,-0.014635636,3.75E-305
5.86245,-0.015054883,2.38E-305
5.863055,-0.015894774,1.51E-305
5.86366,-0.016713262,9.60E-306
5.864265,-0.017207999,6.09E-306
5.86487,-0.017460309,3.87E-306
5.865475,-0.017773163,2.45E-306
5.86608,-0.018363189,1.56E-306
5.866685,-0.019191828,9.88E-307
5.86729,-0.020022625,6.27E-307
5.867895,-0.020654596,3.98E-307
5.8685,-0.021093673,2.52E-307
5.869105,-0.021435555,1.60E-307
5.86971,-0.021690268,1.01E-307
5.870315,-0.021901306,6.43E-308
5.87092,-0.022341897,4.07E-308
5.871525,-0.023341811,2.58E-308
5.87213,-0.024841312,0
5.872735,-0.026235527,0
5.87334,-0.026841667,0
5.873945,-0.026617455,0
5.87455,-0.026338169,0
5.875155,-0.02689161,0
5.87576,-0.028340574,0
5.876365,-0.029824915,6.680258E-310
5.87697,-0.030486958,4.227917E-310
5.877575,-0.030332237,2.675444E-310
5.87818,-0.030054294,1.692784E-310
5.878785,-0.03020372,1.070886E-310
5.87939,-0.030756744,6.773625E-311
5.879995,-0.031435073,4.283861E-311
5.8806,-0.03215739,2.708855E-311
5.881205,-0.03297229,1.712664E-311
5.88181,-0.033686702,1.082667E-311
5.882415,-0.033907598,6.843116E-312
5.88302,-0.033599663,4.324631E-312
5.883625,-0.033384036,2.732627E-312
5.88423,-0.033984315,1.726426E-312
5.884835,-0.035412967,1.090565E-312
5.88544,-0.036955566,6.887973E-313
5.886045,-0.037906423,4.349782E-313
5.88665,-0.038101816,2.746501E-313
5.887255,-0.037859942,1.733917E-313
5.88786,-0.037682029,1.094493E-313
5.888465,-0.037995959,6.907705E-314
5.88907,-0.038938081,4.359040E-314
5.889675,-0.040187973,2.750325E-314
5.89028,-0.041066221,1.735056E-314
5.890885,-0.04104793,1.094408E-314
5.89149,-0.040348576,6.902095E-315
5.892095,-0.039893696,4.352301E-315
5.8927,-0.04047101,2.744057E-315
5.893305,-0.041884463,1.729830E-315
5.89391,-0.043145953,1.090310E-315
5.894515,-0.043516878,6.871204E-316
5.89512,-0.043156346,4.329640E-316
5.895725,-0.042742477,2.727765E-316
5.89633,-0.0426782,1.718297E-316
5.896935,-0.042832762,1.082246E-316
5.89754,-0.043009773,6.815372E-317
5.898145,-0.043331193,4.291306E-317
5.89875,-0.043869954,2.701628E-317
5.899355,-0.04415319,1.700583E-317
5.89996,-0.043581022,1.070302E-317
5.900565,-0.042425262,6.735207E-318
5.90117,-0.041872868,4.237715E-318
5.901775,-0.042727195,2.665934E-318
5.90238,-0.044420915,1.676884E-318
5.902985,-0.045629268,1.054608E-318
5.90359,-0.045616887,6.631596E-319
5.904195,-0.044811866,4.169469E-319
5.9048,-0.04423041,2.621068E-319
5.905405,-0.044476447,1.647462E-319
5.90601,-0.045314011,1.035315E-319
5.906615,-0.04607879,6.505856E-320
5.90722,-0.046282142,4.087405E-320
5.907825,-0.045858057,2.567659E-320
5.90843,-0.045131039,1.612630E-320
5.909035,-0.044678972,1.012835E-320
5.90964,-0.044988534,6.358625E-321
5.910245,-0.045995588,3.992050E-321
5.91085,-0.047113807,2.504913E-321
5.911455,-0.047875728,1.571129E-321
5.91206,-0.048284786,9.881313E-322
5.912665,-0.04843901,6.175821E-322
5.91327,-0.048225147,3.903119E-322
5.913875,-0.047633171,2.420922E-322
5.91448,-0.047085356,1.531604E-322
5.915085,-0.047063467,9.387247E-323
5.91569,-0.047370727,5.928788E-323
5.916295,-0.047088506,3.952525E-323
5.9169,-0.04557128,2.470328E-323
5.917505,-0.043440491,1.482197E-323
5.91811,-0.042240935,9.881313E-324
5.918715,-0.042877557,4.940656E-324
5.91932,-0.044636286,4.940656E-324
5.919925,-0.04599892,0
5.92053,-0.04612125,0
5.921135,-0.045276233,0
5.92174,-0.044237833,0
5.922345,-0.043596237,0
5.92295,-0.043513024,0
5.923555,-0.043793323,0
5.92416,-0.04401973,0
5.924765,-0.043686891,0
5.92537,-0.042470532,0
5.925975,-0.040656435,0
5.92658,-0.039251918,0
5.927185,-0.039212938,0
5.92779,-0.040407329,0
5.928395,-0.04169435,0
5.929,-0.042044623,0
5.929605,-0.041274875,0
5.93021,-0.039863269,0
5.930815,-0.038474654,0
5.93142,-0.037644421,0
5.932025,-0.037537958,0
5.93263,-0.037746224,0
5.933235,-0.037428179,0
5.93384,-0.035975385,0
5.934445,-0.033711907,0
5.93505,-0.03183739,0
5.935655,-0.031399567,0
5.93626,-0.032245334,0
5.936865,-0.033216737,0
5.93747,-0.033340675,0
5.938075,-0.03252887,0
5.93868,-0.031276294,0
5.939285,-0.030106324,0
5.93989,-0.029331903,0
5.940495,-0.029054969,0
5.9411,-0.029137234,0
5.941705,-0.029133882,0
5.94231,-0.028478271,0
5.942915,-0.027007678,0
5.94352,-0.025353471,0
5.944125,-0.024532139,0
5.94473,-0.024912481,0
5.945335,-0.025780684,0
5.94594,-0.026092155,0
5.946545,-0.025414914,0
5.94715,-0.024080815,0
5.947755,-0.022729228,0
5.94836,-0.021826399,0
5.948965,-0.021455852,0
5.94957,-0.021378477,0
5.950175,-0.021194334,0
5.95078,-0.020507253,0
5.951385,-0.019159369,0
5.95199,-0.017522186,0
5.952595,-0.016441067,0
5.9532,-0.016528482,0
5.953805,-0.01747464,0
5.95441,-0.018269151,0
5.955015,-0.018051251,0
5.95562,-0.01670321,0
5.956225,-0.014870828,0
5.95683,-0.013527522,0
5.957435,-0.013313354,0
5.95804,-0.014043348,0
5.958645,-0.014786058,0
5.95925,-0.014570425,0
5.959855,-0.013197167,0
5.96046,-0.011427784,0
5.961065,-0.010333753,0
5.96167,-0.010322372,0
5.962275,-0.010783714,0
5.96288,-0.010787737,0
5.963485,-0.009992639,0
5.96409,-0.008728919,0
5.964695,-0.007441973,0
5.9653,-0.006332106,0
5.965905,-0.005451588,0
5.96651,-0.004858748,0
5.967115,-0.004503101,0
5.96772,-0.004073042,0
5.968325,-0.003189999,0
5.96893,-0.001843237,0
5.969535,-0.000539496,0
5.97014,0.000148867,0
5.970745,0.000196766,0
5.97135,0.000130138,0
5.971955,0.000464876,0
5.97256,0.001333375,0
5.973165,0.002559108,0
5.97377,0.003836653,0
5.974375,0.00483173,0
5.97498,0.005307457,0
5.975585,0.005298869,0
5.97619,0.005133712,0
5.976795,0.005183779,0
5.9774,0.005557784,0
5.978005,0.006015767,0
5.97861,0.006196384,0
5.979215,0.005990649,0
5.97982,0.00567177,0
5.980425,0.005631334,0
5.98103,0.006063525,0
5.981635,0.006894066,0
5.98224,0.007888217,0
5.982845,0.008776727,0
5.98345,0.009349775,0
5.984055,0.009568324,0
5.98466,0.00964179,0
5.985265,0.009893053,0
5.98587,0.010454375,0
5.986475,0.011111295,0
5.98708,0.011511167,0
5.987685,0.011573049,0
5.98829,0.011631602,0
5.988895,0.01210003,0
5.9895,0.01303766,0
5.990105,0.014094038,0
5.99071,0.014849493,0
5.991315,0.015193713,0
5.99192,0.015365176,0
5.992525,0.015643775,0
5.99313,0.016047365,0
5.993735,0.016296096,0
5.99434,0.016036433,0
5.994945,0.015174386,0
5.99555,0.014079184,0
5.996155,0.013409451,0
5.99676,0.013596202,0
5.997365,0.014489774,0
5.99797,0.015607445,0
5.998575,0.016622497,0
5.99918,0.017452829,0
5.999785,0.018027712,0
6.00039,0.018236974,0
6.000995,0.018127854,0
6.0016,0.017988265,0
6.002205,0.018099092,0
6.00281,0.018401755,0
6.003415,0.018517423,0
6.00402,0.018169585,0
6.004625,0.017553049,0
6.00523,0.017177477,0
6.005835,0.017317982,0
6.00644,0.017768953,0
6.007045,0.018202821,0
6.00765,0.018564895,0
6.008255,0.018967412,0
6.00886,0.019331847,0
6.009465,0.019342085,0
6.01007,0.018816679,0
6.010675,0.018030484,0
6.01128,0.017509266,0
6.011885,0.017449013,0
6.01249,0.017451514,0
6.013095,0.016992601,0
6.0137,0.016111016,0
6.014305,0.015417075,0
6.01491,0.015400074,0
6.015515,0.015929331,0
6.01612,0.016471205,0
6.016725,0.016644011,0
6.01733,0.01650828,0
6.017935,0.016373727,0
6.01854,0.016386122,0
6.019145,0.016375135,0
6.01975,0.016128109,0
6.020355,0.015689945,0
6.02096,0.015264561,0
6.021565,0.014913178,0
6.02217,0.01452134,0
6.022775,0.014026897,0
6.02338,0.013561438,0
6.023985,0.01335953,0
6.02459,0.01351387,0
6.025195,0.013797762,0
6.0258,0.013810285,0
6.026405,0.013344479,0
6.02701,0.012562681,0
6.027615,0.011810035,0
6.02822,0.011294822,0
6.028825,0.010917743,0
6.02943,0.010375482,0
6.030035,0.009489328,0
6.03064,0.008465115,0
6.031245,0.007723394,0
6.03185,0.007444437,0
6.032455,0.007437891,0
6.03306,0.007480086,0
6.033665,0.007571423,0
6.03427,0.00776742,0
6.034875,0.007886,0
6.03548,0.007550414,0
6.036085,0.00661042,0
6.03669,0.005466039,0
6.037295,0.004781197,0
6.0379,0.004764827,0
6.038505,0.004900589,0
6.03911,0.004566762,0
6.039715,0.003754935,0
6.04032,0.002970255,0
6.040925,0.00260528,0
6.04153,0.002622744,0
6.042135,0.002711503,0
6.04274,0.002581358,0
6.043345,0.00214778,0
6.04395,0.001504369,0
6.044555,0.000747316,0
6.04516,-0.000122076,0
6.045765,-0.001100765,0
6.04637,-0.002089044,0
6.046975,-0.003001645,0
6.04758,-0.003881718,0
6.048185,-0.004770312,0
6.04879,-0.005557692,0
6.049395,-0.006069811,0
6.05,-0.006243645,0
6.050605,-0.006211063,0
6.05121,-0.006256093,0
6.051815,-0.006647624,0
6.05242,-0.007443817,0
6.053025,-0.008418186,0
6.05363,-0.009208828,0
6.054235,-0.009632213,0
6.05484,-0.009874917,0
6.055445,-0.010341737,0
6.05605,-0.011263566,0
6.056655,-0.012419235,0
6.05726,-0.0133247,0
6.057865,-0.013735719,0
6.05847,-0.013836968,0
6.059075,-0.013929711,0
6.05968,-0.014105659,0
6.060285,-0.014303683,0
6.06089,-0.014585137,0
6.061495,-0.015160771,0
6.0621,-0.016073609,0
6.062705,-0.017024195,0
6.06331,-0.017667515,0
6.063915,-0.01803551,0
6.06452,-0.018521321,0
6.065125,-0.019383887,0
6.06573,-0.020384632,0
6.066335,-0.021020408,0
6.06694,-0.021036016,0
6.067545,-0.020647191,0
6.06815,-0.020332116,0
6.068755,-0.020445389,0
6.06936,-0.020991134,0
6.069965,-0.02170151,0
6.07057,-0.022293794,0
6.071175,-0.022662811,0
6.07178,-0.022878917,0
6.072385,-0.023102197,0
6.07299,-0.023534884,0
6.073595,-0.02432333,0
6.0742,-0.025409898,0
6.074805,-0.026534953,0
6.07541,-0.027398178,0
6.076015,-0.027821968,0
6.07662,-0.027885624,0
6.077225,-0.027971125,0
6.07783,-0.028539339,0
6.078435,-0.029685468,0
6.07904,-0.030934609,0
6.079645,-0.031643799,0
6.08025,-0.031652016,0
6.080855,-0.031462545,0
6.08146,-0.031788397,0
6.082065,-0.03290602,0
6.08267,-0.034393466,0
6.083275,-0.035529929,0
6.08388,-0.035962691,0
6.084485,-0.035933524,0
6.08509,-0.035911652,0
6.085695,-0.036129208,0
6.0863,-0.036521622,0
6.086905,-0.037022171,0
6.08751,-0.037687167,0
6.088115,-0.03843912,0
6.08872,-0.038904987,0
6.089325,-0.038795325,0
6.08993,-0.038442529,0
6.090535,-0.038646356,0
6.09114,-0.039797162,0
6.091745,-0.041362945,0
6.09235,-0.042432077,0
6.092955,-0.0426299,0
6.09356,-0.042369846,0
6.094165,-0.042307264,0
6.09477,-0.042727643,0
6.095375,-0.043471191,0
6.09598,-0.044213714,0
6.096585,-0.044659289,0
6.09719,-0.044645923,0
6.097795,-0.044322128,0
6.0984,-0.04417161,0
6.099005,-0.044618641,0
6.09961,-0.045578512,0
6.100215,-0.046590694,0
6.10082,-0.047340916,0
6.101425,-0.047779379,0
6.10203,-0.047836237,0
6.102635,-0.047428714,0
6.10324,-0.046802666,0
6.103845,-0.046542472,0
6.10445,-0.046981202,0
6.105055,-0.047644904,0
6.10566,-0.04756122,0
6.106265,-0.046312915,0
6.10687,-0.044687584,0
6.107475,-0.044037346,0
6.10808,-0.044908248,0
6.108685,-0.046493404,0
6.10929,-0.047517216,0
6.109895,-0.047401059,0
6.1105,-0.046510986,0
6.111105,-0.045602096,0
6.11171,-0.045192303,0
6.112315,-0.04533955,0
6.11292,-0.04580841,0
6.113525,-0.04624425,0
6.11413,-0.046205158,0
6.114735,-0.045379293,0
6.11534,-0.044072753,0
6.115945,-0.043274242,0
6.11655,-0.043766504,0
6.117155,-0.045198156,0
6.11776,-0.046417793,0
6.118365,-0.046644193,0
6.11897,-0.046014849,0
6.119575,-0.045172428,0
6.12018,-0.044629729,0
6.120785,-0.044485328,0
6.12139,-0.044509929,0
6.121995,-0.044353189,0
6.1226,-0.043716265,0
6.123205,-0.042521177,0
6.12381,-0.04108202,0
6.124415,-0.040056884,0
6.12502,-0.039948584,0
6.125625,-0.040574067,0
6.12623,-0.041254387,0
6.126835,-0.041471564,0
6.12744,-0.041099714,0
6.128045,-0.04022921,0
6.12865,-0.039138722,0
6.129255,-0.038325515,0
6.12986,-0.038207879,0
6.130465,-0.038643963,0
6.13107,-0.038856805,0
6.131675,-0.038057934,0
6.13228,-0.036301949,0
6.132885,-0.034673897,0
6.13349,-0.034346994,0
6.134095,-0.035347293,0
6.1347,-0.036535738,0
6.135305,-0.036832754,0
6.13591,-0.03608187,0
6.136515,-0.034767491,0
6.13712,-0.033391869,0
6.137725,-0.032278035,0
6.13833,-0.031637405,0
6.138935,-0.031459197,0
6.13954,-0.03129401,0
6.140145,-0.030421552,0
6.14075,-0.028539268,0
6.141355,-0.026352678,0
6.14196,-0.02517394,0
6.142565,-0.025603576,0
6.14317,-0.0267971,0
6.143775,-0.027338211,0
6.14438,-0.026633269,0
6.144985,-0.025229592,0
6.14559,-0.024019107,0
6.146195,-0.023425555,0
6.1468,-0.023303581,0
6.147405,-0.023292605,0
6.14801,-0.023050259,0
6.148615,-0.022324114,0
6.14922,-0.021102466,0
6.149825,-0.019769305,0
6.15043,-0.01895299,0
6.151035,-0.01900152,0
6.15164,-0.01958957,0
6.152245,-0.019974948,0
6.15285,-0.019622732,0
6.153455,-0.018553494,0
6.15406,-0.01720372,0
6.154665,-0.016030809,0
6.15527,-0.015262552,0
6.155875,-0.014899835,0
6.15648,-0.014700323,0
6.157085,-0.014164525,0
6.15769,-0.012877895,0
6.158295,-0.011067772,0
6.1589,-0.009628734,0
6.159505,-0.009310068,0
6.16011,-0.00993261,0
6.160715,-0.010589882,0
6.16132,-0.010479756,0
6.161925,-0.00942758,0
6.16253,-0.007852316,0
6.163135,-0.006406755,0
6.16374,-0.00555816,0
6.164345,-0.005363813,0
6.16495,-0.005485681,0
6.165555,-0.005373478,0
6.16616,-0.004635067,0
6.166765,-0.003432284,0
6.16737,-0.002443671,0
6.167975,-0.002239384,0
6.16858,-0.002713887,0
6.169185,-0.003243205,0
6.16979,-0.003235794,0
6.170395,-0.002442094,0
6.171,-0.001040779,0
6.171605,0.000425245,0
6.17221,0.001419983,0
6.172815,0.001816211,0
6.17342,0.001907803,0
6.174025,0.002143819,0
6.17463,0.002855037,0
6.175235,0.003996488,0
6.17584,0.005063132,0
6.176445,0.005504707,0
6.17705,0.005343564,0
6.177655,0.005167034,0
6.17826,0.005483606,0
6.178865,0.006306802,0
6.17947,0.007305317,0
6.180075,0.008147101,0
6.18068,0.008715281,0
6.181285,0.009055379,0
6.18189,0.009184142,0
6.182495,0.009129889,0
6.1831,0.009131436,0
6.183705,0.009479416,0
6.18431,0.010072477,0
6.184915,0.010445669,0
6.18552,0.010379924,0
6.186125,0.010193137,0
6.18673,0.010328301,0
6.187335,0.010952371,0
6.18794,0.011987211,0
6.188545,0.013217726,0
6.18915,0.014328479,0
6.189755,0.015058435,0
6.19036,0.015392445,0
6.190965,0.015546899,0
6.19157,0.015769852,0
6.192175,0.016152481,0
6.19278,0.016563436,0
6.193385,0.016764545,0
6.19399,0.016680598,0
6.194595,0.016530183,0
6.1952,0.016604944,0
6.195805,0.016991297,0
6.19641,0.017563524,0
6.197015,0.018120299,0
6.19762,0.018484072,0
6.198225,0.01860169,0
6.19883,0.018574431,0
6.199435,0.018502493,0
6.20004,0.018346009,0
6.200645,0.018026572,0
6.20125,0.017584376,0
6.201855,0.017140463,0
6.20246,0.016785254,0
6.203065,0.01658164,0
6.20367,0.016588836,0
6.204275,0.016822051,0
6.20488,0.017252044,0
6.205485,0.017824048,0
6.20609,0.018403011,0
6.206695,0.018790045,0
6.2073,0.018901219,0
6.207905,0.018864641,0
6.20851,0.01886677,0
6.209115,0.018936935,0
6.20972,0.018916264,0
6.210325,0.018634409,0
6.21093,0.018128792,0
6.211535,0.017691438,0
6.21214,0.017637399,0
6.212745,0.017980512,0
6.21335,0.018403703,0
6.213955,0.018596288,0
6.21456,0.018521529,0
6.215165,0.018297946,0
6.21577,0.01795847,0
6.216375,0.017448763,0
6.21698,0.016783641,0
6.217585,0.016078133,0
6.21819,0.01543072,0
6.218795,0.014841259,0
6.2194,0.01424044,0
6.220005,0.013587272,0
6.22061,0.012967855,0
6.221215,0.01257771,0
6.22182,0.012548883,0
6.222425,0.012803728,0
6.22303,0.013096733,0
6.223635,0.013167731,0
6.22424,0.012884109,0
6.224845,0.012336553,0
6.22545,0.011796521,0
6.226055,0.011470034,0
6.22666,0.011273963,0
6.227265,0.010935114,0
6.22787,0.010313321,0
6.228475,0.009563072,0
6.22908,0.008976686,0
6.229685,0.00872144,0
6.23029,0.008750924,0
6.230895,0.008916938,0
6.2315,0.009067332,0
6.232105,0.00903013,0
6.23271,0.008649387,0
6.233315,0.00794369,0
6.23392,0.007142773,0
6.234525,0.006453712,0
6.23513,0.005848701,0
6.235735,0.005172134,0
6.23634,0.004371505,0
6.236945,0.003532935,0
6.23755,0.002789193,0
6.238155,0.002284696,0
6.23876,0.002151383,0
6.239365,0.00240963,0
6.23997,0.00287245,0
6.240575,0.003205268,0
6.24118,0.003142017,0
6.241785,0.00265289,0
6.24239,0.001928173,0
6.242995,0.001240401,0
6.2436,0.000766864,0
6.244205,0.000458974,0
6.24481,9.76E-05,0
6.245415,-0.000471454,0
6.24602,-0.001170631,0
6.246625,-0.001781784,0
6.24723,-0.002163487,0
6.247835,-0.002344111,0
6.24844,-0.002448963,0
6.249045,-0.0025959,0
6.24965,-0.002873514,0
6.250255,-0.00337559,0
6.25086,-0.004156079,0
6.251465,-0.005101214,0
6.25207,-0.005945822,0
6.252675,-0.006537334,0
6.25328,-0.007050203,0
6.253885,-0.007815746,0
6.25449,-0.008919735,0
6.255095,-0.010056062,0
6.2557,-0.01080723,0
6.256305,-0.011015766,0
6.25691,-0.010895662,0
6.257515,-0.010865763,0
6.25812,-0.011261706,0
6.258725,-0.012102633,0
6.25933,-0.013088959,0
6.259935,-0.013858572,0
6.26054,-0.014283349,0
6.261145,-0.014542834,0
6.26175,-0.014937207,0
6.262355,-0.015632288,0
6.26296,-0.016557876,0
6.263565,-0.017531858,0
6.26417,-0.018430891,0
6.264775,-0.019173438,0
6.26538,-0.01963659,0
6.265985,-0.019788152,0
6.26659,-0.019890086,0
6.267195,-0.020385156,0
6.2678,-0.02147394,0
6.268405,-0.022834328,0
6.26901,-0.023863211,0
6.269615,-0.024273702,0
6.27022,-0.024428868,0
6.270825,-0.024980939,0
6.27143,-0.026118279,0
6.272035,-0.027293899,0
6.27264,-0.027860253,0
6.273245,-0.027833323,0
6.27385,-0.027778056,0
6.274455,-0.02804814,0
6.27506,-0.028453207,0
6.275665,-0.02869944,0
6.27627,-0.028882829,0
6.276875,-0.02934787,0
6.27748,-0.030131345,0
6.278085,-0.030776817,0
6.27869,-0.03087127,0
6.279295,-0.030685137,0
6.2799,-0.030988928,0
6.280505,-0.032137456,0
6.28111,-0.033586178,0
6.281715,-0.034456125,0
6.28232,-0.034424249,0
6.282925,-0.034006864,0
6.28353,-0.034088957,0
6.284135,-0.035144795,0
6.28474,-0.036774362,0
6.285345,-0.038015245,0
6.28595,-0.038211011,0
6.286555,-0.037569613,0
6.28716,-0.036909039,0
6.287765,-0.037007775,0
6.28837,-0.038104125,0
6.288975,-0.039738119,0
6.28958,-0.04111423,0
6.290185,-0.04178167,0
6.29079,-0.041866361,0
6.291395,-0.041663874,0
6.292,-0.041320786,0
6.292605,-0.04101726,0
6.29321,-0.041147106,0
6.293815,-0.041947965,0
6.29442,-0.042955491,0
6.295025,-0.043193128,0
6.29563,-0.042199374,0
6.296235,-0.040789468,0
6.29684,-0.040457732,0
6.297445,-0.041843238,0
6.29805,-0.044030841,0
6.298655,-0.045551828,0
6.29926,-0.045793581,0
6.299865,-0.045265585,0
6.30047,-0.044829727,0
6.301075,-0.044978058,0
6.30168,-0.045710206,0
6.302285,-0.046724679,0
6.30289,-0.047556521,0
6.303495,-0.047743731,0
6.3041,-0.047159403,0
6.304705,-0.04628431,0
6.30531,-0.046017519,0
6.305915,-0.046933827,0
6.30652,-0.048640387,0
6.307125,-0.050053286,0
6.30773,-0.050361862,0
6.308335,-0.049632068,0
6.30894,-0.048560943,0
6.309545,-0.047852172,0
6.31015,-0.047842083,0
6.310755,-0.048405875,0
6.31136,-0.048921989,0
6.311965,-0.048545074,0
6.31257,-0.046957384,0
6.313175,-0.044904514,0
6.31378,-0.043710106,0
6.314385,-0.044064081,0
6.31499,-0.045384851,0
6.315595,-0.046492204,0
6.3162,-0.046690749,0
6.316805,-0.046059328,0
6.31741,-0.045042427,0
6.318015,-0.044096096,0
6.31862,-0.04360097,0
6.319225,-0.043739249,0
6.31983,-0.04421085,0
6.320435,-0.044238015,0
6.32104,-0.043226593,0
6.321645,-0.041527239,0
6.32225,-0.040317921,0
6.322855,-0.04049118,0
6.32346,-0.041716343,0
6.324065,-0.042830748,0
6.32467,-0.043048638,0
6.325275,-0.042502868,0
6.32588,-0.041727614,0
6.326485,-0.040992438,0
6.32709,-0.040287308,0
6.327695,-0.039710141,0
6.3283,-0.039430194,0
6.328905,-0.039197607,0
6.32951,-0.038334763,0
6.330115,-0.036554408,0
6.33072,-0.034602786,0
6.331325,-0.033700445,0
6.33193,-0.034306447,0
6.332535,-0.035707471,0
6.33314,-0.0367707,0
6.333745,-0.036803966,0
6.33435,-0.035832982,0
6.334955,-0.034412783,0
6.33556,-0.033200263,0
6.336165,-0.032565511,0
6.33677,-0.032439863,0
6.337375,-0.032339351,0
6.33798,-0.031627322,0
6.338585,-0.030108349,0
6.33919,-0.028448599,0
6.339795,-0.027682554,0
6.3404,-0.028132268,0
6.341005,-0.029091778,0
6.34161,-0.029646272,0
6.342215,-0.029421034,0
6.34282,-0.028535329,0
6.343425,-0.02731278,0
6.34403,-0.026169464,0
6.344635,-0.02550065,0
6.34524,-0.025433721,0
6.345845,-0.025592843,0
6.34645,-0.02521046,0
6.347055,-0.023770117,0
6.34766,-0.02170904,0
6.348265,-0.020245992,0
6.34887,-0.020190521,0
6.349475,-0.0210744,0
6.35008,-0.021715848,0
6.350685,-0.021379817,0
6.35129,-0.020185787,0
6.351895,-0.018730139,0
6.3525,-0.017563805,0
6.353105,-0.016897176,0
6.35371,-0.016631144,0
6.354315,-0.016539452,0
6.35492,-0.016350565,0
6.355525,-0.015786607,0
6.35613,-0.014777018,0
6.356735,-0.01367437,0
6.35734,-0.013012692,0
6.357945,-0.012960431,0
6.35855,-0.013160908,0
6.359155,-0.013058379,0
6.35976,-0.012272304,0
6.360365,-0.010849687,0
6.36097,-0.009301146,0
6.361575,-0.008259513,0
6.36218,-0.007982316,0
6.362785,-0.008145422,0
6.36339,-0.008065976,0
6.363995,-0.007173707,0
6.3646,-0.005497142,0
6.365205,-0.003842323,0
6.36581,-0.003270273,0
6.366415,-0.004100767,0
6.36702,-0.005482137,0
6.367625,-0.006080939,0
6.36823,-0.005167954,0
6.368835,-0.003076856,0
6.36944,-0.000789421,0
6.370045,0.00080329,0
6.37065,0.001345221,0
6.371255,0.001070565,0
6.37186,0.000627919,0
6.372465,0.000700866,0
6.37307,0.001542879,0
6.373675,0.002765863,0
6.37428,0.003656382,0
6.374885,0.003839508,0
6.37549,0.00363795,0
6.376095,0.003730005,0
6.3767,0.004501889,0
6.377305,0.005749843,0
6.37791,0.006937745,0
6.378515,0.007686402,0
6.37912,0.008012887,0
6.379725,0.008175278,0
6.38033,0.008412041,0
6.380935,0.008846113,0
6.38154,0.009484302,0
6.382145,0.010172685,0
6.38275,0.010643416,0
6.383355,0.010776279,0
6.38396,0.010771971,0
6.384565,0.010962296,0
6.38517,0.011528953,0
6.385775,0.012426858,0
6.38638,0.013425706,0
6.386985,0.014220632,0
6.38759,0.014643116,0
6.388195,0.014782517,0
6.3888,0.01485221,0
6.389405,0.014962429,0
6.39001,0.015066239,0
6.390615,0.015079337,0
6.39122,0.01498526,0
6.391825,0.014866355,0
6.39243,0.014868632,0
6.393035,0.015094106,0
6.39364,0.015532053,0
6.394245,0.016093866,0
6.39485,0.016656801,0
6.395455,0.017085974,0
6.39606,0.017282672,0
6.396665,0.017250941,0
6.39727,0.017130097,0
6.397875,0.017136953,0
6.39848,0.017398324,0
6.399085,0.01777651,0
6.39969,0.017921773,0
6.400295,0.017629749,0
6.4009,0.01713816,0
6.401505,0.016932698,0
6.40211,0.017232557,0
6.402715,0.01777734,0
6.40332,0.018152241,0
6.403925,0.018217532,0
6.40453,0.018146317,0
6.405135,0.018112622,0
6.40574,0.018081037,0
6.406345,0.017923391,0
6.40695,0.017603605,0
6.407555,0.017159268,0
6.40816,0.016585025,0
6.408765,0.015858678,0
6.40937,0.015095463,0
6.409975,0.014585317,0
6.41058,0.014620095,0
6.411185,0.015274768,0
6.41179,0.016297073,0
6.412395,0.017188853,0
6.413,0.017516083,0
6.413605,0.017259351,0
6.41421,0.016844329,0
6.414815,0.016751256,0
6.41542,0.017073194,0
6.416025,0.017462399,0
6.41663,0.01748221,0
6.417235,0.017010263,0
6.41784,0.016326513,0
6.418445,0.015803005,0
6.41905,0.015544172,0
6.419655,0.015419456,0
6.42026,0.015368365,0
6.420865,0.0154409,0
6.42147,0.015538253,0
6.422075,0.015371231,0
6.42268,0.014771657,0
6.423285,0.01390484,0
6.42389,0.013086619,0
6.424495,0.012443986,0
6.4251,0.0118032,0
6.425705,0.010906152,0
6.42631,0.009762551,0
6.426915,0.008770257,0
6.42752,0.008374577,0
6.428125,0.008612472,0
6.42873,0.009089737,0
6.429335,0.009371268,0
6.42994,0.0093186,0
6.430545,0.00906679,0
6.43115,0.008762621,0
6.431755,0.008435814,0
6.43236,0.008113526,0
6.432965,0.007896808,0
6.43357,0.007818372,0
6.434175,0.007709307,0
6.43478,0.007354258,0
6.435385,0.00676592,0
6.43599,0.006188647,0
6.436595,0.005855397,0
6.4372,0.005821529,0
6.437805,0.00596032,0
6.43841,0.006023604,0
6.439015,0.005768602,0
6.43962,0.00513453,0
6.440225,0.004300708,0
6.44083,0.003510861,0
6.441435,0.002827217,0
6.44204,0.002095644,0
6.442645,0.001143781,0
6.44325,-2.88E-05,0
6.443855,-0.001234244,0
6.44446,-0.002229217,0
6.445065,-0.002867805,0
6.44567,-0.003145877,0
6.446275,-0.003157382,0
6.44688,-0.003065582,0
6.447485,-0.003100203,0
6.44809,-0.003509077,0
6.448695,-0.004392611,0
6.4493,-0.005521986,0
6.449905,-0.006419731,0
6.45051,-0.006744779,0
6.451115,-0.006617568,0
6.45172,-0.006520581,0
6.452325,-0.006863444,0
6.45293,-0.007681082,0
6.453535,-0.008686701,0
6.45414,-0.009469934,0
6.454745,-0.009720405,0
6.45535,-0.009476816,0
6.455955,-0.009170803,0
6.45656,-0.009303464,0
6.457165,-0.010031985,0
6.45777,-0.011064377,0
6.458375,-0.011937729,0
6.45898,-0.012428446,0
6.459585,-0.012757352,0
6.46019,-0.013377134,0
6.460795,-0.014484406,0
6.4614,-0.015777774,0
6.462005,-0.016769036,0
6.46261,-0.017256429,0
6.463215,-0.017419986,0
6.46382,-0.01755643,0
6.464425,-0.017840438,0
6.46503,-0.018326115,0
6.465635,-0.019047709,0
6.46624,-0.01998033,0
6.466845,-0.020924315,0
6.46745,-0.021608169,0
6.468055,-0.022012773,0
6.46866,-0.022485349,0
6.469265,-0.023358986,0
6.46987,-0.024496669,0
6.470475,-0.025402161,0
6.47108,-0.025781396,0
6.471685,-0.025841106,0
6.47229,-0.026035137,0
6.472895,-0.026622208,0
6.4735,-0.027487499,0
6.474105,-0.028338155,0
6.47471,-0.029009152,0
6.475315,-0.029551451,0
6.47592,-0.030068547,0
6.476525,-0.030577797,0
6.47713,-0.031087994,0
6.477735,-0.031688324,0
6.47834,-0.032431095,0
6.478945,-0.033205366,0
6.47955,-0.033802293,0
6.480155,-0.034045153,0
6.48076,-0.033895491,0
6.481365,-0.033562326,0
6.48197,-0.033479658,0
6.482575,-0.034011993,0
6.48318,-0.035078901,0
6.483785,-0.036106001,0
6.48439,-0.036459374,0
6.484995,-0.036050265,0
6.4856,-0.035550974,0
6.486205,-0.035856794,0
6.48681,-0.037175309,0
6.487415,-0.038763443,0
6.48802,-0.039684834,0
6.488625,-0.039692957,0
6.48923,-0.039331965,0
6.489835,-0.039367047,0
6.49044,-0.040166241,0
6.491045,-0.041468034,0
6.49165,-0.042638887,0
6.492255,-0.043174133,0
6.49286,-0.043008704,0
6.493465,-0.042470679,0
6.49407,-0.042087405,0
6.494675,-0.042343308,0
6.49528,-0.043324211,0
6.495885,-0.044565693,0
6.49649,-0.04544978,0
6.497095,-0.04572181,0
6.4977,-0.045537501,0
6.498305,-0.045189935,0
6.49891,-0.044954718,0
6.499515,-0.045087188,0
6.50012,-0.045698517,0
6.500725,-0.046471785,0
6.50133,-0.046685285,0
6.501935,-0.045874295,0
6.50254,-0.044544497,0
6.503145,-0.043919236,0
6.50375,-0.044706911,0
6.504355,-0.046304825,0
6.50496,-0.047492553,0
6.505565,-0.047679173,0
6.50617,-0.047208249,0
6.506775,-0.046723953,0
6.50738,-0.046574969,0
6.507985,-0.046759712,0
6.50859,-0.047151146,0
6.509195,-0.047556546,0
6.5098,-0.047651034,0
6.510405,-0.047145916,0
6.51101,-0.046171494,0
6.511615,-0.045393684,0
6.51222,-0.045508127,0
6.512825,-0.046527387,0
6.51343,-0.047723955,0
6.514035,-0.048270978,0
6.51464,-0.047814028,0
6.515245,-0.046614403,0
6.51585,-0.045376261,0
6.516455,-0.044811202,0
6.51706,-0.045106194,0
6.517665,-0.045678081,0
6.51827,-0.045532045,0
6.518875,-0.044115505,0
6.51948,-0.041970696,0
6.520085,-0.040429479,0
6.52069,-0.040429154,0
6.521295,-0.041600645,0
6.5219,-0.0426955,0
6.522505,-0.042821192,0
6.52311,-0.042033281,0
6.523715,-0.040944125,0
6.52432,-0.040114352,0
6.524925,-0.039760234,0
6.52553,-0.039800396,0
6.526135,-0.039999117,0
6.52674,-0.039960041,0
6.527345,-0.039180289,0
6.52795,-0.037537979,0
6.528555,-0.035792914,0
6.52916,-0.035131895,0
6.529765,-0.035948752,0
6.53037,-0.037416673,0
6.530975,-0.038401679,0
6.53158,-0.0384197,0
6.532185,-0.037692207,0
6.53279,-0.03670389,0
6.533395,-0.035836007,0
6.534,-0.035245273,0
6.534605,-0.034907083,0
6.53521,-0.034628046,0
6.535815,-0.034044972,0
6.53642,-0.032864417,0
6.537025,-0.031313392,0
6.53763,-0.03017983,0
6.538235,-0.030065541,0
6.53884,-0.030700763,0
6.539445,-0.031250664,0
6.54005,-0.031095508,0
6.540655,-0.03017931,0
6.54126,-0.028907382,0
6.541865,-0.027851381,0
6.54247,-0.027398367,0
6.543075,-0.02753769,0
6.54368,-0.027842025,0
6.544285,-0.027637555,0
6.54489,-0.026471889,0
6.545495,-0.024690813,0
6.5461,-0.02340106,0
6.546705,-0.02346392,0
6.54731,-0.024534539,0
6.547915,-0.025392801,0
6.54852,-0.025119658,0
6.549125,-0.023754004,0
6.54973,-0.022040238,0
6.550335,-0.020749636,0
6.55094,-0.020141313,0
6.551545,-0.019944999,0
6.55215,-0.019719608,0
6.552755,-0.019101116,0
6.55336,-0.017870815,0
6.553965,-0.016165093,0
6.55457,-0.01466044,0
6.555175,-0.014102782,0
6.55578,-0.014465758,0
6.556385,-0.014922726,0
6.55699,-0.01471177,0
6.557595,-0.013733114,0
6.5582,-0.012411576,0
6.558805,-0.011284887,0
6.55941,-0.010650258,0
6.560015,-0.010399514,0.00E+00
6.56062,-0.01016311,0
6.561225,-0.009637895,0
6.56183,-0.008777735,0
6.562435,-0.007760609,0
6.56304,-0.006897699,0
6.563645,-0.006457029,0
6.56425,-0.006393627,0
6.564855,-0.006361692,0
6.56546,-0.00604237,0
6.566065,-0.005295884,0
6.56667,-0.004124876,0
6.567275,-0.002755848,0
6.56788,-0.00161704,0
6.568485,-0.000982636,0
6.56909,-0.000670389,0
6.569695,-0.000203805,0
6.5703,0.0007312,0
6.570905,0.001993175,0
6.57151,0.003085715,0
6.572115,0.003593858,0
6.57272,0.003610325,0
6.573325,0.003637137,0
6.57393,0.004035685,0
6.574535,0.004767613,0
6.57514,0.00565193,0
6.575745,0.006593413,0
6.57635,0.007499735,0
6.576955,0.008159188,0
6.57756,0.008354599,0
6.578165,0.008146602,0
6.57877,0.007969247,0
6.579375,0.008285633,0
6.57998,0.009051644,0
6.580585,0.009628809,0
6.58119,0.009442454,0
6.581795,0.008701151,0
6.5824,0.008249776,0
6.583005,0.008723372,0
6.58361,0.009999614,0
6.584215,0.01142828,0
6.58482,0.012429531,0
6.585425,0.012848658,0
6.58603,0.012902553,0
6.586635,0.012961076,0
6.58724,0.013325688,0
6.587845,0.014005915,0
6.58845,0.014626817,0
6.589055,0.014706543,0
6.58966,0.014212613,0
6.590265,0.013760424,0
6.59087,0.014025974,0
6.591475,0.015007112,0
6.59208,0.016072162,0
6.592685,0.016682558,0
6.59329,0.016869224,0
6.593895,0.016996136,0
6.5945,0.017235697,0
6.595105,0.017418484,0
6.59571,0.01735679,0
6.596315,0.017132706,0
6.59692,0.016949042,0
6.597525,0.016816763,0
6.59813,0.016609328,0
6.598735,0.016384915,0
6.59934,0.016409068,0
6.599945,0.016831922,0
6.60055,0.017496478,0
6.601155,0.018081553,0
6.60176,0.018393684,0
6.602365,0.018534976,0
6.60297,0.018745984,0
6.603575,0.019061683,0
6.60418,0.019222593,0
6.604785,0.018989301,0
6.60539,0.018461828,0
6.605995,0.017998267,0
6.6066,0.01783527,0
6.607205,0.017846542,0
6.60781,0.017724355,0
6.608415,0.017426286,0
6.60902,0.017328423,0
6.609625,0.017756818,0
6.61023,0.018446741,0
6.610835,0.018727042,0
6.61144,0.018276806,0
6.612045,0.017516345,0
6.61265,0.01711367,0
6.613255,0.017108496,0
6.61386,0.016704071,0
6.614465,0.015171872,0
6.61507,0.012925478,0
6.615675,0.01134944,0
6.61628,0.011415935,0
6.616885,0.012719773,0
6.61749,0.013994399,0
6.618095,0.014329253,0
6.6187,0.013795672,0
6.619305,0.013129032,0
6.61991,0.012942414,0
6.620515,0.013217847,0
6.62112,0.013530832,0
6.621725,0.01361808,0
6.62233,0.013529292,0
6.622935,0.013313411,0
6.62354,0.012841674,0
6.624145,0.012044815,0
6.62475,0.011189447,0
6.625355,0.010747896,0
6.62596,0.010928344,0
6.626565,0.011401381,0
6.62717,0.011604693,0
6.627775,0.011301124,0
6.62838,0.010717079,0
6.628985,0.010168302,0
6.62959,0.009720841,0
6.630195,0.009234204,0
6.6308,0.008606345,0
6.631405,0.007902628,0
6.63201,0.007239525,0
6.632615,0.006600198,0
6.63322,0.00588684,0
6.633825,0.005171097,0
6.63443,0.004738645,0
6.635035,0.004779904,0
6.63564,0.005115739,0
6.636245,0.005334355,0
6.63685,0.005179795,0
6.637455,0.004754654,0
6.63806,0.00435583,0
6.638665,0.004145869,0
6.63927,0.004014259,0
6.639875,0.00374698,0
6.64048,0.003242252,0
6.641085,0.002550852,0
6.64169,0.001829582,0
6.642295,0.001277304,0
6.6429,0.001011424,0
6.643505,0.000988772,0
6.64411,0.001063629,0
6.644715,0.001057159,0
6.64532,0.000781854,0
6.645925,0.000138086,0
6.64653,-0.000768056,0
6.647135,-0.001693536,0
6.64774,-0.0024763,0
6.648345,-0.003151791,0
6.64895,-0.003889734,0
6.649555,-0.004833821,0
6.65016,-0.005920473,0
6.650765,-0.00686024,0
6.65137,-0.007403851,0
6.651975,-0.007594975,0
6.65258,-0.007671025,0
6.653185,-0.007796769,0
6.65379,-0.008016962,0
6.654395,-0.008422055,0
6.655,-0.00919844,0
6.655605,-0.010395106,0
6.65621,-0.011662388,0
6.656815,-0.012416297,0
6.65742,-0.012458995,0
6.658025,-0.012332178,0
6.65863,-0.012774145,0
6.659235,-0.013874255,0
6.65984,-0.015025326,0.00E+00
6.660445,-0.015621567,0
6.66105,-0.01556577,0
6.661655,-0.015225625,0
6.66226,-0.015137373,0
6.662865,-0.015674454,0
6.66347,-0.016794934,0
6.664075,-0.018064374,0
6.66468,-0.018990699,0
6.665285,-0.019411872,0
6.66589,-0.0196343,0
6.666495,-0.020186902,0
6.6671,-0.021323369,0
6.667705,-0.02274811,0
6.66831,-0.02392512,0
6.668915,-0.024582949,0
6.66952,-0.02479815,0
6.670125,-0.024762785,0
6.67073,-0.024697388,0
6.671335,-0.024885638,0
6.67194,-0.025553919,0
6.672545,-0.02663628,0
6.67315,-0.027705871,0
6.673755,-0.028245424,0
6.67436,-0.028140813,0
6.674965,-0.027945832,0
6.67557,-0.028435351,0
6.676175,-0.029739016,0
6.67678,-0.031144041,0
6.677385,-0.031904956,0
6.67799,-0.031985683,0
6.678595,-0.031895268,0
6.6792,-0.03208775,0
6.679805,-0.032676237,0
6.68041,-0.033540856,0
6.681015,-0.034508524,0
6.68162,-0.035409462,0
6.682225,-0.036065579,0
6.68283,-0.036370682,0
6.683435,-0.036494514,0
6.68404,-0.036894185,0
6.684645,-0.037857756,0
6.68525,-0.039071639,0
6.685855,-0.039896958,0
6.68646,-0.040029745,0
6.687065,-0.03970356,0
6.68767,-0.039353868,0
6.688275,-0.039288385,0
6.68888,-0.039617937,0
6.689485,-0.040251564,0
6.69009,-0.040847688,0
6.690695,-0.040931935,0
6.6913,-0.040297748,0
6.691905,-0.039379618,0
6.69251,-0.039079053,0
6.693115,-0.039959896,0
6.69372,-0.041608501,0
6.694325,-0.042989332,0
6.69493,-0.043409481,0
6.695535,-0.043020636,0
6.69614,-0.042537087,0
6.696745,-0.042646112,0
6.69735,-0.043558067,0
6.697955,-0.044859712,0
6.69856,-0.045745582,0
6.699165,-0.045579619,0
6.69977,-0.044440551,0
6.700375,-0.043217249,0
6.70098,-0.043066808,0
6.701585,-0.044451798,0
6.70219,-0.046574896,0
6.702795,-0.048011701,0
6.7034,-0.048002203,0
6.704005,-0.046963365,0
6.70461,-0.045836859,0
6.705215,-0.045247886,0
6.70582,-0.045308431,0
6.706425,-0.045841949,0
6.70703,-0.046443239,0
6.707635,-0.046475854,0
6.70824,-0.045484474,0
6.708845,-0.043811326,0
6.70945,-0.042595788,0
6.710055,-0.042843002,0
6.71066,-0.044421644,0
6.711265,-0.046164814,0
6.71187,-0.046963138,0
6.712475,-0.046594524,0
6.71308,-0.045608488,0
6.713685,-0.044708288,0
6.71429,-0.044328734,0
6.714895,-0.044587957,0
6.7155,-0.045267554,0
6.716105,-0.045730242,0
6.71671,-0.045236875,0
6.717315,-0.043727138,0
6.71792,-0.042201401,0
6.718525,-0.041941659,0
6.71913,-0.04320314,0
6.719735,-0.044919355,0
6.72034,-0.04577496,0
6.720945,-0.045317663,0
6.72155,-0.044055082,0
6.722155,-0.042815116,0
6.72276,-0.042137998,0
6.723365,-0.042107229,0
6.72397,-0.042437771,0
6.724575,-0.042522321,0
6.72518,-0.041650226,0
6.725785,-0.039654023,0
6.72639,-0.037416052,0
6.726995,-0.036329706,0
6.7276,-0.036975242,0
6.728205,-0.038539251,0
6.72881,-0.039656566,0
6.729415,-0.039543589,0
6.73002,-0.038354063,0
6.730625,-0.036858282,0
6.73123,-0.035860008,0
6.731835,-0.035685723,0
6.73244,-0.036033366,0
6.733045,-0.036196501,0
6.73365,-0.035539693,0
6.734255,-0.034030168,0
6.73486,-0.032395042,0
6.735465,-0.031559445,0
6.73607,-0.031765715,0
6.736675,-0.032389893,0
6.73728,-0.032699783,0
6.737885,-0.032490933,0
6.73849,-0.031912402,0
6.739095,-0.031079318,0
6.7397,-0.030059663,0
6.740305,-0.029060165,0
6.74091,-0.028398404,0
6.741515,-0.028130977,0
6.74212,-0.02776971,0
6.742725,-0.026682809,0
6.74333,-0.024957241,0
6.743935,-0.023591341,0
6.74454,-0.023460383,0
6.745145,-0.024270516,0
6.74575,-0.024931793,0
6.746355,-0.024725326,0
6.74696,-0.023736467,0
6.747565,-0.022463159,0
6.74817,-0.021384055,0
6.748775,-0.020756499,0
6.74938,-0.020567188,0
6.749985,-0.02058286,0
6.75059,-0.020444674,0
6.751195,-0.019824094,0
6.7518,-0.018699507,0
6.752405,-0.017533283,0
6.75301,-0.016918361,0
6.753615,-0.016932203,0
6.75422,-0.017083723,0
6.754825,-0.016880122,0
6.75543,-0.016157567,0
6.756035,-0.015007338,0
6.75664,-0.013711016,0
6.757245,-0.012644956,0
6.75785,-0.012012761,0
6.758455,-0.011656741,0
6.75906,-0.0111607,0
6.759665,-0.010143646,0
6.76027,-0.008585794,0
6.760875,-0.006994865,0
6.76148,-0.006073215,0
6.762085,-0.006009912,0
6.76269,-0.006273853,0
6.763295,-0.00621449,0
6.7639,-0.005596907,0
6.764505,-0.00452594,0
6.76511,-0.003222568,0
6.765715,-0.001998052,0
6.76632,-0.00118733,0
6.766925,-0.000897375,0
6.76753,-0.000851574,0
6.768135,-0.000594111,0
6.76874,9.73E-05,0
6.769345,0.000965857,0
6.76995,0.001483181,0
6.770555,0.001426066,0
6.77116,0.001184588,0
6.771765,0.00135024,0
6.77237,0.002113618,0
6.772975,0.003199663,0
6.77358,0.004243677,0
6.774185,0.005062621,0
6.77479,0.005621197,0
6.775395,0.005935553,0
6.776,0.006125925,0
6.776605,0.006463464,0
6.77721,0.007187889,0
6.777815,0.008197476,0
6.77842,0.008981945,0
6.779025,0.00903732,0
6.77963,0.00842081,0
6.780235,0.007777391,0
6.78084,0.007769005,0
6.781445,0.008550989,0
6.78205,0.009756212,0
6.782655,0.010817708,0
6.78326,0.011279365,0
6.783865,0.011024978,0
6.78447,0.010427169,0
6.785075,0.010157167,0
6.78568,0.010609964,0
6.786285,0.011529734,0
6.78689,0.012297944,0
6.787495,0.012543296,0
6.7881,0.012421685,0
6.788705,0.012361993,0
6.78931,0.012654091,0
6.789915,0.013309266,0
6.79052,0.014169827,0
6.791125,0.015017598,0
6.79173,0.015628168,0
6.792335,0.015869455,0
6.79294,0.015843823,0
6.793545,0.015873786,0
6.79415,0.016217224,0
6.794755,0.016787628,0
6.79536,0.017211522,0
6.795965,0.017179115,0
6.79657,0.016761838,0
6.797175,0.016387262,0
6.79778,0.016474455,0
6.798385,0.017077344,0
6.79899,0.017849481,0
6.799595,0.018342504,0
6.8002,0.018363042,0
6.800805,0.018049867,0
6.80141,0.017667873,0
6.802015,0.017397889,0
6.80262,0.017253528,0
6.803225,0.017103766,0
6.80383,0.016792337,0
6.804435,0.016288734,0
6.80504,0.015754838,0
6.805645,0.015461991,0
6.80625,0.015607584,0
6.806855,0.016173508,0
6.80746,0.016932557,0
6.808065,0.017601571,0
6.80867,0.018008023,0
6.809275,0.018107387,0
6.80988,0.017935963,0
6.810485,0.017659483,0
6.81109,0.017542779,0
6.811695,0.017686116,0
6.8123,0.017857665,0
6.812905,0.017743285,0
6.81351,0.017335824,0
6.814115,0.016952918,0
6.81472,0.01688201,0
6.815325,0.017118405,0
6.81593,0.017424164,0
6.816535,0.017535499,0
6.81714,0.017350211,0
6.817745,0.016982229,0
6.81835,0.016591124,0
6.818955,0.016165138,0
6.81956,0.015557568,0
6.820165,0.014705804,0
6.82077,0.01369473,0
6.821375,0.01263456,0
6.82198,0.011628779,0
6.822585,0.010847899,0
6.82319,0.010486755,0
6.823795,0.010634626,0
6.8244,0.011201265,0
6.825005,0.011889802,0
6.82561,0.012293736,0
6.826215,0.012179233,0
6.82682,0.011671419,0
6.827425,0.011091157,0
6.82803,0.010649376,0
6.828635,0.010332605,0
6.82924,0.009992789,0
6.829845,0.009489303,0
6.83045,0.008824948,0
6.831055,0.008179187,0
6.83166,0.007754781,0
6.832265,0.007627842,0
6.83287,0.00776081,0
6.833475,0.008021899,0
6.83408,0.0081705,0
6.834685,0.007990172,0
6.83529,0.007478488,0
6.835895,0.006811401,0
6.8365,0.006131119,0
6.837105,0.00544699,0
6.83771,0.004703951,0
6.838315,0.003851192,0
6.83892,0.002879521,0
6.839525,0.00188659,0
6.84013,0.001072245,0
6.840735,0.000599975,0
6.84134,0.000478353,0
6.841945,0.000567381,0
6.84255,0.000649342,0
6.843155,0.000526754,0
6.84376,0.000136065,0
6.844365,-0.000415416,0
6.84497,-0.000973496,0
6.845575,-0.001514771,0
6.84618,-0.002155355,0
6.846785,-0.00297901,0
6.84739,-0.003901835,0
6.847995,-0.004712274,0
6.8486,-0.00525006,0
6.849205,-0.005564037,0
6.84981,-0.005855482,0
6.850415,-0.006245135,0
6.85102,-0.00666555,0
6.851625,-0.007031255,0
6.85223,-0.007441152,0
6.852835,-0.0081012,0
6.85344,-0.009053083,0
6.854045,-0.010080879,0
6.85465,-0.010930189,0
6.855255,-0.011587202,0
6.85586,-0.012291614,0
6.856465,-0.01323182,0
6.85707,-0.014256923,0
6.857675,-0.014982781,0
6.85828,-0.015201168,0
6.858885,-0.015107666,0
6.85949,-0.01508876,0
6.860095,-0.015346129,0
6.8607,-0.015801909,0
6.861305,-0.016340245,0
6.86191,-0.017017691,0
6.862515,-0.017958447,0
6.86312,-0.019085104,0
6.863725,-0.020062394,0
6.86433,-0.020592976,0
6.864935,-0.02075045,0
6.86554,-0.020925896,0
6.866145,-0.021411389,0
6.86675,-0.022092364,0
6.867355,-0.022602537,0
6.86796,-0.022757339,0
6.868565,-0.022759827,0
6.86917,-0.02298289,0
6.869775,-0.023629828,0
6.87038,-0.02459241,0
6.870985,-0.025558617,0
6.87159,-0.02628561,0
6.872195,-0.026836713,0
6.8728,-0.027515006,0
6.873405,-0.028495055,0
6.87401,-0.029572334,0
6.874615,-0.030378157,0
6.87522,-0.03078181,0
6.875825,-0.030944903,0
6.87643,-0.031040105,0
6.877035,-0.031097412,0
6.87764,-0.03116098,0
6.878245,-0.031453577,0
6.87885,-0.032205543,0
6.879455,-0.033276489,0
6.88006,-0.034112902,0
6.880665,-0.034274283,0
6.88127,-0.033987901,0
6.881875,-0.033987056,0
6.88248,-0.034705907,0
6.883085,-0.035807379,0
6.88369,-0.036626129,0
6.884295,-0.036879799,0
6.8849,-0.036806906,0
6.885505,-0.03679223,0
6.88611,-0.03704265,0
6.886715,-0.037584712,0
6.88732,-0.03838682,0
6.887925,-0.039314587,0
6.88853,-0.040027482,0
6.889135,-0.040186713,0
6.88974,-0.039912081,0
6.890345,-0.03986083,0
6.89095,-0.040607684,0
6.891555,-0.04198806,0
6.89216,-0.04322965,0
6.892765,-0.043683679,0
6.89337,-0.043348776,0
6.893975,-0.042798107,0
6.89458,-0.042660589,0
6.895185,-0.043119113,0
6.89579,-0.043872971,0
6.896395,-0.044462989,0
6.897,-0.044533131,0
6.897605,-0.043976512,0
6.89821,-0.043120848,0
6.898815,-0.042699262,0
6.89942,-0.043268974,0
6.900025,-0.044575476,0
6.90063,-0.045747562,0
6.901235,-0.046142183,0
6.90184,-0.045835514,0
6.902445,-0.045387252,0
6.90305,-0.045305656,0
6.903655,-0.045713402,0
6.90426,-0.04637616,0
6.904865,-0.046902713,0
6.90547,-0.046927511,0
6.906075,-0.046314698,0
6.90668,-0.04537623,0
6.907285,-0.044808012,0
6.90789,-0.045136574,0
6.908495,-0.046178798,0
6.9091,-0.047239988,0
6.909705,-0.047778395,0
6.91031,-0.04767723,0
6.910915,-0.047086251,0
6.91152,-0.046314663,0
6.912125,-0.045771277,0
6.91273,-0.045752098,0
6.913335,-0.046155499,0
6.91394,-0.046372641,0
6.914545,-0.045653999,0
6.91515,-0.043923646,0
6.915755,-0.04223037,0
6.91636,-0.041938166,0
6.916965,-0.043249945,0
6.91757,-0.044925837,0
6.918175,-0.045631677,0
6.91878,-0.045137172,0
6.919385,-0.044124478,0
6.91999,-0.0433257,0
6.920595,-0.043034146,0
6.9212,-0.043154442,0
6.921805,-0.043410641,0
6.92241,-0.043433387,0
6.923015,-0.042841888,0
6.92362,-0.041545198,0
6.924225,-0.040090277,0
6.92483,-0.039444208,0
6.925435,-0.040067717,0
6.92604,-0.041320864,0
6.926645,-0.042067038,0
6.92725,-0.041714334,0
6.927855,-0.040534802,0
6.92846,-0.039235309,0
6.929065,-0.038384223,0
6.92967,-0.038112537,0
6.930275,-0.038165847,0
6.93088,-0.038076588,0
6.931485,-0.037310148,0
6.93209,-0.035582268,0
6.932695,-0.033352357,0
6.9333,-0.031814088,0
6.933905,-0.031884899,0
6.93451,-0.033153848,0
6.935115,-0.034196527,0
6.93572,-0.033923011,0
6.936325,-0.032431764,0
6.93693,-0.030742925,0
6.937535,-0.029871419,0
6.93814,-0.03001209,0
6.938745,-0.030488072,0
6.93935,-0.03043198,0
6.939955,-0.029478385,0
6.94056,-0.027901312,0
6.941165,-0.026328019,0
6.94177,-0.025400605,0
6.942375,-0.025419539,0
6.94298,-0.026085851,0
6.943585,-0.026736228,0
6.94419,-0.026874469,0
6.944795,-0.026371811,0
6.9454,-0.025352743,0
6.946005,-0.024124245,0
6.94661,-0.023080992,0
6.947215,-0.022430328,0
6.94782,-0.021974872,0
6.948425,-0.02128358,0
6.94903,-0.02011212,0
6.949635,-0.018635528,0
6.95024,-0.017343642,0
6.950845,-0.016677636,0
6.95145,-0.016625874,0
6.952055,-0.016735,0
6.95266,-0.016563194,0
6.953265,-0.015979121,0
6.95387,-0.015089175,0
6.954475,-0.014105055,0
6.95508,-0.013286464,0
6.955685,-0.012873144,0
6.95629,-0.012912358,0
6.956895,-0.013054555,0
6.9575,-0.012681451,0
6.958105,-0.011505267,0
6.95871,-0.010053824,0
6.959315,-0.009285778,0.00E+00
6.95992,-0.009554204,0
6.960525,-0.010170726,0
6.96113,-0.010156483,0
6.961735,-0.009187243,0
6.96234,-0.007706255,0
6.962945,-0.006372012,0
6.96355,-0.005513438,0
6.964155,-0.005001533,0
6.96476,-0.004521307,0
6.965365,-0.003864032,0
6.96597,-0.002968702,0
6.966575,-0.001883825,0
6.96718,-0.000826494,0
6.967785,-0.000109825,0
6.96839,0.00018408,0
6.968995,0.000338875,0
6.9696,0.000689865,0
6.970205,0.001331314,0
6.97081,0.002174772,0
6.971415,0.003092783,0
6.97202,0.003940155,0
6.972625,0.00454021,0
6.97323,0.004751984,0
6.973835,0.004632558,0
6.97444,0.004516643,0
6.975045,0.004784132,0
6.97565,0.005432778,0
6.976255,0.005997452,0
6.97686,0.006079029,0
6.977465,0.005821531,0
6.97807,0.005687105,0
6.978675,0.00597568,0
6.97928,0.006694542,0
6.979885,0.007658104,0
6.98049,0.008622995,0
6.981095,0.009413069,0
6.9817,0.009940323,0
6.982305,0.010210773,0
6.98291,0.010404137,0
6.983515,0.010836027,0
6.98412,0.011650748,0
6.984725,0.012514241,0
6.98533,0.01282448,0
6.985935,0.01237409,0
6.98654,0.011667004,0
6.987145,0.011500536,0
6.98775,0.012259357,0
6.988355,0.013537205,0
6.98896,0.014474088,0
6.989565,0.014566692,0
6.99017,0.014088703,0
6.990775,0.013707922,0
6.99138,0.013810863,0
6.991985,0.014230549,0
6.99259,0.014554547,0
6.993195,0.014584315,0
6.9938,0.014481774,0
6.994405,0.014572228,0
6.99501,0.015012127,0
6.995615,0.01563935,0
6.99622,0.016207061,0
6.996825,0.016684093,0
6.99743,0.017213188,0
6.998035,0.017814549,0
6.99864,0.018228311,0
6.999245,0.018167583,0
6.99985,0.017740277,0
7.000455,0.017446485,0
7.00106,0.017653067,0
7.001665,0.018148668,0
7.00227,0.018359745,0
7.002875,0.018037285,0
7.00348,0.017545741,0
7.004085,0.017399838,0
7.00469,0.017729079,0
7.005295,0.018273978,0
7.0059,0.018727029,0
7.006505,0.018953836,0
7.00711,0.018945946,0
7.007715,0.018736594,0
7.00832,0.018421096,0
7.008925,0.018134368,0
7.00953,0.017948718,0
7.010135,0.01780614,0
7.01074,0.017540524,0
7.011345,0.01702892,0
7.01195,0.016381331,0
7.012555,0.015937831,0
7.01316,0.016008709,0
7.013765,0.016574476,0
7.01437,0.017270223,0
7.014975,0.017705653,0
7.01558,0.017760814,0
7.016185,0.017577717,0
7.01679,0.017347007,0
7.017395,0.017124686,0
7.018,0.016837026,0
7.018605,0.01641061,0
7.01921,0.015831611,0
7.019815,0.015136372,0
7.02042,0.014437271,0
7.021025,0.013918824,0
7.02163,0.013720563,0
7.022235,0.013796952,0
7.02284,0.013920886,0
7.023445,0.013839482,0
7.02405,0.013415392,0
7.024655,0.012683138,0
7.02526,0.011827322,0
7.025865,0.011014027,0
7.02647,0.010205625,0
7.027075,0.009242747,0
7.02768,0.008107113,0
7.028285,0.007016527,0
7.02889,0.006261039,0
7.029495,0.005983288,0
7.0301,0.006100907,0
7.030705,0.006367265,0
7.03131,0.006487533,0
7.031915,0.006287406,0
7.03252,0.005852068,0
7.033125,0.005462919,0
7.03373,0.005353569,0
7.034335,0.005515465,0
7.03494,0.005730174,0
7.035545,0.005752683,0
7.03615,0.005439608,0
7.036755,0.00479545,0
7.03736,0.003995934,0
7.037965,0.00331471,0
7.03857,0.002952977,0
7.039175,0.002931916,0
7.03978,0.003120728,0
7.040385,0.003318277,0
7.04099,0.003301358,0
7.041595,0.002880811,0
7.0422,0.002040415,0
7.042805,0.001028949,0
7.04341,0.000197552,0
7.044015,-0.00033323,0
7.04462,-0.000819296,0
7.045225,-0.001630048,0
7.04583,-0.002816828,0
7.046435,-0.00401379,0
7.04704,-0.004795675,0
7.047645,-0.005060409,0
7.04825,-0.005042722,0
7.048855,-0.005046974,0
7.04946,-0.005231484,0
7.050065,-0.00560542,0
7.05067,-0.00612697,0
7.051275,-0.006743388,0
7.05188,-0.007377203,0
7.052485,-0.007957417,0
7.05309,-0.008504149,0
7.053695,-0.009142516,0
7.0543,-0.009964278,0
7.054905,-0.010883141,0
7.05551,-0.011676773,0
7.056115,-0.012166331,0
7.05672,-0.012362712,0
7.057325,-0.012492195,0
7.05793,-0.012858896,0
7.058535,-0.013602256,0
7.05914,-0.014578378,0
7.059745,-0.015507107,0
7.06035,-0.016227027,0
7.060955,-0.016809743,0
7.06156,-0.017468411,0
7.062165,-0.01835872,0
7.06277,-0.019414622,0
7.063375,-0.020381529,0
7.06398,-0.021073105,0
7.064585,-0.021549237,0
7.06519,-0.021945598,0
7.065795,-0.022225439,0
7.0664,-0.022280161,0
7.067005,-0.02226203,0
7.06761,-0.022652563,0
7.068215,-0.023832995,0
7.06882,-0.02551805,0
7.069425,-0.026786705,0
7.07003,-0.026946265,0
7.070635,-0.026346126,0
7.07124,-0.02606087,0
7.071845,-0.026731945,0
7.07245,-0.027978428,0
7.073055,-0.028965606,0
7.07366,-0.029268236,0
7.074265,-0.029131198,0
7.07487,-0.029108806,0
7.075475,-0.029529674,0
7.07608,-0.030275589,0
7.076685,-0.031058227,0
7.07729,-0.031775974,0
7.077895,-0.032471883,0
7.0785,-0.033096676,0
7.079105,-0.033576758,0
7.07971,-0.034064848,0
7.080315,-0.034838239,0
7.08092,-0.035911561,0
7.081525,-0.036932441,0
7.08213,-0.037471491,0
7.082735,-0.037369746,0
7.08334,-0.036904727,0
7.083945,-0.036644137,0
7.08455,-0.037014861,0
7.085155,-0.037921749,0
7.08576,-0.038767517,0
7.086365,-0.038909805,0
7.08697,-0.038244129,0
7.087575,-0.037415315,0
7.08818,-0.037328184,0
7.088785,-0.038267522,0
7.08939,-0.039582601,0
7.089995,-0.040421937,0
7.0906,-0.040610321,0
7.091205,-0.040581543,0
7.09181,-0.040688259,0
7.092415,-0.040906034,0
7.09302,-0.041139976,0
7.093625,-0.041527739,0
7.09423,-0.042258497,0
7.094835,-0.043141302,0
7.09544,-0.043596552,0
7.096045,-0.043308162,0
7.09665,-0.042805986,0
7.097255,-0.043040719,0
7.09786,-0.04430569,0
7.098465,-0.045914256,0
7.09907,-0.046964892,0
7.099675,-0.047092186,0
7.10028,-0.046548032,0
7.100885,-0.045932463,0
7.10149,-0.045848893,0
7.102095,-0.046508836,0
7.1027,-0.047498946,0
7.103305,-0.048004065,0
7.10391,-0.047429764,0
7.104515,-0.045998418,0
7.10512,-0.044796414,0
7.105725,-0.044948361,0
7.10633,-0.04646413,0
7.106935,-0.048105092,0
7.10754,-0.04859621,0
7.108145,-0.04778263,0
7.10875,-0.046587759,0
7.109355,-0.046137779,0
7.10996,-0.046914428,0
7.110565,-0.048414981,0
7.11117,-0.049491754,0
7.111775,-0.049195564,0
7.11238,-0.047481471,0
7.112985,-0.045236278,0
7.11359,-0.043732649,0
7.114195,-0.043826029,0
7.1148,-0.045257523,0
7.115405,-0.046799234,0
7.11601,-0.047352471,0
7.116615,-0.046763737,0
7.11722,-0.045544211,0
7.117825,-0.044249662,0
7.11843,-0.043313012,0
7.119035,-0.043051187,0
7.11964,-0.043418407,0
7.120245,-0.043800295,0
7.12085,-0.043350913,0
7.121455,-0.041751912,0
7.12206,-0.039713184,0
7.122665,-0.038561116,0
7.12327,-0.03901666,0
7.123875,-0.040422253,0
7.12448,-0.041451074,0
7.125085,-0.04141565,0
7.12569,-0.040609148,0
7.126295,-0.039652267,0
7.1269,-0.038930904,0
7.127505,-0.038588155,0
7.12811,-0.038625595,0
7.128715,-0.038789817,0
7.12932,-0.038579968,0
7.129925,-0.037651902,0
7.13053,-0.036259025,0
7.131135,-0.035190047,0
7.13174,-0.035116623,0
7.132345,-0.035944637,0
7.13295,-0.036873792,0
7.133555,-0.037056637,0
7.13416,-0.03619144,0
7.134765,-0.034671672,0
7.13537,-0.033255764,0
7.135975,-0.03250001,0
7.13658,-0.032406213,0
7.137185,-0.032459213,0
7.13779,-0.031931395,0
7.138395,-0.030386315,0
7.139,-0.028192297,0
7.139605,-0.026467259,0
7.14021,-0.02610475,0
7.140815,-0.026788705,0
7.14142,-0.027359244,0
7.142025,-0.027109753,0
7.14263,-0.026271829,0
7.143235,-0.025359149,0
7.14384,-0.024577001,0
7.144445,-0.023918678,0
7.14505,-0.023437578,0
7.145655,-0.023164077,0
7.14626,-0.022869019,0
7.146865,-0.022159736,0
7.14747,-0.020906123,0
7.148075,-0.019529417,0
7.14868,-0.018720364,0
7.149285,-0.018752703,0
7.14989,-0.019226796,0
7.150495,-0.019585918,0
7.1511,-0.019629441,0
7.151705,-0.019378024,0
7.15231,-0.018694997,0
7.152915,-0.017378336,0
7.15352,-0.015643786,0
7.154125,-0.014141911,0
7.15473,-0.013243228,0
7.155335,-0.012558703,0
7.15594,-0.011471677,0
7.156545,-0.010021035,0
7.15715,-0.0089113,0
7.157755,-0.008622852,0
7.15836,-0.008875977,0
7.158965,-0.00903704,0
7.15957,-0.008676157,0
7.160175,-0.007726728,0
7.16078,-0.006492019,0
7.161385,-0.005513639,0
7.16199,-0.00515729,0
7.162595,-0.005265378,0
7.1632,-0.005309868,0
7.163805,-0.004904195,0
7.16441,-0.004123618,0
7.165015,-0.003357029,0
7.16562,-0.002921097,0
7.166225,-0.002800421,0
7.16683,-0.002724036,0
7.167435,-0.002467932,0
7.16804,-0.001993112,0
7.168645,-0.001313701,0
7.16925,-0.000407126,0
7.169855,0.000686337,0
7.17046,0.00173785,0
7.171065,0.002402728,0
7.17167,0.002573539,0
7.172275,0.002659364,0
7.17288,0.003271652,0
7.173485,0.004496299,0
7.17409,0.005673336,0
7.174695,0.006135033,0
7.1753,0.006019208,0
7.175905,0.006063497,0
7.17651,0.00672435,0
7.177115,0.00778046,0
7.17772,0.008700081,0
7.178325,0.009182007,0
7.17893,0.009357735,0
7.179535,0.009558582,0
7.18014,0.009927829,0
7.180745,0.010297622,0
7.18135,0.010461108,0
7.181955,0.010471608,0
7.18256,0.010538091,0
7.183165,0.010707223,0
7.18377,0.010848706,0
7.184375,0.010911623,0
7.18498,0.011037071,0
7.185585,0.011423996,0
7.18619,0.012140558,0
7.186795,0.013049522,0
7.1874,0.013875795,0
7.188005,0.014356943,0
7.18861,0.014427605,0
7.189215,0.01432616,0
7.18982,0.014448705,0
7.190425,0.014969701,0
7.19103,0.015564634,0
7.191635,0.015620443,0
7.19224,0.014865239,0
7.192845,0.013781695,0
7.19345,0.01329293,0
7.194055,0.0139678,0
7.19466,0.015503266,0
7.195265,0.016996675,0
7.19587,0.017725468,0
7.196475,0.017631987,0
7.19708,0.017137286,0
7.197685,0.016680761,0
7.19829,0.016484079,0
7.198895,0.016562349,0
7.1995,0.016750753,0
7.200105,0.016752966,0
7.20071,0.016392376,0
7.201315,0.015892825,0
7.20192,0.015740549,0
7.202525,0.01617478,0
7.20313,0.016931535,0
7.203735,0.017554161,0
7.20434,0.017832698,0
7.204945,0.017859023,0
7.20555,0.017797142,0
7.206155,0.01774451,0
7.20676,0.017738077,0
7.207365,0.017778019,0
7.20797,0.017841657,0
7.208575,0.01787788,0
7.20918,0.0178113,0
7.209785,0.017624941,0
7.21039,0.017438429,0
7.210995,0.017433645,0
7.2116,0.017679913,0
7.212205,0.018055907,0
7.21281,0.018342697,0
7.213415,0.018380183,0
7.21402,0.018169283,0
7.214625,0.017852786,0
7.21523,0.017560341,0
7.215835,0.017268479,0
7.21644,0.01684702,0
7.217045,0.016217635,0
7.21765,0.015460275,0
7.218255,0.014796201,0
7.21886,0.014420711,0
7.219465,0.014334383,0
7.22007,0.014423927,0
7.220675,0.014663455,0
7.22128,0.01505444,0
7.221885,0.015392309,0
7.22249,0.015338641,0
7.223095,0.014811508,0
7.2237,0.014137932,0
7.224305,0.013714743,0
7.22491,0.013590825,0
7.225515,0.013433111,0
7.22612,0.012893439,0
7.226725,0.012010044,0
7.22733,0.011199604,0
7.227935,0.010821272,0
7.22854,0.010828072,0
7.229145,0.010874234,0
7.22975,0.010668167,0
7.230355,0.010174046,0
7.23096,0.009532602,0
7.231565,0.008865413,0
7.23217,0.008173335,0
7.232775,0.007380818,0
7.23338,0.006436315,0
7.233985,0.005363992,0
7.23459,0.004262675,0
7.235195,0.003298723,0
7.2358,0.002638886,0
7.236405,0.002318484,0
7.23701,0.002220782,0
7.237615,0.002203968,0
7.23822,0.002178132,0
7.238825,0.002065441,0
7.23943,0.001786207,0
7.240035,0.001346402,0
7.24064,0.000899838,0
7.241245,0.000627928,0
7.24185,0.000506934,0
7.242455,0.00023058,0
7.24306,-0.000536711,0
7.243665,-0.001754592,0
7.24427,-0.002931754,0
7.244875,-0.003570977,0
7.24548,-0.003628267,0
7.246085,-0.003452155,0
7.24669,-0.003377418,0
7.247295,-0.003498896,0
7.2479,-0.00379462,0
7.248505,-0.004311043,0
7.24911,-0.005109341,0
7.249715,-0.006078408,0
7.25032,-0.006960568,0
7.250925,-0.007634271,0
7.25153,-0.008281253,0
7.252135,-0.009154198,0
7.25274,-0.010208244,0
7.253345,-0.011093872,0
7.25395,-0.011530466,0
7.254555,-0.011592176,0
7.25516,-0.011591802,0
7.255765,-0.011748223,0
7.25637,-0.012059026,0
7.256975,-0.012473364,0
7.25758,-0.013009297,0
7.258185,-0.013630544,0
7.25879,-0.014164569,0
7.259395,-0.014467619,0
7.26,-0.014644239,0
7.260605,-0.015028088,0
7.26121,-0.015862725,0
7.261815,-0.016974841,0
7.26242,-0.017847661,0
7.263025,-0.01810751,0
7.26363,-0.017929847,0
7.264235,-0.01790384,0
7.26484,-0.018494737,0
7.265445,-0.019677809,0
7.26605,-0.021034122,0
7.266655,-0.022103725,0
7.26726,-0.022709151,0
7.267865,-0.0230679,0
7.26847,-0.023595102,0
7.269075,-0.024514115,0
7.26968,-0.025630496,0
7.270285,-0.026541344,0
7.27089,-0.027066595,0
7.271495,-0.027379318,0
7.2721,-0.027723332,0
7.272705,-0.028139737,0
7.27331,-0.028532044,0
7.273915,-0.028933596,0
7.27452,-0.029552331,0
7.275125,-0.030435749,0
7.27573,-0.031220124,0
7.276335,-0.031450334,0
7.27694,-0.031176435,0
7.277545,-0.031042364,0
7.27815,-0.031660651,0
7.278755,-0.033001493,0
7.27936,-0.034464627,0
7.279965,-0.035409221,0
7.28057,-0.035591204,0
7.281175,-0.035274372,0
7.28178,-0.034989024,0
7.282385,-0.035129931,0
7.28299,-0.035742952,0
7.283595,-0.036580508,0
7.2842,-0.03727053,0
7.284805,-0.037552049,0
7.28541,-0.037525318,0
7.286015,-0.037650579,0
7.28662,-0.038348843,0
7.287225,-0.039585141,0
7.28783,-0.040900531,0
7.288435,-0.04177361,0
7.28904,-0.041935487,0
7.289645,-0.041526134,0
7.29025,-0.041038444,0
7.290855,-0.040998647,0
7.29146,-0.041580072,0
7.292065,-0.042447699,0
7.29267,-0.042968435,0
7.293275,-0.042704341,0
7.29388,-0.041872372,0
7.294485,-0.041301761,0
7.29509,-0.041712171,0
7.295695,-0.042965618,0
7.2963,-0.044220826,0
7.296905,-0.044812259,0
7.29751,-0.0447487,0
7.298115,-0.044428607,0
7.29872,-0.04419281,0
7.299325,-0.044231701,0
7.29993,-0.044669452,0
7.300535,-0.045442933,0
7.30114,-0.046109449,0
7.301745,-0.046097183,0
7.30235,-0.045375201,0
7.302955,-0.044730658,0
7.30356,-0.045059633,0
7.304165,-0.046352904,0
7.30477,-0.047683167,0
7.305375,-0.048222834,0
7.30598,-0.047961082,0
7.306585,-0.047436931,0
7.30719,-0.047117699,0
7.307795,-0.047136459,0
7.3084,-0.04742218,0
7.309005,-0.047830036,0
7.30961,-0.048055877,0
7.310215,-0.04763437,0
7.31082,-0.046373293,0
7.311425,-0.044880064,0
7.31203,-0.044298763,0
7.312635,-0.045176189,0
7.31324,-0.046784499,0
7.313845,-0.047844697,0
7.31445,-0.047717046,0
7.315055,-0.046743078,0
7.31566,-0.045726381,0
7.316265,-0.045269785,0
7.31687,-0.045440621,0
7.317475,-0.045845027,0
7.31808,-0.045931588,0
7.318685,-0.045298734,0
7.31929,-0.04393598,0
7.319895,-0.042388655,0
7.3205,-0.041575734,0
7.321105,-0.042048085,0
7.32171,-0.043346991,0
7.322315,-0.044346762,0
7.32292,-0.044233666,0
7.323525,-0.043067612,0
7.32413,-0.041575919,0
7.324735,-0.040524776,0
7.32534,-0.040179653,0
7.325945,-0.040228258,0
7.32655,-0.040089069,0
7.327155,-0.039269618,0
7.32776,-0.037655554,0
7.328365,-0.035733234,0
7.32897,-0.03445212,0
7.329575,-0.034473193,0
7.33018,-0.03546659,0
7.330785,-0.03641331,0
7.33139,-0.036539012,0
7.331995,-0.035761253,0
7.3326,-0.03450542,0
7.333205,-0.033379235,0
7.33381,-0.032845068,0
7.334415,-0.032929627,0
7.33502,-0.033169764,0
7.335625,-0.032901199,0
7.33623,-0.031765777,0
7.336835,-0.030110129,0
7.33744,-0.028855225,0
7.338045,-0.028701969,0
7.33865,-0.029394478,0
7.339255,-0.030026602,0
7.33986,-0.030005083,0
7.340465,-0.029365833,0
7.34107,-0.02835263,0
7.341675,-0.027177687,0
7.34228,-0.026154629,0
7.342885,-0.025652711,0
7.34349,-0.025672258,0
7.344095,-0.025557854,0
7.3447,-0.024444214,0
7.345305,-0.022224001,0
7.34591,-0.019984078,0
7.346515,-0.019100149,0
7.34712,-0.019755061,0
7.347725,-0.020735622,0
7.34833,-0.020828191,0
7.348935,-0.019954577,0
7.34954,-0.018828032,0
7.350145,-0.017993359,0
7.35075,-0.017466386,0
7.351355,-0.017074874,0
7.35196,-0.016804188,0
7.352565,-0.016667222,0
7.35317,-0.016397958,0
7.353775,-0.015574717,0
7.35438,-0.0142089,0
7.354985,-0.013022156,0
7.35559,-0.01278028,0
7.356195,-0.013378735,0
7.3568,-0.013889659,0.00E+00
7.357405,-0.013484827,0
7.35801,-0.012142421,0
7.358615,-0.010539143,0
7.35922,-0.009376116,0
7.359825,-0.008799728,0
7.36043,-0.00842714,0
7.361035,-0.007848639,0
7.36164,-0.007008255,0
7.362245,-0.006099353,0
7.36285,-0.005272017,0
7.363455,-0.004577555,0
7.36406,-0.00402328,0
7.364665,-0.003533997,0
7.36527,-0.002990437,0
7.365875,-0.002329566,0
7.36648,-0.001517969,0
7.367085,-0.000541703,0
7.36769,0.000470393,0
7.368295,0.001214627,0
7.3689,0.001431119,0
7.369505,0.001203283,0
7.37011,0.001000166,0
7.370715,0.001314209,0
7.37132,0.002172001,0
7.371925,0.003035538,0
7.37253,0.003328498,0
7.373135,0.003066024,0
7.37374,0.002800724,0
7.374345,0.003004738,0
7.37495,0.00371276,0
7.375555,0.004664614,0
7.37616,0.005551971,0
7.376765,0.006154473,0
7.37737,0.006419707,0
7.377975,0.006507269,0
7.37858,0.006736174,0
7.379185,0.007391712,0
7.37979,0.008451522,0
7.380395,0.009467884,0
7.381,0.0098983,0
7.381605,0.009693316,0
7.38221,0.009410376,0
7.382815,0.009640489,0
7.38342,0.010467424,0
7.384025,0.011515244,0
7.38463,0.012352062,0
7.385235,0.012808526,0
7.38584,0.013020424,0
7.386445,0.013236558,0
7.38705,0.013581979,0
7.387655,0.013980587,0
7.38826,0.014265853,0
7.388865,0.014323058,0
7.38947,0.014162725,0
7.390075,0.013942941,0
7.39068,0.013891112,0
7.391285,0.01413584,0
7.39189,0.014649484,0
7.392495,0.015345654,0
7.3931,0.016132611,0
7.393705,0.016853915,0
7.39431,0.017268058,0
7.394915,0.017211755,0
7.39552,0.016850231,0
7.396125,0.016669022,0
7.39673,0.017054265,0
7.397335,0.017837197,0
7.39794,0.018347626,0
7.398545,0.018044235,0
7.39915,0.017118326,0
7.399755,0.016393736,0
7.40036,0.016580811,0
7.400965,0.017641678,0
7.40157,0.018890591,0
7.402175,0.019666922,0
7.40278,0.019826936,0
7.403385,0.019613013,0
7.40399,0.019254271,0
7.404595,0.018823371,0
7.4052,0.018357675,0
7.405805,0.017924998,0
7.40641,0.017535872,0
7.407015,0.017119398,0
7.40762,0.016665684,0
7.408225,0.01632852,0
7.40883,0.016335097,0
7.409435,0.016783835,0
7.41004,0.017486455,0
7.410645,0.018030453,0
7.41125,0.01809944,0
7.411855,0.017767412,0
7.41246,0.01743371,0
7.413065,0.01742225,0
7.41367,0.017639564,0
7.414275,0.01766815,0
7.41488,0.017215856,0
7.415485,0.016427759,0
7.41609,0.015714531,0
7.416695,0.015331087,0
7.4173,0.015227716,0
7.417905,0.015274463,0
7.41851,0.015446784,0
7.419115,0.015706193,0
7.41972,0.015806574,0
7.420325,0.015396465,0
7.42093,0.01441902,0
7.421535,0.013325485,0
7.42214,0.012688247,0
7.422745,0.012553347,0
7.42335,0.012337062,0
7.423955,0.011481034,0
7.42456,0.010128136,0
7.425165,0.009003664,0
7.42577,0.008636769,0
7.426375,0.008857003,0
7.42698,0.009112984,0
7.427585,0.009116896,0
7.42819,0.008999637,0
7.428795,0.008909612,0
7.4294,0.008718193,0
7.430005,0.008231399,0
7.43061,0.007541022,0
7.431215,0.006986294,0
7.43182,0.006743194,0
7.432425,0.006568511,0
7.43303,0.00609033,0
7.433635,0.005323207,0
7.43424,0.004716708,0
7.434845,0.004648198,0
7.43545,0.00499316,0
7.436055,0.005243638,0
7.43666,0.004989078,0
7.437265,0.00427926,0
7.43787,0.003549466,0
7.438475,0.003135018,0
7.43908,0.002810755,0
7.439685,0.001920248,0
7.44029,0.000113197,0
7.440895,-0.002065088,0
7.4415,-0.003495674,0
7.442105,-0.003532495,0
7.44271,-0.002663029,0
7.443315,-0.001992111,0
7.44392,-0.002156712,0
7.444525,-0.002914769,0
7.44513,-0.003654549,0
7.445735,-0.004038859,0
7.44634,-0.004184887,0
7.446945,-0.00440332,0
7.44755,-0.00481396,0
7.448155,-0.005236541,0
7.44876,-0.005517828,0
7.449365,-0.005864349,0
7.44997,-0.006617558,0
7.450575,-0.007706816,0
7.45118,-0.008605304,0
7.451785,-0.008927036,0
7.45239,-0.008875757,0
7.452995,-0.008991312,0
7.4536,-0.009551401,0
7.454205,-0.010346169,0
7.45481,-0.011037615,0
7.455415,-0.011586155,0
7.45602,-0.01219122,0
7.456625,-0.012912981,0
7.45723,-0.013583056,0
7.457835,-0.01412576,0
7.45844,-0.014748593,0.00E+00
7.459045,-0.015661197,0
7.45965,-0.016711375,0
7.460255,-0.017445931,0
7.46086,-0.017554379,0
7.461465,-0.017232465,0
7.46207,-0.017062204,0
7.462675,-0.017477135,0
7.46328,-0.018370462,0
7.463885,-0.019266687,0
7.46449,-0.019810546,0
7.465095,-0.020016999,0
7.4657,-0.020125658,0
7.466305,-0.020364413,0
7.46691,-0.020846778,0
7.467515,-0.021552853,0
7.46812,-0.022376136,0
7.468725,-0.023234162,0
7.46933,-0.024078546,0
7.469935,-0.024788525,0
7.47054,-0.025199543,0
7.471145,-0.025330464,0
7.47175,-0.025521031,0
7.472355,-0.026194082,0
7.47296,-0.027378157,0
7.473565,-0.028565604,0
7.47417,-0.029224197,0
7.474775,-0.029442054,0
7.47538,-0.029884533,0
7.475985,-0.031019829,0
7.47659,-0.032552159,0
7.477195,-0.033767796,0
7.4778,-0.034258435,0
7.478405,-0.034158115,0
7.47901,-0.0338916,0
7.479615,-0.033859792,0
7.48022,-0.034237769,0
7.480825,-0.03496218,0
7.48143,-0.035907882,0
7.482035,-0.037002831,0
7.48264,-0.038111624,0
7.483245,-0.038957135,0
7.48385,-0.039334549,0
7.484455,-0.039311268,0
7.48506,-0.039113848,0
7.485665,-0.038994669,0
7.48627,-0.039238696,0
