Time,Amplitude,Shock
0,0.557395238,0
0.000605,0.613937241,0
0.00121,0.63183196,0
0.001815,0.619178752,0
0.00242,0.598203159,0
0.003025,0.584028024,0
0.00363,0.577215903,0
0.004235,0.570622602,0
0.00484,0.558863412,0
0.005445,0.542250241,0
0.00605,0.524792407,0
0.006655,0.509891157,0
0.00726,0.497701541,0
0.007865,0.486108384,0
0.00847,0.473665477,0
0.009075,0.46101189,0
0.00968,0.449671948,0
0.010285,0.440330164,0
0.01089,0.43253392,0
0.011495,0.425421369,0
0.0121,0.418136508,0
0.012705,0.40994587,0
0.01331,0.400816776,0
0.013915,0.391850398,0
0.01452,0.384325872,0
0.015125,0.378158283,0
0.01573,0.3722737,0
0.016335,0.366892401,0
0.01694,0.363904955,0
0.017545,0.363861985,0
0.01815,0.364204997,0
0.018755,0.362213277,0
0.01936,0.358637818,0
0.019965,0.356559564,0
0.02057,0.356935347,0
0.021175,0.357065834,0
0.02178,0.354028622,0
0.022385,0.348137874,0
0.02299,0.342024494,0
0.023595,0.337494909,0
0.0242,0.334478616,0
0.024805,0.332337324,0
0.02541,0.330944653,0
0.026015,0.330328153,0
0.02662,0.329928053,0
0.027225,0.32883636,0
0.02783,0.326945779,0
0.028435,0.32538367,0
0.02904,0.325121317,0
0.029645,0.325358991,0
0.03025,0.324044763,0
0.030855,0.319955683,0
0.03146,0.313874983,0
0.032065,0.307880365,0
0.03267,0.303680647,0
0.033275,0.301527454,0
0.03388,0.300415628,0
0.034485,0.299006087,0
0.03509,0.296577388,0
0.035695,0.293497823,0
0.0363,0.290659412,0
0.036905,0.288416959,0
0.03751,0.286335036,0
0.038115,0.28376231,0
0.03872,0.280241337,0
0.039325,0.275496496,0
0.03993,0.269509073,0
0.040535,0.262768476,0
0.04114,0.25620306,0
0.041745,0.250697085,0
0.04235,0.246603119,0
0.042955,0.243505643,0
0.04356,0.240456432,0
0.044165,0.236740913,0
0.04477,0.232529008,0
0.045375,0.228621742,0
0.04598,0.225432555,0
0.046585,0.222355832,0
0.04719,0.218341619,0
0.047795,0.212939618,0
0.0484,0.206598557,0
0.049005,0.200128743,0
0.04961,0.194055715,0
0.050215,0.188491908,0
0.05082,0.183470399,0
0.051425,0.179072233,0
0.05203,0.175177266,0
0.052635,0.171415774,0
0.05324,0.167527349,0
0.053845,0.163624604,0
0.05445,0.159895557,0
0.055055,0.15604161,0
0.05566,0.1514025,0
0.056265,0.146086837,0
0.05687,0.141531221,0
0.057475,0.138515101,0
0.05808,0.134771458,0
0.058685,0.127364727,0
0.05929,0.117971635,0
0.059895,0.112080462,0
0.0605,0.111772221,0
0.061105,0.112759252,0
0.06171,0.1098859,0
0.062315,0.102952355,0
0.06292,0.09563457,0
0.063525,0.090544912,0
0.06413,0.08756697,0
0.064735,0.085903216,0
0.06534,0.084788469,0
0.065945,0.082214338,0
0.06655,0.075964579,0
0.067155,0.067204947,0
0.06776,0.060603767,0
0.068365,0.058739987,0
0.06897,0.058287045,0
0.069575,0.054051274,0
0.07018,0.045319006,0
0.070785,0.03598864,0
0.07139,0.029187605,0
0.071995,0.024090098,0
0.0726,0.018341653,0
0.073205,0.011023291,0
0.07381,0.00178256,0
0.074415,-0.0106811,0
0.07502,-0.027145788,0
0.075625,-0.045993523,0
0.07623,-0.064494934,0
0.076835,-0.081456445,0
0.07744,-0.097529223,0
0.078045,-0.113998895,0
0.07865,-0.132695507,0
0.079255,-0.155718541,0
0.07986,-0.183171421,0
0.080465,-0.211533217,0
0.08107,-0.236022886,0
0.081675,-0.255555887,0
0.08228,-0.274891609,0
0.082885,-0.300715232,0
0.08349,-0.335224932,0
0.084095,-0.374037529,0
0.0847,-0.410404816,0
0.085305,-0.440817571,0
0.08591,-0.466537564,0
0.086515,-0.491141842,0
0.08712,-0.517582409,0
0.087725,-0.546489483,0
0.08833,-0.575483652,0
0.088935,-0.599778959,0
0.08954,-0.615093569,0
0.090145,-0.622030277,0
0.09075,-0.627510915,0
0.091355,-0.639818389,0
0.09196,-0.661056032,0
0.092565,-0.685081736,0
0.09317,-0.703354136,0
0.093775,-0.712256918,0
0.09438,-0.714526082,0
0.094985,-0.714982809,0
0.09559,-0.716291381,0
0.096195,-0.718001468,0
0.0968,-0.717478685,0
0.097405,-0.710896574,0
0.09801,-0.695132743,0
0.098615,-0.671390891,0
0.09922,-0.647105691,0
0.099825,-0.63172113,0
0.10043,-0.628783797,0
0.101035,-0.632606052,0
0.10164,-0.633482748,0
0.102245,-0.625866563,0
0.10285,-0.611128528,0
0.103455,-0.593882189,0
0.10406,-0.577745296,0
0.104665,-0.564147894,0
0.10527,-0.552337834,0
0.105875,-0.538813489,0
0.10648,-0.518434914,0
0.107085,-0.489422436,0
0.10769,-0.458026811,0
0.108295,-0.435715088,0
0.1089,-0.429611736,0
0.109505,-0.435701888,0
0.11011,-0.442101439,0
0.110715,-0.439318661,0
0.11132,-0.427219283,0
0.111925,-0.412607533,0
0.11253,-0.401837231,0
0.113135,-0.396217637,0
0.11374,-0.392405488,0
0.114345,-0.385022615,0
0.11495,-0.369443214,0
0.115555,-0.345325594,0
0.11616,-0.319500931,0
0.116765,-0.303258982,0
0.11737,-0.303662963,0
0.117975,-0.317023673,0
0.11858,-0.331925292,0
0.119185,-0.3391022,0
0.11979,-0.337770232,0
0.120395,-0.332817644,0
0.121,-0.328803042,0
0.121605,-0.327808939,0
0.12221,-0.329703468,0
0.122815,-0.331420386,0
0.12342,-0.327195855,0
0.124025,-0.313082517,0
0.12463,-0.293048875,0
0.125235,-0.278659885,0
0.12584,-0.279947031,0
0.126445,-0.296261159,0
0.12705,-0.31693011,0
0.127655,-0.330838538,0
0.12826,-0.334713156,0
0.128865,-0.332690853,0
0.12947,-0.330465771,0
0.130075,-0.331203302,0
0.13068,-0.334838079,0
0.131285,-0.338373373,0
0.13189,-0.336652923,0
0.132495,-0.325613924,0
0.1331,-0.307497791,0
0.133705,-0.29202746,0
0.13431,-0.289605781,0
0.134915,-0.302266296,0
0.13552,-0.321811384,0
0.136125,-0.337081905,0
0.13673,-0.342813657,0
0.137335,-0.341704591,0
0.13794,-0.339550534,0
0.138545,-0.339924945,0
0.13915,-0.342852143,0
0.139755,-0.346237173,0
0.14036,-0.347008242,0
0.140965,-0.342115561,0
0.14157,-0.331338531,0
0.142175,-0.319849315,0
0.14278,-0.315695985,0
0.143385,-0.322788954,0
0.14399,-0.336819395,0
0.144595,-0.34921207,0
0.1452,-0.354767149,0
0.145805,-0.354697195,0
0.14641,-0.353309502,0
0.147015,-0.353717468,0
0.14762,-0.356696427,0
0.148225,-0.361202666,0
0.14883,-0.363999994,0
0.149435,-0.360079328,0
0.15004,-0.346763996,0
0.150645,-0.328442516,0
0.15125,-0.314999531,0
0.151855,-0.313550504,0
0.15246,-0.32200356,0
0.153065,-0.331434967,0
0.15367,-0.334115385,0
0.154275,-0.328576356,0
0.15488,-0.318124101,0
0.155485,-0.306531216,0
0.15609,-0.295536553,0
0.156695,-0.284862149,0
0.1573,-0.272919252,0
0.157905,-0.257274344,0
0.15851,-0.235863341,0
0.159115,-0.209365589,0
0.15972,-0.182134155,0
0.160325,-0.159037429,0
0.16093,-0.14072683,0
0.161535,-0.122959561,0
0.16214,-0.100917134,0
0.162745,-0.073314836,0
0.16335,-0.042162015,0
0.163955,-0.009841409,0
0.16456,0.022647138,0
0.165165,0.055339408,0
0.16577,0.088624726,0
0.166375,0.123328521,0
0.16698,0.160580479,0
0.167585,0.200422077,0
0.16819,0.24041691,0
0.168795,0.276670605,0
0.1694,0.307025239,0
0.170005,0.33292501,0
0.17061,0.357690747,0
0.171215,0.383362204,0
0.17182,0.409544164,0
0.172425,0.434655854,0
0.17303,0.457493597,0
0.173635,0.477612397,0
0.17424,0.494890913,0
0.174845,0.509400578,0
0.17545,0.521703334,0
0.176055,0.532621745,0
0.17666,0.5422353,0
0.177265,0.549393052,0
0.17787,0.552799678,0
0.178475,0.552577201,0
0.17908,0.550288639,0
0.179685,0.547402054,0
0.18029,0.54412189,0
0.180895,0.539752931,0
0.1815,0.533842243,0
0.182105,0.52670491,0
0.18271,0.51895256,0
0.183315,0.510905733,0
0.18392,0.502595786,0
0.184525,0.493973145,0
0.18513,0.484866324,0
0.185735,0.474973604,0
0.18634,0.464144193,0
0.186945,0.452590715,0
0.18755,0.440829113,0
0.188155,0.429747097,0
0.18876,0.42055642,0
0.189365,0.413686747,0
0.18997,0.407656684,0
0.190575,0.400413407,0
0.19118,0.392143057,0
0.191785,0.385453098,0
0.19239,0.382329883,0
0.192995,0.381699619,0
0.1936,0.380152809,0
0.194205,0.374901452,0
0.19481,0.366474374,0
0.195415,0.358588913,0
0.19602,0.354811652,0
0.196625,0.355322294,0
0.19723,0.357270783,0
0.197835,0.358017212,0
0.19844,0.357498018,0
0.199045,0.357440312,0
0.19965,0.359029097,0
0.200255,0.362049804,0
0.20086,0.365704329,0
0.201465,0.369263623,0
0.20207,0.372180312,0
0.202675,0.373959051,0
0.20328,0.373848435,0
0.203885,0.371663398,0
0.20449,0.36947684,0
0.205095,0.370422418,0
0.2057,0.374549611,0
0.206305,0.378210753,0
0.20691,0.379020978,0
0.207515,0.378952526,0
0.20812,0.380959729,0
0.208725,0.384937827,0
0.20933,0.388750379,0
0.209935,0.391333804,0
0.21054,0.392870738,0
0.211145,0.392973859,0
0.21175,0.390694357,0
0.212355,0.386322226,0
0.21296,0.381801378,0
0.213565,0.379034849,0
0.21417,0.37831752,0
0.214775,0.378336118,0
0.21538,0.377586,0
0.215985,0.376068308,0
0.21659,0.375221938,0
0.217195,0.375802963,0
0.2178,0.376580826,0
0.218405,0.375702731,0
0.21901,0.372643731,0
0.219615,0.368100075,0
0.22022,0.362481731,0
0.220825,0.355608946,0
0.22143,0.348014603,0
0.222035,0.341429653,0
0.22264,0.337200702,0
0.223245,0.334793695,0
0.22385,0.332630082,0
0.224455,0.329979627,0
0.22506,0.327206068,0
0.225665,0.324650515,0
0.22627,0.322359559,0
0.226875,0.320520032,0
0.22748,0.319034596,0
0.228085,0.316796737,0
0.22869,0.312272995,0
0.229295,0.305085685,0
0.2299,0.296772088,0
0.230505,0.289831251,0
0.23111,0.285963821,0
0.231715,0.284836868,0
0.23232,0.284279081,0
0.232925,0.282241577,0
0.23353,0.278928703,0
0.234135,0.276372859,0
0.23474,0.27572808,0
0.235345,0.275780057,0
0.23595,0.274401392,0
0.236555,0.270739874,0
0.23716,0.265425619,0
0.237765,0.259197734,0
0.23837,0.252392415,0
0.238975,0.245806502,0
0.23958,0.240905524,0
0.240185,0.238387749,0
0.24079,0.236834105,0
0.241395,0.23343242,0
0.242,0.22683704,0
0.242605,0.220125284,0
0.24321,0.219383404,0
0.243815,0.225222881,0
0.24442,0.226828106,0
0.245025,0.213241161,0
0.24563,0.191468434,0
0.246235,0.181087595,0
0.24684,0.187750107,0
0.247445,0.195107502,0
0.24805,0.187676126,0
0.248655,0.170228507,0
0.24926,0.158156905,0
0.249865,0.156619307,0
0.25047,0.157443079,0
0.251075,0.153491504,0
0.25168,0.147557663,0
0.252285,0.145054807,0
0.25289,0.144001771,0
0.253495,0.138162907,0
0.2541,0.12807881,0
0.254705,0.121712146,0
0.25531,0.122721214,0
0.255915,0.12411721,0
0.25652,0.11691522,0
0.257125,0.101758829,0
0.25773,0.088229415,0
0.258335,0.083948845,0
0.25894,0.087573948,0
0.259545,0.091548909,0
0.26015,0.089158566,0
0.260755,0.079879862,0
0.26136,0.069535147,0
0.261965,0.064537085,0
0.26257,0.065094572,0
0.263175,0.064866815,0
0.26378,0.058538324,0
0.264385,0.048365289,0
0.26499,0.040809263,0
0.265595,0.03826375,0
0.2662,0.037275753,0
0.266805,0.034092066,0
0.26741,0.028938392,0
0.268015,0.024159146,0
0.26862,0.020341458,0
0.269225,0.016274147,0
0.26983,0.011827062,0
0.270435,0.008734412,0
0.27104,0.007941631,0
0.271645,0.007355548,0
0.27225,0.003833392,0
0.272855,-0.00295076,0
0.27346,-0.010507362,0
0.274065,-0.017100345,0
0.27467,-0.023395433,0
0.275275,-0.03054371,0
0.27588,-0.038271603,0
0.276485,-0.045699313,0
0.27709,-0.053163293,0
0.277695,-0.062047286,0
0.2783,-0.072867442,0
0.278905,-0.084187642,0
0.27951,-0.09404949,0
0.280115,-0.102879926,0
0.28072,-0.114305662,0
0.281325,-0.132135946,0
0.28193,-0.15667624,0
0.282535,-0.184354614,0
0.28314,-0.21077832,0
0.283745,-0.23403072,0
0.28435,-0.255392034,0
0.284955,-0.277715397,0
0.28556,-0.303384304,0
0.286165,-0.332762788,0
0.28677,-0.363304836,0
0.287375,-0.390439229,0
0.28798,-0.411388627,0
0.288585,-0.429367888,0
0.28919,-0.452330015,0
0.289795,-0.485519219,0
0.2904,-0.525890531,0
0.291005,-0.565230175,0
0.29161,-0.597984453,0
0.292215,-0.624596211,0
0.29282,-0.648215381,0
0.293425,-0.670672993,0
0.29403,-0.691869336,0
0.294635,-0.710843983,0
0.29524,-0.726002988,0
0.295845,-0.735069818,0
0.29645,-0.736723433,0
0.297055,-0.733371139,0
0.29766,-0.731329833,0
0.298265,-0.736439792,0
0.29887,-0.748721617,0
0.299475,-0.761775433,0
0.30008,-0.767934928,0
0.300685,-0.764055006,0
0.30129,-0.752861295,0
0.301895,-0.740021483,0
0.3025,-0.729999911,0
0.303105,-0.72295689,0
0.30371,-0.714131747,0
0.304315,-0.696855695,0
0.30492,-0.668531865,0
0.305525,-0.635010191,0
0.30613,-0.607659197,0
0.306735,-0.59413649,0
0.30734,-0.591771758,0
0.307945,-0.590551736,0
0.30855,-0.582393543,0
0.309155,-0.566882436,0
0.30976,-0.548671765,0
0.310365,-0.531598888,0
0.31097,-0.516476876,0
0.311575,-0.502694253,0
0.31218,-0.488886958,0
0.312785,-0.471569024,0
0.31339,-0.446650906,0
0.313995,-0.415540593,0
0.3146,-0.387948176,0
0.315205,-0.374858924,0
0.31581,-0.378037002,0
0.316415,-0.387777105,0
0.31702,-0.391375312,0
0.317625,-0.383505076,0
0.31823,-0.368876957,0
0.318835,-0.356358926,0
0.31944,-0.351190649,0
0.320045,-0.351546586,0
0.32065,-0.350769268,0
0.321255,-0.342408452,0
0.32186,-0.324688782,0
0.322465,-0.302575718,0
0.32307,-0.285826013,0
0.323675,-0.282759028,0
0.32428,-0.293937,0
0.324885,-0.31164866,0
0.32549,-0.326151164,0
0.326095,-0.332748512,0
0.3267,-0.333149275,0
0.327305,-0.331659549,0
0.32791,-0.331629403,0
0.328515,-0.334252119,0
0.32912,-0.338168872,0
0.329725,-0.339492758,0
0.33033,-0.333828787,0
0.330935,-0.320751109,0
0.33154,-0.306818974,0
0.332145,-0.301925343,0
0.33275,-0.310835958,0
0.333355,-0.328601455,0
0.33396,-0.344933663,0
0.334565,-0.352947617,0
0.33517,-0.353415282,0
0.335775,-0.351581224,0
0.33638,-0.351760342,0
0.336985,-0.355074888,0
0.33759,-0.360088004,0
0.338195,-0.36362495,0
0.3388,-0.361620121,0
0.339405,-0.352000477,0
0.34001,-0.338392248,0
0.340615,-0.329367951,0
0.34122,-0.331791527,0
0.341825,-0.344639449,0
0.34243,-0.360017242,0
0.343035,-0.370184029,0
0.34364,-0.37311428,0
0.344245,-0.371949818,0
0.34485,-0.370971797,0
0.345455,-0.372536832,0
0.34606,-0.376103409,0
0.346665,-0.378565588,0
0.34727,-0.375660313,0
0.347875,-0.364885043,0
0.34848,-0.348799209,0
0.349085,-0.334854945,0
0.34969,-0.329939258,0
0.350295,-0.334282145,0
0.3509,-0.341284831,0
0.351505,-0.343620212,0
0.35211,-0.338994879,0
0.352715,-0.330014588,0
0.35332,-0.320050613,0
0.353925,-0.310450139,0
0.35453,-0.300669077,0
0.355135,-0.289189879,0
0.35574,-0.273894433,0
0.356345,-0.252931985,0
0.35695,-0.226762828,0
0.357555,-0.199302858,0
0.35816,-0.175704288,0
0.358765,-0.15799037,0
0.35937,-0.14298748,0
0.359975,-0.125105551,0
0.36058,-0.101118333,0
0.361185,-0.071992105,0
0.36179,-0.04067019,0
0.362395,-0.009101219,0
0.363,0.022426079,0
0.363605,0.054162398,0
0.36421,0.086416864,0
0.364815,0.119973107,0
0.36542,0.155586572,0
0.366025,0.192473306,0
0.36663,0.22796979,0
0.367235,0.259512354,0
0.36784,0.287021321,0
0.368445,0.31281065,0
0.36905,0.339095287,0
0.369655,0.366025707,0
0.37026,0.39201906,0
0.370865,0.415397991,0
0.37147,0.435511784,0
0.372075,0.452674185,0
0.37268,0.467659628,0
0.373285,0.481371455,0
0.37389,0.494344416,0
0.374495,0.50605684,0
0.3751,0.514962659,0
0.375705,0.519751374,0
0.37631,0.520726336,0
0.376915,0.519623676,0
0.37752,0.518001164,0
0.378125,0.51602571,0
0.37873,0.512742241,0
0.379335,0.507331311,0
0.37994,0.500143705,0
0.380545,0.492523264,0
0.38115,0.48561957,0
0.381755,0.479437922,0
0.38236,0.473024711,0
0.382965,0.465431053,0
0.38357,0.456351284,0
0.384175,0.446055941,0
0.38478,0.435233343,0
0.385385,0.424919893,0
0.38599,0.41605426,0
0.386595,0.408783584,0
0.3872,0.402331083,0
0.387805,0.395786121,0
0.38841,0.389031517,0
0.389015,0.382752806,0
0.38962,0.377721453,0
0.390225,0.374302868,0
0.39083,0.372260583,0
0.391435,0.370536058,0
0.39204,0.367584932,0
0.392645,0.36267182,0
0.39325,0.356894275,0
0.393855,0.352526724,0
0.39446,0.351126295,0
0.395065,0.352126199,0
0.39567,0.353384988,0
0.396275,0.353592459,0
0.39688,0.353864902,0
0.397485,0.356002947,0
0.39809,0.359689825,0
0.398695,0.36305361,0
0.3993,0.365554637,0
0.399905,0.368177835,0
0.40051,0.370753611,0
0.401115,0.37134562,0
0.40172,0.369218462,0
0.402325,0.366760883,0
0.40293,0.366961554,0
0.403535,0.369984322,0
0.40414,0.373758308,0
0.404745,0.376998692,0
0.40535,0.379979981,0
0.405955,0.382915951,0
0.40656,0.385225458,0
0.407165,0.386777336,0
0.40777,0.388698739,0
0.408375,0.391675295,0
0.40898,0.393998889,0
0.409585,0.392959756,0
0.41019,0.38824639,0
0.410795,0.382697685,0
0.4114,0.379423999,0
0.412005,0.379066464,0
0.41261,0.38008497,0
0.413215,0.380684832,0
0.41382,0.379996456,0
0.414425,0.378328615,0
0.41503,0.376873824,0
0.415635,0.376658429,0
0.41624,0.377253096,0
0.416845,0.376613354,0
0.41745,0.372745023,0
0.418055,0.365702913,0
0.41866,0.357568597,0
0.419265,0.350495846,0
0.41987,0.345075418,0
0.420475,0.340542364,0
0.42108,0.336329389,0
0.421685,0.332890334,0
0.42229,0.330733871,0
0.422895,0.329321416,0
0.4235,0.327513532,0
0.424105,0.325003348,0
0.42471,0.322865467,0
0.425315,0.322015605,0
0.42592,0.321183544,0
0.426525,0.317552004,0
0.42713,0.309991633,0
0.427735,0.300948243,0
0.42834,0.294323431,0
0.428945,0.291750057,0
0.42955,0.291640714,0
0.430155,0.291446325,0
0.43076,0.289878579,0
0.431365,0.287193362,0
0.43197,0.284357694,0
0.432575,0.282355199,0
0.43318,0.28167601,0
0.433785,0.28164414,0
0.43439,0.280492877,0
0.434995,0.276791411,0
0.4356,0.270608957,0
0.436205,0.263130133,0
0.43681,0.255683188,0
0.437415,0.249361026,0
0.43802,0.245044888,0
0.438625,0.243016702,0
0.43923,0.242364849,0
0.439835,0.241291938,0
0.44044,0.238231955,0
0.441045,0.232833935,0
0.44165,0.226926395,0
0.442255,0.22458187,0
0.44286,0.227885886,0
0.443465,0.230537121,0
0.44407,0.221478359,0
0.444675,0.200488506,0
0.44528,0.183161174,0
0.445885,0.182430076,0
0.44649,0.191739119,0
0.447095,0.194404653,0
0.4477,0.184418247,0
0.448305,0.170676002,0
0.44891,0.162967776,0
0.449515,0.160912444,0
0.45012,0.158646193,0
0.450725,0.154744193,0
0.45133,0.151988503,0
0.451935,0.149437365,0
0.45254,0.141780806,0
0.453145,0.128711437,0
0.45375,0.118397113,0
0.454355,0.116961448,0
0.45496,0.119362251,0
0.455565,0.115741081,0
0.45617,0.104119476,0
0.456775,0.092193181,0
0.45738,0.087236991,0
0.457985,0.088531126,0
0.45859,0.090232448,0
0.459195,0.087982868,0
0.4598,0.081850917,0
0.460405,0.074906924,0
0.46101,0.069642353,0
0.461615,0.065691558,0
0.46222,0.061043881,0
0.462825,0.05509011,0
0.46343,0.049640938,0
0.464035,0.046100561,0
0.46464,0.042932388,0
0.465245,0.038061331,0
0.46585,0.032501552,0
0.466455,0.029029024,0
0.46706,0.027859175,0
0.467665,0.025993505,0
0.46827,0.02137716,0
0.468875,0.015784417,0
0.46948,0.012143396,0
0.470085,0.010337559,0
0.47069,0.007524405,0
0.471295,0.002214033,0
0.4719,-0.003923967,0
0.472505,-0.008926387,0
0.47311,-0.01327028,0
0.473715,-0.018460079,0
0.47432,-0.024537001,0
0.474925,-0.030516734,0
0.47553,-0.036355263,0
0.476135,-0.042903085,0
0.47674,-0.050020779,0
0.477345,-0.056452186,0
0.47795,-0.062288109,0
0.478555,-0.070185148,0
0.47916,-0.083013433,0
0.479765,-0.10074338,0
0.48037,-0.120423547,0
0.480975,-0.13912423,0
0.48158,-0.15630363,0
0.482185,-0.173545727,0
0.48279,-0.192876267,0
0.483395,-0.215337317,0
0.484,-0.240389159,0
0.484605,-0.2661336,0
0.48521,-0.290401022,0
0.485815,-0.312570163,0
0.48642,-0.334801592,0
0.487025,-0.361010996,0
0.48763,-0.393802182,0
0.488235,-0.431861891,0
0.48884,-0.470625239,0
0.489445,-0.505866838,0
0.49005,-0.53634538,0
0.490655,-0.563263326,0
0.49126,-0.588484947,0
0.491865,-0.613697858,0
0.49247,-0.63989653,0
0.493075,-0.665861775,0
0.49368,-0.687297192,0
0.494285,-0.699895946,0
0.49489,-0.704815404,0
0.495495,-0.709748271,0
0.4961,-0.722447251,0
0.496705,-0.742947214,0
0.49731,-0.763323612,0
0.497915,-0.775325051,0
0.49852,-0.77729981,0
0.499125,-0.773770601,0
0.49973,-0.76995799,0
0.500335,-0.767760344,0
0.50094,-0.765804404,0
0.501545,-0.760991857,0
0.50215,-0.74939041,0
0.502755,-0.728160991,0
0.50336,-0.699426502,0
0.503965,-0.67164651,0
0.50457,-0.654160262,0
0.505175,-0.648967562,0
0.50578,-0.648875308,0
0.506385,-0.644269982,0
0.50699,-0.630887603,0
0.507595,-0.611149955,0
0.5082,-0.590047687,0
0.508805,-0.571154048,0
0.50941,-0.555253713,0
0.510015,-0.540241998,0
0.51062,-0.521622792,0
0.511225,-0.495230584,0
0.51183,-0.462177873,0
0.512435,-0.431077556,0
0.51304,-0.412656892,0
0.513645,-0.410329409,0
0.51425,-0.41664907,0
0.514855,-0.419908684,0
0.51546,-0.413796917,0
0.516065,-0.400423183,0
0.51667,-0.385842644,0
0.517275,-0.374741952,0
0.51788,-0.368379863,0
0.518485,-0.364432844,0
0.51909,-0.357638543,0
0.519695,-0.34290307,0
0.5203,-0.320714251,0
0.520905,-0.299446061,0
0.52151,-0.289816805,0
0.522115,-0.295726223,0
0.52272,-0.311008293,0
0.523325,-0.325224419,0
0.52393,-0.331990963,0
0.524535,-0.33195591,0
0.52514,-0.329513899,0
0.525745,-0.328464267,0
0.52635,-0.33036873,0
0.526955,-0.33437269,0
0.52756,-0.336718747,0
0.528165,-0.331976648,0
0.52877,-0.318135383,0
0.529375,-0.301330813,0
0.52998,-0.292990689,0
0.530585,-0.300155484,0
0.53119,-0.318876115,0
0.531795,-0.337959958,0
0.5324,-0.348905009,0
0.533005,-0.351502117,0
0.53361,-0.350816597,0
0.534215,-0.351259821,0
0.53482,-0.35408059,0
0.535425,-0.358120625,0
0.53603,-0.360832012,0
0.536635,-0.359019268,0
0.53724,-0.350994777,0
0.537845,-0.339627717,0
0.53845,-0.332070314,0
0.539055,-0.334384395,0
0.53966,-0.346041711,0
0.540265,-0.360273071,0
0.54087,-0.369910467,0
0.541475,-0.372621489,0
0.54208,-0.370910634,0
0.542685,-0.368713896,0
0.54329,-0.368831297,0
0.543895,-0.371966328,0
0.5445,-0.376072415,0
0.545105,-0.376563985,0
0.54571,-0.369188629,0
0.546315,-0.35459739,0
0.54692,-0.339718746,0
0.547525,-0.332855322,0
0.54813,-0.336653296,0
0.548735,-0.346140654,0
0.54934,-0.353508269,0
0.549945,-0.35420692,0
0.55055,-0.348708549,0
0.551155,-0.340108396,0
0.55176,-0.331320247,0
0.552365,-0.323767491,0
0.55297,-0.316966971,0
0.553575,-0.308457267,0
0.55418,-0.2948363,0
0.554785,-0.274621208,0
0.55539,-0.250942364,0
0.555995,-0.230136114,0
0.5566,-0.216028939,0
0.557205,-0.205927503,0
0.55781,-0.193407838,0
0.558415,-0.174557225,0
0.55902,-0.150345086,0
0.559625,-0.123691684,0
0.56023,-0.0961855,0
0.560835,-0.068007779,0
0.56144,-0.039273661,0
0.562045,-0.009795211,0
0.56265,0.021977483,0
0.563255,0.057965057,0
0.56386,0.097499191,0
0.564465,0.136199754,0
0.56507,0.16932039,0
0.565675,0.19641512,0
0.56628,0.22159782,0
0.566885,0.249085593,0
0.56749,0.279478385,0
0.568095,0.310349351,0
0.5687,0.339235313,0
0.569305,0.365357245,0
0.56991,0.389094586,0
0.570515,0.410950408,0
0.57112,0.431269069,0
0.571725,0.450252854,0
0.57233,0.467649792,0
0.572935,0.48245746,0
0.57354,0.493536998,0
0.574145,0.500906777,0
0.57475,0.505978543,0
0.575355,0.510171764,0
0.57596,0.513693502,0
0.576565,0.515849841,0
0.57717,0.516088284,0
0.577775,0.514448399,0
0.57838,0.511277325,0
0.578985,0.506879421,0
0.57959,0.501491312,0
0.580195,0.49541874,0
0.5808,0.488921034,0
0.581405,0.4817985,0
0.58201,0.473440549,0
0.582615,0.463736181,0
0.58322,0.453671129,0
0.583825,0.444467805,0
0.58443,0.436286944,0
0.585035,0.428339464,0
0.58564,0.420199133,0
0.586245,0.412354472,0
0.58685,0.405371886,0
0.587455,0.399169327,0
0.58806,0.393357422,0
0.588665,0.387736478,0
0.58927,0.382193984,0
0.589875,0.376583157,0
0.59048,0.370899016,0
0.591085,0.365236222,0
0.59169,0.359736205,0
0.592295,0.355069217,0
0.5929,0.352447497,0
0.593505,0.35223268,0
0.59411,0.353011762,0
0.594715,0.353186031,0
0.59532,0.353125666,0
0.595925,0.354554243,0
0.59653,0.357964251,0
0.597135,0.361845196,0
0.59774,0.364576264,0
0.598345,0.36587041,0
0.59895,0.365911198,0
0.599555,0.364541622,0
0.60016,0.362509545,0
0.600765,0.362114389,0
0.60137,0.364861336,0
0.601975,0.369395287,0
0.60258,0.373196373,0
0.603185,0.375534942,0
0.60379,0.37765479,0
0.604395,0.380621893,0
0.605,0.384060715,0
0.605605,0.387070262,0
0.60621,0.389399896,0
0.606815,0.390957075,0
0.60742,0.390855799,0
0.608025,0.388225277,0
0.60863,0.383896432,0
0.609235,0.380136957,0
0.60984,0.378463066,0
0.610445,0.378613921,0
0.61105,0.379771456,0
0.611655,0.381515276,0
0.61226,0.383123851,0
0.612865,0.383380165,0
0.61347,0.382152095,0
0.614075,0.381086539,0
0.61468,0.381434595,0
0.615285,0.381821433,0
0.61589,0.379335436,0
0.616495,0.372715054,0
0.6171,0.363944255,0
0.617705,0.356674937,0
0.61831,0.353013784,0
0.618915,0.351765649,0
0.61952,0.350039911,0
0.620125,0.346490224,0
0.62073,0.342382954,0
0.621335,0.339508612,0
0.62194,0.338030399,0
0.622545,0.336811527,0
0.62315,0.334917586,0
0.623755,0.3319536,0
0.62436,0.32747031,0
0.624965,0.321100797,0
0.62557,0.313424509,0
0.626175,0.306076359,0
0.62678,0.300675336,0
0.627385,0.297723479,0
0.62799,0.296500988,0
0.628595,0.295824114,0
0.6292,0.294831811,0
0.629805,0.293274142,0
0.63041,0.29145525,0
0.631015,0.289945457,0
0.63162,0.288924025,0
0.632225,0.287650873,0
0.63283,0.284876612,0
0.633435,0.279880455,0
0.63404,0.273165299,0
0.634645,0.266428783,0
0.63525,0.261567405,0
0.635855,0.25896647,0
0.63646,0.257026914,0
0.637065,0.254099998,0
0.63767,0.250423643,0
0.638275,0.247382029,0
0.63888,0.24536235,0
0.639485,0.24336654,0
0.64009,0.240693035,0
0.640695,0.237795181,0
0.6413,0.234743632,0
0.641905,0.229786423,0
0.64251,0.220909434,0
0.643115,0.209420932,0
0.64372,0.201111635,0
0.644325,0.200726866,0
0.64493,0.203639874,0
0.645535,0.198522109,0
0.64614,0.183108317,0
0.646745,0.17020044,0
0.64735,0.170865756,0
0.647955,0.178981917,0
0.64856,0.180302665,0
0.649165,0.17098236,0
0.64977,0.159445998,0
0.650375,0.152770774,0
0.65098,0.14861719,0
0.651585,0.141966984,0
0.65219,0.133935008,0
0.652795,0.129053628,0
0.6534,0.126572574,0
0.654005,0.120897691,0
0.65461,0.111404441,0
0.655215,0.105268539,0
0.65582,0.107061147,0
0.656425,0.11071445,0
0.65703,0.10662621,0
0.657635,0.094065328,0
0.65824,0.081805945,0
0.658845,0.077025035,0
0.65945,0.077921199,0
0.660055,0.077861834,0
0.66066,0.072962421,0
0.661265,0.06442515,0
0.66187,0.055936084,0
0.662475,0.050211266,0
0.66308,0.047424225,0
0.663685,0.045786032,0
0.66429,0.043223327,0
0.664895,0.039021827,0
0.6655,0.03417216,0
0.666105,0.03023518,0
0.66671,0.02802911,0
0.667315,0.027057259,0
0.66792,0.025783952,0
0.668525,0.022550359,0
0.66913,0.016685379,0
0.669735,0.009245605,0
0.67034,0.002546375,0
0.670945,-0.00164219,0
0.67155,-0.003676746,0
0.672155,-0.005708803,0
0.67276,-0.009625438,0
0.673365,-0.015419661,0
0.67397,-0.021727177,0
0.674575,-0.027466969,0
0.67518,-0.03255905,0
0.675785,-0.037691964,0
0.67639,-0.044097651,0
0.676995,-0.053186746,0
0.6776,-0.065578478,0
0.678205,-0.080422383,0
0.67881,-0.096087634,0
0.679415,-0.111383661,0
0.68002,-0.12607678,0
0.680625,-0.140927795,0
0.68123,-0.157476764,0
0.681835,-0.177113273,0
0.68244,-0.199633652,0
0.683045,-0.222584299,0
0.68365,-0.242850955,0
0.684255,-0.260067877,0
0.68486,-0.2784791,0
0.685465,-0.304077505,0
0.68607,-0.338870882,0
0.686675,-0.378518896,0
0.68728,-0.416340561,0
0.687885,-0.449014553,0
0.68849,-0.477970109,0
0.689095,-0.50644962,0
0.6897,-0.536301611,0
0.690305,-0.567006659,0
0.69091,-0.596338972,0
0.691515,-0.621383892,0
0.69212,-0.640083128,0
0.692725,-0.653465633,0
0.69333,-0.666400534,0
0.693935,-0.684505435,0
0.69454,-0.70909471,0
0.695145,-0.735522501,0
0.69575,-0.757022494,0
0.696355,-0.769812077,0
0.69696,-0.774622773,0
0.697565,-0.774863155,0
0.69817,-0.774349836,0
0.698775,-0.775504708,0
0.69938,-0.777346075,0
0.699985,-0.774689714,0
0.70059,-0.761556909,0
0.701195,-0.737772695,0
0.7018,-0.711862349,0
0.702405,-0.695126226,0
0.70301,-0.691638185,0
0.703615,-0.694675059,0
0.70422,-0.693361477,0
0.704825,-0.682091971,0
0.70543,-0.663289624,0
0.706035,-0.642717812,0
0.70664,-0.624172834,0
0.707245,-0.608236073,0
0.70785,-0.593202812,0
0.708455,-0.575375558,0
0.70906,-0.550305184,0
0.709665,-0.517253118,0
0.71027,-0.483135864,0
0.710875,-0.459146538,0
0.71148,-0.45107136,0
0.712085,-0.453554875,0
0.71269,-0.455089823,0
0.713295,-0.448101491,0
0.7139,-0.433456324,0
0.714505,-0.416714063,0
0.71511,-0.402531271,0
0.715715,-0.392476013,0
0.71632,-0.38525415,0
0.716925,-0.376956779,0
0.71753,-0.36219224,0
0.718135,-0.338416794,0
0.71874,-0.3112096,0
0.719345,-0.292998014,0
0.71995,-0.292972588,0
0.720555,-0.307894517,0
0.72116,-0.324650905,0
0.721765,-0.332265511,0
0.72237,-0.330220527,0
0.722975,-0.325320295,0
0.72358,-0.32334241,0
0.724185,-0.32525387,0
0.72479,-0.328856383,0
0.725395,-0.330842238,0
0.726,-0.327517007,0
0.726605,-0.316720912,0
0.72721,-0.301461529,0
0.727815,-0.290449104,0
0.72842,-0.292052184,0
0.729025,-0.306697656,0
0.72963,-0.326096338,0
0.730235,-0.340367574,0
0.73084,-0.345541033,0
0.731445,-0.344570629,0
0.73205,-0.343012672,0
0.732655,-0.344735288,0
0.73326,-0.350033003,0
0.733865,-0.355487403,0
0.73447,-0.355479474,0
0.735075,-0.346175238,0
0.73568,-0.330385517,0
0.736285,-0.317904845,0
0.73689,-0.318484553,0
0.737495,-0.333242397,0
0.7381,-0.353441965,0
0.738705,-0.368165291,0
0.73931,-0.372958153,0
0.739915,-0.371120841,0
0.74052,-0.368418809,0
0.741125,-0.368257354,0
0.74173,-0.370814865,0
0.742335,-0.374188199,0
0.74294,-0.375271586,0
0.743545,-0.370886826,0
0.74415,-0.360526987,0
0.744755,-0.348657883,0
0.74536,-0.342482268,0
0.745965,-0.345830729,0
0.74657,-0.355385443,0
0.747175,-0.363582001,0
0.74778,-0.365159842,0
0.748385,-0.360544998,0
0.74899,-0.35369054,0
0.749595,-0.348042303,0
0.7502,-0.344466372,0
0.750805,-0.341460473,0
0.75141,-0.336047166,0
0.752015,-0.324894443,0
0.75262,-0.306722116,0
0.753225,-0.284963275,0
0.75383,-0.266672466,0
0.754435,-0.256686548,0
0.75504,-0.25277117,0
0.755645,-0.24770298,0
0.75625,-0.236002003,0
0.756855,-0.217614777,0
0.75746,-0.1957268,0
0.758065,-0.172885276,0
0.75867,-0.149618311,0
0.759275,-0.125433969,0
0.75988,-0.099713262,0
0.760485,-0.071458137,0
0.76109,-0.039435612,0
0.761695,-0.003782638,0
0.7623,0.032774437,0
0.762905,0.06647748,0
0.76351,0.09591452,0
0.764115,0.123300175,0
0.76472,0.15199434,0
0.765325,0.18335412,0
0.76593,0.216236488,0
0.766535,0.248701056,0
0.76714,0.279558555,0
0.767745,0.308592937,0
0.76835,0.336068488,0
0.768955,0.36249945,0
0.76956,0.388530975,0
0.770165,0.414203023,0
0.77077,0.438001825,0
0.771375,0.457323338,0
0.77198,0.470784372,0
0.772585,0.479931226,0
0.77319,0.487953153,0
0.773795,0.496746563,0
0.7744,0.505586064,0
0.775005,0.512464904,0
0.77561,0.516259409,0
0.776215,0.517399918,0
0.77682,0.516880739,0
0.777425,0.515239202,0
0.77803,0.512413384,0
0.778635,0.508120324,0
0.77924,0.502256865,0
0.779845,0.495061567,0
0.78045,0.486979705,0
0.781055,0.478392133,0
0.78166,0.469498447,0
0.782265,0.460488236,0
0.78287,0.451704447,0
0.783475,0.443520052,0
0.78408,0.436096193,0
0.784685,0.429255327,0
0.78529,0.422551949,0
0.785895,0.415579094,0
0.7865,0.408339906,0
0.787105,0.401265232,0
0.78771,0.394704506,0
0.788315,0.388451935,0
0.78892,0.382018036,0
0.789525,0.375380108,0
0.79013,0.369248684,0
0.790735,0.364525404,0
0.79134,0.361589704,0
0.791945,0.360100927,0
0.79255,0.359393743,0
0.793155,0.359105687,0
0.79376,0.359371502,0
0.794365,0.360192142,0
0.79497,0.36101173,0
0.795575,0.361528818,0
0.79618,0.362177154,0
0.796785,0.36280213,0
0.79739,0.362001453,0
0.797995,0.359344607,0
0.7986,0.357172051,0
0.799205,0.358260652,0
0.79981,0.362263426,0
0.800415,0.366273273,0
0.80102,0.3687242,0
0.801625,0.370897011,0
0.80223,0.374279555,0
0.802835,0.378396248,0
0.80344,0.382138045,0
0.804045,0.385469468,0
0.80465,0.388504821,0
0.805255,0.390004872,0
0.80586,0.388282792,0
0.806465,0.383781714,0
0.80707,0.379815837,0
0.807675,0.379662779,0
0.80828,0.383078685,0
0.808885,0.386731438,0
0.80949,0.3879645,0
0.810095,0.3870687,0
0.8107,0.385960866,0
0.811305,0.385963597,0
0.81191,0.387199405,0
0.812515,0.388791712,0
0.81312,0.388914781,0
0.813725,0.385764946,0
0.81433,0.379446798,0
0.814935,0.372330934,0
0.81554,0.366768083,0
0.816145,0.36284267,0
0.81675,0.359219644,0
0.817355,0.355689745,0
0.81796,0.353443654,0
0.818565,0.35281829,0
0.81917,0.352150877,0
0.819775,0.349604712,0
0.82038,0.345561699,0
0.820985,0.342173299,0
0.82159,0.340382793,0
0.822195,0.338318855,0
0.8228,0.333202173,0
0.823405,0.324589691,0
0.82401,0.315397657,0
0.824615,0.309387411,0
0.82522,0.30756389,0
0.825825,0.307452067,0
0.82643,0.306013177,0
0.827035,0.302730222,0
0.82764,0.299457924,0
0.828245,0.297827219,0
0.82885,0.297719232,0
0.829455,0.297945049,0
0.83006,0.297207896,0
0.830665,0.294334744,0
0.83127,0.288651319,0
0.831875,0.280838182,0
0.83248,0.273075875,0
0.833085,0.267518138,0
0.83369,0.264553777,0
0.834295,0.263039053,0
0.8349,0.261757036,0
0.835505,0.259969261,0
0.83611,0.257258651,0
0.836715,0.253865233,0
0.83732,0.250938106,0
0.837925,0.249524338,0
0.83853,0.248972814,0
0.839135,0.24692673,0
0.83974,0.24159026,0
0.840345,0.233833098,0
0.84095,0.226356909,0
0.841555,0.220686692,0
0.84216,0.215610997,0
0.842765,0.209316208,0
0.84337,0.203237147,0
0.843975,0.201811084,0
0.84458,0.205182881,0
0.845185,0.204502957,0
0.84579,0.192135422,0
0.846395,0.175479427,0
0.847,0.169937856,0
0.847605,0.177495726,0
0.84821,0.18324508,0
0.848815,0.175102161,0
0.84942,0.157861083,0
0.850025,0.144409611,0
0.85063,0.139440614,0
0.851235,0.137294884,0
0.85184,0.133065781,0
0.852445,0.12875144,0
0.85305,0.126743398,0
0.853655,0.123510371,0
0.85426,0.115292033,0
0.854865,0.106523676,0
0.85547,0.105303673,0
0.856075,0.110973559,0
0.85668,0.112856609,0
0.857285,0.103189207,0
0.85789,0.086744677,0
0.858495,0.07469346,0
0.8591,0.071956635,0
0.859705,0.074082674,0
0.86031,0.07434571,0
0.860915,0.070111634,0
0.86152,0.063009953,0
0.862125,0.055830738,0
0.86273,0.050237234,0
0.863335,0.046561712,0
0.86394,0.044489424,0
0.864545,0.043224407,0
0.86515,0.041168983,0
0.865755,0.036607897,0
0.86636,0.029745569,0
0.866965,0.023221415,0
0.86757,0.019416788,0
0.868175,0.017759638,0
0.86878,0.015452795,0
0.869385,0.010716247,0
0.86999,0.004725557,0
0.870595,-0.000131301,0
0.8712,-0.003346354,0
0.871805,-0.006499453,0
0.87241,-0.010482507,0
0.873015,-0.014016247,0
0.87362,-0.016022217,0
0.874225,-0.018452479,0
0.87483,-0.024874364,0
0.875435,-0.036358754,0
0.87604,-0.050245097,0
0.876645,-0.0631245,0
0.87725,-0.074047558,0
0.877855,-0.084600354,0
0.87846,-0.096803919,0
0.879065,-0.111520573,0
0.87967,-0.128251054,0
0.880275,-0.145757733,0
0.88088,-0.162825777,0
0.881485,-0.178844448,0
0.88209,-0.194551164,0
0.882695,-0.212487245,0
0.8833,-0.235561376,0
0.883905,-0.264312965,0
0.88451,-0.296321846,0
0.885115,-0.328895732,0
0.88572,-0.361297185,0
0.886325,-0.393579169,0
0.88693,-0.424826079,0
0.887535,-0.45432527,0
0.88814,-0.483534242,0
0.888745,-0.514535911,0
0.88935,-0.54594711,0
0.889955,-0.572330716,0
0.89056,-0.589929447,0
0.891165,-0.602696778,0
0.89177,-0.620258689,0
0.892375,-0.64856671,0
0.89298,-0.683563326,0
0.893585,-0.715243325,0
0.89419,-0.737052612,0
0.894795,-0.749965087,0
0.8954,-0.758685663,0
0.896005,-0.7665089,0
0.89661,-0.773964265,0
0.897215,-0.779861056,0
0.89782,-0.781676881,0
0.898425,-0.776024732,0
0.89903,-0.761651738,0
0.899635,-0.742991104,0
0.90024,-0.728725667,0
0.900845,-0.724631867,0
0.90145,-0.727850232,0
0.902055,-0.729403047,0
0.90266,-0.72243105,0
0.903265,-0.707174492,0
0.90387,-0.688574526,0
0.904475,-0.671042576,0
0.90508,-0.65597015,0
0.905685,-0.642033912,0
0.90629,-0.625628026,0
0.906895,-0.601931411,0
0.9075,-0.569044329,0
0.908105,-0.532593592,0
0.90871,-0.503877721,0
0.909315,-0.490772808,0
0.90992,-0.490442781,0
0.910525,-0.492080732,0
0.91113,-0.486621247,0
0.911735,-0.472967187,0
0.91234,-0.455759889,0
0.912945,-0.439750739,0
0.91355,-0.4270827,0
0.914155,-0.417385991,0
0.91476,-0.407747311,0
0.915365,-0.393158969,0
0.91597,-0.370231212,0
0.916575,-0.342478555,0
0.91718,-0.320364746,0
0.917785,-0.313228619,0
0.91839,-0.320545176,0
0.918995,-0.332474823,0
0.9196,-0.339175411,0
0.920205,-0.338213506,0
0.92081,-0.333211267,0
0.921415,-0.328319469,0
0.92202,-0.325726836,0
0.922625,-0.32605337,0
0.92323,-0.327692736,0
0.923835,-0.325842978,0
0.92444,-0.315511739,0
0.925045,-0.297896362,0
0.92565,-0.282614716,0
0.926255,-0.280745117,0
0.92686,-0.294570109,0
0.927465,-0.315186671,0
0.92807,-0.330857319,0
0.928675,-0.336872273,0
0.92928,-0.33690114,0
0.929885,-0.33679301,0
0.93049,-0.339294126,0
0.931095,-0.343781427,0
0.9317,-0.348067713,0
0.932305,-0.349141587,0
0.93291,-0.343953523,0
0.933515,-0.332393261,0
0.93412,-0.320005421,0
0.934725,-0.315390096,0
0.93533,-0.323075476,0
0.935935,-0.33929051,0
0.93654,-0.355430695,0
0.937145,-0.365299924,0
0.93775,-0.368526256,0
0.938355,-0.368222555,0
0.93896,-0.367494175,0
0.939565,-0.368102863,0
0.94017,-0.370129939,0
0.940775,-0.371390081,0
0.94138,-0.368052262,0
0.941985,-0.358158935,0
0.94259,-0.345542027,0
0.943195,-0.33846048,0
0.9438,-0.342400047,0
0.944405,-0.354502618,0
0.94501,-0.366127834,0
0.945615,-0.370758852,0
0.94622,-0.368587881,0
0.946825,-0.363846621,0
0.94743,-0.359729255,0
0.948035,-0.356771684,0
0.94864,-0.354290801,0
0.949245,-0.351143514,0
0.94985,-0.345077893,0
0.950455,-0.333624203,0
0.95106,-0.317484765,0
0.951665,-0.301983354,0
0.95227,-0.29288432,0
0.952875,-0.290515819,0
0.95348,-0.289332102,0
0.954085,-0.283426933,0
0.95469,-0.271194331,0
0.955295,-0.254597919,0
0.9559,-0.236005713,0
0.956505,-0.216764805,0
0.95711,-0.197315979,0
0.957715,-0.177039719,0
0.95832,-0.153912619,0
0.958925,-0.125485621,0
0.95953,-0.091565986,0
0.960135,-0.055946003,0
0.96074,-0.024070542,0
0.961345,0.001911749,0
0.96195,0.025242552,0
0.962555,0.051129398,0
0.96316,0.081830123,0
0.963765,0.115672912,0
0.96437,0.14990371,0
0.964975,0.183173129,0
0.96558,0.215463827,0
0.966185,0.246907991,0
0.96679,0.277509276,0
0.967395,0.307609688,0
0.968,0.337629638,0
0.968605,0.366963891,0
0.96921,0.393638224,0
0.969815,0.41578301,0.00E+00
0.97042,0.43352874,0
0.971025,0.448864674,0
0.97163,0.463527727,0
0.972235,0.477583138,0
0.97284,0.49005619,0
0.973445,0.500258156,0
0.97405,0.508160232,0
0.974655,0.513882417,0
0.97526,0.517483258,0
0.975865,0.519356792,0
0.97647,0.5202227,0
0.977075,0.52021293,0
0.97768,0.51821822,0
0.978285,0.512874109,0
0.97889,0.504433195,0
0.979495,0.495066076,0
0.9801,0.486934964,0
0.980705,0.480299342,0
0.98131,0.473718499,0
0.981915,0.465885345,0
0.98252,0.456980462,0
0.983125,0.448204882,0
0.98373,0.440375597,0
0.984335,0.433276628,0
0.98494,0.426128308,0
0.985545,0.418341319,0
0.98615,0.409807962,0
0.986755,0.400772886,0
0.98736,0.391763872,0
0.987965,0.383580186,0
0.98857,0.376998975,0
0.989175,0.37229154,0
0.98978,0.368989696,0
0.990385,0.366231299,0
0.99099,0.363476918,0
0.991595,0.360958622,0
0.9922,0.359587259,0
0.992805,0.360267233,0
0.99341,0.362595642,0
0.994015,0.364277069,0
0.99462,0.363073932,0
0.995225,0.359656477,0
0.99583,0.357068279,0
0.996435,0.356942736,0
0.99704,0.358026825,0
0.997645,0.359010488,0
0.99825,0.36070494,0
0.998855,0.364222385,0
0.99946,0.368552499,0
1.000065,0.371631037,0
1.00067,0.37334233,0
1.001275,0.375712325,0
1.00188,0.379792019,0
1.002485,0.383893185,0
1.00309,0.385543202,0
1.003695,0.384154004,0
1.0043,0.381284316,0
1.004905,0.378850397,0
1.00551,0.37769778,0
1.006115,0.377996389,0
1.00672,0.380043004,0
1.007325,0.383604251,0
1.00793,0.387104895,0
1.008535,0.388846337,0
1.00914,0.3889292,0
1.009745,0.388942802,0
1.01035,0.389820839,0
1.010955,0.390829074,0
1.01156,0.390457336,0
1.012165,0.387554499,0
1.01277,0.382020811,0
1.013375,0.375337152,0
1.01398,0.370154343,0
1.014585,0.368253437,0
1.01519,0.36856599,0
1.015795,0.368011313,0
1.0164,0.364846979,0
1.017005,0.360552469,0
1.01761,0.357856224,0
1.018215,0.357483374,0
1.01882,0.357400392,0
1.019425,0.354963522,0
1.02003,0.349341991,0
1.020635,0.341818346,0
1.02124,0.334202619,0
1.021845,0.3274176,0
1.02245,0.321507128,0
1.023055,0.316566653,0
1.02366,0.313193471,0
1.024265,0.311665639,0
1.02487,0.310964956,0
1.025475,0.30940125,0
1.02608,0.306471814,0
1.026685,0.303595105,0
1.02729,0.302467738,0
1.027895,0.302818488,0
1.0285,0.302320971,0
1.029105,0.298810585,0
1.02971,0.292287122,0
1.030315,0.284781895,0
1.03092,0.278598959,0
1.031525,0.274809379,0
1.03213,0.273046175,0
1.032735,0.272077256,0
1.03334,0.270616284,0
1.033945,0.268281097,0
1.03455,0.265824601,0
1.035155,0.264014064,0
1.03576,0.262537012,0
1.036365,0.260438622,0
1.03697,0.25725245,0
1.037575,0.253071893,0
1.03818,0.247740093,0
1.038785,0.2408886,0
1.03939,0.233123047,0
1.039995,0.226423877,0
1.0406,0.222502496,0
1.041205,0.22072418,0
1.04181,0.218188576,0
1.042415,0.212524252,0
1.04302,0.205345094,0
1.043625,0.202089447,0
1.04423,0.205103095,0
1.044835,0.207035012,0
1.04544,0.197948266,0
1.046045,0.180605648,0
1.04665,0.169359246,0
1.047255,0.170713539,0
1.04786,0.174718405,0
1.048465,0.169567193,0
1.04907,0.156515274,0
1.049675,0.145505067,0
1.05028,0.141211259,0
1.050885,0.139370063,0
1.05149,0.135509511,0
1.052095,0.13111439,0
1.0527,0.128786032,0
1.053305,0.12592585,0
1.05391,0.118469808,0
1.054515,0.109010811,0
1.05512,0.10469318,0
1.055725,0.106383268,0
1.05633,0.105907872,0
1.056935,0.096444844,0
1.05754,0.081603516,0
1.058145,0.07103622,0
1.05875,0.069315526,0
1.059355,0.072416977,0
1.05996,0.073648475,0
1.060565,0.069815079,0
1.06117,0.062408242,0
1.061775,0.055305891,0
1.06238,0.051426429,0
1.062985,0.050434039,0
1.06359,0.049428227,0
1.064195,0.046234893,0
1.0648,0.041332367,0
1.065405,0.035900375,0
1.06601,0.029889899,0
1.066615,0.023617521,0
1.06722,0.019182325,0
1.067825,0.018032034,0
1.06843,0.018061476,0
1.069035,0.015230974,0
1.06964,0.008439162,0
1.070245,0.001237337,0
1.07085,-0.002345082,0
1.071455,-0.00259589,0
1.07206,-0.003482594,0
1.072665,-0.007965451,0
1.07327,-0.015612219,0
1.073875,-0.024727855,0
1.07448,-0.034674652,0
1.075085,-0.045172135,0
1.07569,-0.055108027,0
1.076295,-0.06366577,0
1.0769,-0.072087134,0
1.077505,-0.083046236,0
1.07811,-0.097823425,0
1.078715,-0.11435212,0
1.07932,-0.128596866,0
1.079925,-0.138687035,0
1.08053,-0.147986671,0
1.081135,-0.163011406,0
1.08174,-0.187419536,0
1.082345,-0.218626357,0
1.08295,-0.250641833,0
1.083555,-0.279421118,0
1.08416,-0.305358696,0
1.084765,-0.331752962,0
1.08537,-0.36151051,0
1.085975,-0.394743138,0
1.08658,-0.428827226,0
1.087185,-0.46043847,0
1.08779,-0.487470488,0
1.088395,-0.509973457,0
1.089,-0.530650631,0
1.089605,-0.553996437,0
1.09021,-0.583116576,0
1.090815,-0.616831494,0
1.09142,-0.650534387,0
1.092025,-0.679830661,0
1.09263,-0.702966839,0
1.093235,-0.720672676,0
1.09384,-0.73511255,0
1.094445,-0.748718677,0
1.09505,-0.762312242,0
1.095655,-0.773346864,0
1.09626,-0.776748074,0
1.096865,-0.769413448,0
1.09747,-0.755017686,0
1.098075,-0.743183479,0
1.09868,-0.741874084,0
1.099285,-0.750111246,0
1.09989,-0.758933343,0
1.100495,-0.759585763,0
1.1011,-0.750073053,0
1.101705,-0.7343315,0
1.10231,-0.717376537,0
1.102915,-0.702257,0
1.10352,-0.689490627,0
1.104125,-0.676616679,0
1.10473,-0.658442484,0
1.105335,-0.630832121,0
1.10594,-0.596386975,0
1.106545,-0.564949183,0
1.10715,-0.546042138,0
1.107755,-0.540356311,0
1.10836,-0.539323747,0
1.108965,-0.53304882,0
1.10957,-0.518165956,0
1.110175,-0.498432882,0
1.11078,-0.479620708,0
1.111385,-0.464961314,0
1.11199,-0.453946253,0
1.112595,-0.443008469,0
1.1132,-0.426923199,0
1.113805,-0.402028892,0
1.11441,-0.370918248,0
1.115015,-0.343469602,0
1.11562,-0.330252968,0
1.116225,-0.333443932,0
1.11683,-0.344746544,0
1.117435,-0.352535735,0
1.11804,-0.350901824,0
1.118645,-0.342438413,0
1.11925,-0.333890599,0
1.119855,-0.330055615,0
1.12046,-0.330877181,0
1.121065,-0.332399144,0
1.12167,-0.329473968,0
1.122275,-0.318785385,0
1.12288,-0.301882887,0
1.123485,-0.28615426,0
1.12409,-0.280768229,0
1.124695,-0.289454473,0
1.1253,-0.307046301,0
1.125905,-0.323733905,0
1.12651,-0.332746728,0
1.127115,-0.334036797,0
1.12772,-0.331996054,0
1.128325,-0.331285527,0
1.12893,-0.334277057,0
1.129535,-0.339983496,0
1.13014,-0.343865792,0
1.130745,-0.339991908,0
1.13135,-0.326450779,0
1.131955,-0.309734609,0
1.13256,-0.301503258,0
1.133165,-0.308742707,0
1.13377,-0.327259027,0
1.134375,-0.345739562,0
1.13498,-0.3559822,0
1.135585,-0.358472438,0
1.13619,-0.358813936,0
1.136795,-0.361087194,0
1.1374,-0.365422414,0
1.138005,-0.369778041,0
1.13861,-0.371689942,0
1.139215,-0.368587184,0
1.13982,-0.359143468,0
1.140425,-0.346341246,0
1.14103,-0.337772452,0
1.141635,-0.340073926,0
1.14224,-0.352466752,0
1.142845,-0.366998427,0
1.14345,-0.375610302,0
1.144055,-0.376298905,0
1.14466,-0.372512298,0
1.145265,-0.368425902,0
1.14587,-0.365990983,0
1.146475,-0.365002488,0
1.14708,-0.363653953,0
1.147685,-0.358735279,0
1.14829,-0.347398431,0
1.148895,-0.330770215,0
1.1495,-0.315169544,0
1.150105,-0.307501872,0
1.15071,-0.308793758,0
1.151315,-0.313223787,0
1.15192,-0.313654719,0
1.152525,-0.307184386,0
1.15313,-0.295474714,0
1.153735,-0.281533937,0
1.15434,-0.267231705,0
1.154945,-0.252867196,0
1.15555,-0.237635858,0
1.156155,-0.21991266,0
1.15676,-0.19764426,0
1.157365,-0.169985868,0
1.15797,-0.139301946,0
1.158575,-0.110399496,0
1.15918,-0.086442431,0
1.159785,-0.065758264,0
1.16039,-0.043433944,0
1.160995,-0.015946512,0
1.1616,0.016306487,0
1.162205,0.050499468,0
1.16281,0.084217748,0
1.163415,0.116751532,0
1.16402,0.148627804,0
1.164625,0.180814172,0
1.16523,0.214356206,0
1.165835,0.249734116,0
1.16644,0.285660678,0
1.167045,0.318966491,0
1.16765,0.346837261,0
1.168255,0.369418525,0
1.16886,0.389544456,0
1.169465,0.409792046,0
1.17007,0.430364674,0
1.170675,0.449725538,0
1.17128,0.466453051,0
1.171885,0.480150129,0
1.17249,0.491095273,0
1.173095,0.499797633,0
1.1737,0.506999024,0
1.174305,0.51338251,0
1.17491,0.518803033,0
1.175515,0.522151166,0
1.17612,0.522388568,0
1.176725,0.519619093,0
1.17733,0.5148602,0
1.177935,0.508923121,0
1.17854,0.502049459,0
1.179145,0.494625208,0
1.17975,0.487445017,0
1.180355,0.480804133,0
1.18096,0.473899598,0
1.181565,0.465833139,0
1.18217,0.456975792,0
1.182775,0.448677359,0
1.18338,0.441621775,0
1.183985,0.434952441,0
1.18459,0.427221696,0
1.185195,0.418013932,0
1.1858,0.408380143,0
1.186405,0.399718623,0
1.18701,0.392554353,0
1.187615,0.386505766,0
1.18822,0.381114023,0
1.188825,0.376394255,0
1.18943,0.372645427,0
1.190035,0.369987869,0
1.19064,0.368142476,0
1.191245,0.366519173,0
1.19185,0.364555771,0
1.192455,0.36218761,0
1.19306,0.359928596,0
1.193665,0.358130428,0
1.19427,0.356310734,0
1.194875,0.354049671,0
1.19548,0.352590059,0
1.196085,0.35410668,0
1.19669,0.358616813,0
1.197295,0.363112852,0
1.1979,0.365146466,0
1.198505,0.366078759,0
1.19911,0.369089838,0
1.199715,0.37463587,0
1.20032,0.379611072,0
1.200925,0.381084206,0
1.20153,0.379427572,0
1.202135,0.377264648,0
1.20274,0.376619129,0
1.203345,0.377827583,0
1.20395,0.380192767,0
1.204555,0.382770994,0
1.20516,0.384771371,0
1.205765,0.385884241,0
1.20637,0.386701517,0
1.206975,0.388400796,0
1.20758,0.391289609,0
1.208185,0.394096546,0
1.20879,0.395325564,0
1.209395,0.394552926,0
1.21,0.391765801,0
1.210605,0.38668221,0
1.21121,0.380048328,0
1.211815,0.374527494,0
1.21242,0.372432497,0
1.213025,0.372977598,0
1.21363,0.37329198,0
1.214235,0.371847831,0
1.21484,0.369545228,0
1.215445,0.367635229,0
1.21605,0.366105646,0
1.216655,0.364390366,0
1.21726,0.362255914,0
1.217865,0.35939538,0
1.21847,0.355065346,0
1.219075,0.348653778,0
1.21968,0.340518741,0
1.220285,0.332347271,0
1.22089,0.326395938,0
1.221495,0.323729625,0
1.2221,0.323114343,0
1.222705,0.322081074,0
1.22331,0.319335178,0
1.223915,0.315926467,0
1.22452,0.313856648,0
1.225125,0.313659647,0
1.22573,0.313547048,0
1.226335,0.311084293,0
1.22694,0.305591479,0
1.227545,0.298544038,0
1.22815,0.29190478,0
1.228755,0.286699528,0
1.22936,0.282940047,0
1.229965,0.280178883,0
1.23057,0.277928674,0
1.231175,0.275847895,0
1.23178,0.273909919,0
1.232385,0.272305501,0
1.23299,0.270990704,0
1.233595,0.269748162,0
1.2342,0.268633974,0
1.234805,0.267458444,0
1.23541,0.264898543,0
1.236015,0.25933764,0
1.23662,0.251088262,0
1.237225,0.242971789,0
1.23783,0.237789246,0
1.238435,0.235518074,0
1.23904,0.233794664,0
1.239645,0.230824997,0
1.24025,0.226973848,0
1.240855,0.223569393,0
1.24146,0.220835232,0
1.242065,0.217404086,0
1.24267,0.212062529,0
1.243275,0.20625731,0
1.24388,0.203619969,0
1.244485,0.204015849,0
1.24509,0.199674472,0
1.245695,0.184253803,0
1.2463,0.165157955,0
1.246905,0.157113542,0
1.24751,0.162716964,0
1.248115,0.169011117,0
1.24872,0.164763316,0
1.249325,0.152901027,0
1.24993,0.143315662,0
1.250535,0.139609097,0
1.25114,0.137692706,0
1.251745,0.13438949,0
1.25235,0.131251065,0
1.252955,0.128963163,0
1.25356,0.123445391,0
1.254165,0.112029021,0
1.25477,0.100356619,0
1.255375,0.09681891,0
1.25598,0.100779493,0
1.256585,0.102148475,0
1.25719,0.093734892,0
1.257795,0.079791683,0
1.2584,0.070175459,0
1.259005,0.069043281,0
1.25961,0.072137743,0
1.260215,0.072962696,0
1.26082,0.06864167,0
1.261425,0.060821064,0
1.26203,0.05299614,0
1.262635,0.047284509,0
1.26324,0.043329923,0
1.263845,0.039776746,0
1.26445,0.036107388,0
1.265055,0.032463959,0
1.26566,0.028410227,0
1.266265,0.023558129,0
1.26687,0.019021899,0
1.267475,0.016367671,0
1.26808,0.015281974,0
1.268685,0.013751566,0
1.26929,0.01070929,0
1.269895,0.007254405,0
1.2705,0.004405973,0
1.271105,0.000867813,0
1.27171,-0.005376907,0
1.272315,-0.01393944,0
1.27292,-0.02213679,0
1.273525,-0.028403158,0
1.27413,-0.034341395,0
1.274735,-0.042507005,0
1.27534,-0.053193344,0
1.275945,-0.064631634,0
1.27655,-0.075432249,0
1.277155,-0.085522295,0
1.27776,-0.095401748,0
1.278365,-0.106047987,0
1.27897,-0.119429362,0
1.279575,-0.137369018,0
1.28018,-0.159401222,0
1.280785,-0.183014626,0
1.28139,-0.206315452,0
1.281995,-0.229560032,0
1.2826,-0.254053689,0
1.283205,-0.280441361,0
1.28381,-0.308518193,0
1.284415,-0.338030644,0
1.28502,-0.368484418,0
1.285625,-0.397934624,0
1.28623,-0.423353028,0
1.286835,-0.44407718,0
1.28744,-0.464796102,0
1.288045,-0.492623121,0
1.28865,-0.52980009,0
1.289255,-0.570603838,0
1.28986,-0.606543974,0
1.290465,-0.633888765,0
1.29107,-0.655518069,0
1.291675,-0.676457506,0
1.29228,-0.698997963,0
1.292885,-0.721726014,0
1.29349,-0.741284424,0
1.294095,-0.75409426,0
1.2947,-0.757914524,0
1.295305,-0.754205625,0
1.29591,-0.749211903,0
1.296515,-0.750294912,0
1.29712,-0.759436399,0
1.297725,-0.77102545,0
1.29833,-0.7770322,0
1.298935,-0.773986168,0
1.29954,-0.764524408,0
1.300145,-0.753389459,0
1.30075,-0.743356382,0
1.301355,-0.734171348,0
1.30196,-0.723101259,0
1.302565,-0.705841231,0
1.30317,-0.679120435,0
1.303775,-0.645155391,0
1.30438,-0.613128107,0
1.304985,-0.593174786,0
1.30559,-0.587314564,0
1.306195,-0.587314861,0
1.3068,-0.58238874,0
1.307405,-0.568328017,0
1.30801,-0.548628256,0
1.308615,-0.528613209,0
1.30922,-0.510944199,0
1.309825,-0.49587365,0
1.31043,-0.482268606,0
1.311035,-0.466881458,0
1.31164,-0.445076346,0
1.312245,-0.415753867,0
1.31285,-0.385693264,0
1.313455,-0.365906267,0
1.31406,-0.36188276,0
1.314665,-0.368304663,0
1.31527,-0.374085488,0
1.315875,-0.372008146,0
1.31648,-0.363031018,0
1.317085,-0.352505006,0
1.31769,-0.344449391,0
1.318295,-0.33972803,0
1.3189,-0.337106843,0
1.319505,-0.333552145,0
1.32011,-0.324464288,0
1.320715,-0.307440619,0
1.32132,-0.287530544,0
1.321925,-0.275962406,0
1.32253,-0.280655627,0
1.323135,-0.298321242,0
1.32374,-0.317297515,0
1.324345,-0.32798688,0
1.32495,-0.329718575,0
1.325555,-0.328167347,0
1.32616,-0.328393903,0
1.326765,-0.331408259,0
1.32737,-0.335508086,0
1.327975,-0.338113398,0
1.32858,-0.336052955,0
1.329185,-0.327097082,0
1.32979,-0.313726202,0
1.330395,-0.304017677,0
1.331,-0.305938757,0
1.331605,-0.319988133,0
1.33221,-0.338339045,0
1.332815,-0.351672465,0
1.33342,-0.356395957,0
1.334025,-0.355447171,0
1.33463,-0.35402454,0
1.335235,-0.355702364,0
1.33584,-0.360984788,0
1.336445,-0.367070715,0
1.33705,-0.368596725,0
1.337655,-0.360996287,0
1.33826,-0.3457298,0
1.338865,-0.331682051,0
1.33947,-0.328858043,0
1.340075,-0.339655838,0
1.34068,-0.356905687,0
1.341285,-0.370648231,0
1.34189,-0.376173907,0
1.342495,-0.375472135,0
1.3431,-0.372787957,0
1.343705,-0.370677007,0
1.34431,-0.369615285,0
1.344915,-0.368963029,0
1.34552,-0.366859975,0
1.346125,-0.360264197,0
1.34673,-0.347692121,0
1.347335,-0.332705503,0
1.34794,-0.322662801,0
1.348545,-0.322258434,0
1.34915,-0.328683182,0
1.349755,-0.334123271,0
1.35036,-0.332774791,0
1.350965,-0.324668299,0
1.35157,-0.313441647,0
1.352175,-0.302230973,0
1.35278,-0.291963003,0
1.353385,-0.281788349,0
1.35399,-0.26946036,0
1.354595,-0.251875739,0
1.3552,-0.227545838,0
1.355805,-0.199398921,0
1.35641,-0.173598318,0
1.357015,-0.154219167,0
1.35762,-0.139355723,0
1.358225,-0.123124731,0
1.35883,-0.101192447,0
1.359435,-0.073664136,0
1.36004,-0.043192559,0
1.360645,-0.011827376,0
1.36125,0.019886708,0
1.361855,0.051896115,0
1.36246,0.084094358,0
1.363065,0.116962348,0
1.36367,0.151576262,0
1.364275,0.187993374,0
1.36488,0.224056666,0
1.365485,0.256789671,0
1.36609,0.285165253,0
1.366695,0.310903348,0
1.3673,0.33638445,0
1.367905,0.362363634,0
1.36851,0.387813552,0
1.369115,0.411308848,0
1.36972,0.432120327,0
1.370325,0.45017376,0
1.37093,0.46560818,0
1.371535,0.4788915,0
1.37214,0.491020618,0
1.372745,0.502759016,0
1.37335,0.513356446,0
1.373955,0.520642677,0
1.37456,0.523154647,0
1.375165,0.52190597,0
1.37577,0.5193945,0
1.376375,0.517161055,0
1.37698,0.514805354,0
1.377585,0.511021658,0
1.37819,0.50509342,0
1.378795,0.497467547,0
1.3794,0.489312592,0
1.380005,0.481696114,0
1.38061,0.474849873,0
1.381215,0.467903205,0
1.38182,0.459439655,0
1.382425,0.448725542,0
1.38303,0.436711552,0
1.383635,0.425577444,0
1.38424,0.416894527,0
1.384845,0.410412319,0
1.38545,0.404774183,0
1.386055,0.398975799,0
1.38666,0.392902952,0
1.387265,0.386913153,0
1.38787,0.381454874,0
1.388475,0.377021063,0
1.38908,0.373909915,0
1.389685,0.371762917,0
1.39029,0.369449168,0
1.390895,0.365691318,0
1.3915,0.3603872,0
1.392105,0.355435036,0
1.39271,0.353288234,0
1.393315,0.354143237,0
1.39392,0.355664468,0
1.394525,0.356263816,0
1.39513,0.357086702,0
1.395735,0.359478184,0
1.39634,0.362447586,0
1.396945,0.364600456,0
1.39755,0.366791945,0
1.398155,0.370446508,0
1.39876,0.374259926,0
1.399365,0.375159197,0
1.39997,0.372658241,0
1.400575,0.369953754,0
1.40118,0.369951731,0
1.401785,0.372217451,0
1.40239,0.374750111,0
1.402995,0.377018514,0
1.4036,0.379988315,0
1.404205,0.383879446,0
1.40481,0.387232734,0
1.405415,0.388823369,0
1.40602,0.389672591,0
1.406625,0.391732422,0
1.40723,0.394680069,0
1.407835,0.395589711,0
1.40844,0.392348676,0
1.409045,0.386298453,0
1.40965,0.380916204,0
1.410255,0.378690237,0
1.41086,0.3795918,0
1.411465,0.381647425,0
1.41207,0.382428055,0
1.412675,0.380715903,0
1.41328,0.37756121,0
1.413885,0.375380921,0
1.41449,0.37525441,0
1.415095,0.375330653,0
1.4157,0.372602145,0
1.416305,0.366136707,0
1.41691,0.357959934,0
1.417515,0.350673691,0
1.41812,0.344843738,0
1.418725,0.339342853,0
1.41933,0.333787834,0
1.419935,0.329435903,0
1.42054,0.32740723,0
1.421145,0.326903345,0
1.42175,0.325841739,0
1.422355,0.323102102,0
1.42296,0.319715489,0
1.423565,0.31753174,0
1.42417,0.316682709,0
1.424775,0.314808382,0
1.42538,0.309407988,0
1.425985,0.30090889,0
1.42659,0.292726158,0
1.427195,0.288036332,0
1.4278,0.286969067,0
1.428405,0.287155087,0
1.42901,0.286373848,0
1.429615,0.284160063,0
1.43022,0.281337013,0
1.430825,0.278860483,0
1.43143,0.277290301,0
1.432035,0.27664965,0
1.43264,0.27605409,0
1.433245,0.273842694,0
1.43385,0.268912269,0
1.434455,0.261826279,0
1.43506,0.254265108,0
1.435665,0.247790375,0
1.43627,0.24327718,0
1.436875,0.240842911,0
1.43748,0.239750023,0
1.438085,0.238499247,0
1.43869,0.235722926,0
1.439295,0.231589096,0
1.4399,0.227943873,0
1.440505,0.226241375,0
1.44111,0.225246308,0
1.441715,0.221484142,0
1.44232,0.213042281,0
1.442925,0.203283393,0
1.44353,0.198434945,0
1.444135,0.198659293,0
1.44474,0.194880249,0
1.445345,0.180948406,0
1.44595,0.165488381,0
1.446555,0.161976132,0
1.44716,0.169473943,0
1.447765,0.173680879,0
1.44837,0.166174748,0
1.448975,0.153479303,0
1.44958,0.145871405,0
1.450185,0.144076116,0
1.45079,0.141154876,0
1.451395,0.133918307,0
1.452,0.126287849,0
1.452605,0.121183863,0
1.45321,0.11535201,0
1.453815,0.105987695,0
1.45442,0.097812383,0
1.455025,0.097394217,0
1.45563,0.102396281,0
1.456235,0.102698056,0
1.45684,0.092797387,0
1.457445,0.078634934,0
1.45805,0.070295528,0
1.458655,0.070977492,0
1.45926,0.075293093,0
1.459865,0.07594927,0
1.46047,0.069872343,0
1.461075,0.059420776,0
1.46168,0.049524715,0
1.462285,0.043539422,0
1.46289,0.041217444,0
1.463495,0.040144992,0
1.4641,0.038306248,0
1.464705,0.034751612,0
1.46531,0.029162085,0
1.465915,0.02267388,0
1.46652,0.018196383,0
1.467125,0.017694011,0
1.46773,0.019193787,0
1.468335,0.017949579,0
1.46894,0.011340201,0
1.469545,0.001952585,0
1.47015,-0.005392013,0.00E+00
1.470755,-0.009110266,0
1.47136,-0.011756316,0
1.471965,-0.015961029,0
1.47257,-0.021680096,0
1.473175,-0.028069352,0
1.47378,-0.035861089,0
1.474385,-0.045816287,0
1.47499,-0.056026533,0
1.475595,-0.063280147,0
1.4762,-0.06746068,0
1.476805,-0.073070556,0
1.47741,-0.085266725,0
1.478015,-0.104782018,0
1.47862,-0.127593569,0
1.479225,-0.149171267,0
1.47983,-0.168222431,0
1.480435,-0.186671831,0
1.48104,-0.207060902,0
1.481645,-0.230458024,0
1.48225,-0.256260603,0
1.482855,-0.282856765,0
1.48346,-0.308293825,0
1.484065,-0.331428086,0
1.48467,-0.353498143,0
1.485275,-0.37829335,0
1.48588,-0.409370685,0
1.486485,-0.446417226,0
1.48709,-0.485117411,0
1.487695,-0.52103851,0
1.4883,-0.552895155,0
1.488905,-0.581810212,0
1.48951,-0.608791255,0
1.490115,-0.634156982,0
1.49072,-0.658482438,0
1.491325,-0.681989953,0
1.49193,-0.702522255,0
1.492535,-0.716070845,0
1.49314,-0.721398792,0
1.493745,-0.723659538,0
1.49435,-0.731024884,0
1.494955,-0.746739271,0
1.49556,-0.765779101,0
1.496165,-0.780041253,0
1.49677,-0.785521425,0
1.497375,-0.783685802,0
1.49798,-0.777883576,0
1.498585,-0.770776081,0
1.49919,-0.764205223,0
1.499795,-0.758313308,0
1.5004,-0.74964148,0
1.501005,-0.732381793,0
1.50161,-0.704466613,0
1.502215,-0.672530116,0
1.50282,-0.648198357,0
1.503425,-0.637820015,0
1.50403,-0.636680754,0
1.504635,-0.634047372,0
1.50524,-0.622897785,0
1.505845,-0.603967774,0
1.50645,-0.582206845,0
1.507055,-0.562064724,0
1.50766,-0.545595897,0
1.508265,-0.531684552,0
1.50887,-0.515615677,0
1.509475,-0.491545676,0
1.51008,-0.458420817,0
1.510685,-0.423878226,0
1.51129,-0.39986273,0
1.511895,-0.392561338,0
1.5125,-0.397004806,0
1.513105,-0.401945538,0
1.51371,-0.399418861,0
1.514315,-0.389346801,0
1.51492,-0.376437254,0
1.515525,-0.365087685,0
1.51613,-0.357409345,0
1.516735,-0.353144479,0
1.51734,-0.348966036,0
1.517945,-0.339078856,0
1.51855,-0.320167336,0
1.519155,-0.297209979,0
1.51976,-0.281865138,0
1.520365,-0.282595797,0
1.52097,-0.296813306,0
1.521575,-0.313674714,0
1.52218,-0.323893641,0
1.522785,-0.325972392,0
1.52339,-0.3240805,0
1.523995,-0.322614984,0
1.5246,-0.323720867,0
1.525205,-0.327577122,0
1.52581,-0.332004658,0
1.526415,-0.331854125,0
1.52702,-0.322279166,0
1.527625,-0.305317461,0
1.52823,-0.291555666,0
1.528835,-0.292046893,0
1.52944,-0.308008565,0
1.530045,-0.329638348,0
1.53065,-0.345278614,0
1.531255,-0.350893722,0
1.53186,-0.350614375,0
1.532465,-0.350270171,0
1.53307,-0.352431537,0
1.533675,-0.356497999,0
1.53428,-0.360558477,0
1.534885,-0.361937997,0
1.53549,-0.357775262,0
1.536095,-0.34789724,0
1.5367,-0.337399557,0
1.537305,-0.333979768,0
1.53791,-0.341215368,0
1.538515,-0.355140413,0
1.53912,-0.368094718,0
1.539725,-0.375279683,0
1.54033,-0.377021946,0
1.540935,-0.376056758,0
1.54154,-0.374668151,0
1.542145,-0.37413959,0
1.54275,-0.374541279,0
1.543355,-0.373685085,0
1.54396,-0.367593856,0
1.544565,-0.354440098,0
1.54517,-0.338577471,0
1.545775,-0.328576019,0
1.54638,-0.329516498,0
1.546985,-0.337920684,0
1.54759,-0.345390921,0
1.548195,-0.346538533,0
1.5488,-0.342180347,0
1.549405,-0.335756279,0
1.55001,-0.329067347,0
1.550615,-0.321998686,0
1.55122,-0.3141749,0
1.551825,-0.304968958,0
1.55243,-0.292534608,0
1.553035,-0.274943055,0
1.55364,-0.253134112,0
1.554245,-0.231503735,0
1.55485,-0.214318583,0
1.555455,-0.201708991,0
1.55606,-0.189638094,0
1.556665,-0.173572941,0
1.55727,-0.15183855,0
1.557875,-0.125776517,0
1.55848,-0.097687312,0
1.559085,-0.069133564,0
1.55969,-0.040538223,0
1.560295,-0.011320409,0
1.5609,0.019992904,0
1.561505,0.055004502,0
1.56211,0.093533032,0
1.562715,0.132391121,0
1.56332,0.167303152,0
1.563925,0.196710373,0
1.56453,0.223106308,0
1.565135,0.250241789,0
1.56574,0.27957782,0
1.566345,0.309736359,0
1.56695,0.338609809,0
1.567555,0.365201918,0
1.56816,0.389572766,0
1.568765,0.411817448,0
1.56937,0.431765351,0
1.569975,0.449536945,0
1.57058,0.46568284,0
1.571185,0.480398435,0
1.57179,0.492942955,0
1.572395,0.502347008,0
1.573,0.508601843,0
1.573605,0.512685714,0
1.57421,0.515522095,0
1.574815,0.517340417,0
1.57542,0.517925139,0
1.576025,0.517007938,0
1.57663,0.514267805,0
1.577235,0.509367983,0
1.57784,0.502560979,0
1.578445,0.495153604,0
1.57905,0.488705438,0
1.579655,0.483456609,0
1.58026,0.477861652,0
1.580865,0.470112978,0
1.58147,0.460094149,0
1.582075,0.449482928,0
1.58268,0.440037008,0
1.583285,0.432178863,0
1.58389,0.425153038,0
1.584495,0.418101462,0
1.5851,0.410800689,0
1.585705,0.403590801,0
1.58631,0.396941105,0
1.586915,0.391141942,0
1.58752,0.386177964,0
1.588125,0.381679314,0
1.58873,0.376973605,0
1.589335,0.371450159,0
1.58994,0.36519696,0
1.590545,0.359260521,0
1.59115,0.355119087,0
1.591755,0.353822364,0
1.59236,0.355233976,0
1.592965,0.357638307,0
1.59357,0.358681508,0
1.594175,0.357858871,0
1.59478,0.357695295,0
1.595385,0.360865162,0
1.59599,0.366261954,0
1.596595,0.369778109,0
1.5972,0.369206605,0
1.597805,0.366632066,0
1.59841,0.36546444,0
1.599015,0.366600097,0
1.59962,0.368530299,0
1.600225,0.370228961,0
1.60083,0.372287643,0
1.601435,0.375326038,0
1.60204,0.378828517,0
1.602645,0.38197481,0
1.60325,0.384735073,0
1.603855,0.387611967,0
1.60446,0.390419491,0
1.605065,0.391867487,0
1.60567,0.39089091,0
1.606275,0.387918572,0
1.60688,0.384232368,0
1.607485,0.380851519,0
1.60809,0.378640171,0
1.608695,0.378302237,0
1.6093,0.379321711,0
1.609905,0.380002619,0
1.61051,0.379531396,0
1.611115,0.378989852,0
1.61172,0.379487744,0
1.612325,0.380419237,0
1.61293,0.380460293,0
1.613535,0.379180548,0
1.61414,0.376548382,0
1.614745,0.37176275,0
1.61535,0.36423055,0
1.615955,0.355552584,0
1.61656,0.348969392,0
1.617165,0.346355558,0
1.61777,0.346404028,0
1.618375,0.345904779,0
1.61898,0.342706538,0
1.619585,0.337636056,0
1.62019,0.333486767,0
1.620795,0.332033118,0
1.6214,0.332213925,0
1.622005,0.3312818,0
1.62261,0.327478609,0
1.623215,0.321295696,0
1.62382,0.314305162,0
1.624425,0.307571207,0
1.62503,0.301589699,0
1.625635,0.297025003,0
1.62624,0.294534074,0
1.626845,0.293821232,0
1.62745,0.293565217,0
1.628055,0.292592968,0
1.62866,0.290805838,0
1.629265,0.28887457,0
1.62987,0.287305699,0
1.630475,0.285859906,0
1.63108,0.283675159,0
1.631685,0.279768088,0
1.63229,0.273691852,0
1.632895,0.266331762,0
1.6335,0.259866114,0
1.634105,0.256023313,0
1.63471,0.254281698,0
1.635315,0.252475603,0
1.63592,0.249283611,0
1.636525,0.245500593,0
1.63713,0.242578745,0
1.637735,0.24060268,0
1.63834,0.238434538,0
1.638945,0.235392533,0
1.63955,0.231755163,0
1.640155,0.227525234,0
1.64076,0.221554134,0
1.641365,0.212583711,0
1.64197,0.201503935,0
1.642575,0.192670458,0
1.64318,0.191067471,0
1.643785,0.195056451,0
1.64439,0.194355613,0
1.644995,0.181989938,0
1.6456,0.166231016,0
1.646205,0.161459604,0
1.64681,0.168619296,0
1.647415,0.174401635,0
1.64802,0.169178975,0
1.648625,0.157068511,0
1.64923,0.147068517,0
1.649835,0.141180795,0
1.65044,0.135399172,0
1.651045,0.128501817,0
1.65165,0.123765576,0
1.652255,0.121912485,0
1.65286,0.118056482,0
1.653465,0.109153836,0
1.65407,0.100510218,0
1.654675,0.099374113,0
1.65528,0.103993139,0
1.655885,0.104699462,0
1.65649,0.095874007,0
1.657095,0.082388357,0
1.6577,0.072900365,0
1.658305,0.07025908,0
1.65891,0.070636638,0
1.659515,0.069145958,0
1.66012,0.063808227,0
1.660725,0.055915491,0
1.66133,0.048508386,0
1.661935,0.043935946,0
1.66254,0.041998075,0
1.663145,0.040573342,0
1.66375,0.038140273,0
1.664355,0.0348381,0
1.66496,0.03112384,0
1.665565,0.027170745,0
1.66617,0.023741027,0
1.666775,0.021682262,0
1.66738,0.020057822,0
1.667985,0.016226631,0
1.66859,0.008887861,0
1.669195,0.000447897,0
1.6698,-0.005205382,0
1.670405,-0.007339108,0
1.67101,-0.00925967,0
1.671615,-0.014225806,0
1.67222,-0.021864732,0
1.672825,-0.029479676,0
1.67343,-0.035731939,0
1.674035,-0.041637677,0
1.67464,-0.048807146,0
1.675245,-0.058247705,0
1.67585,-0.070425498,0
1.676455,-0.085257871,0
1.67706,-0.101929432,0
1.677665,-0.119210927,0
1.67827,-0.136194903,0
1.678875,-0.152796107,0
1.67948,-0.169854806,0
1.680085,-0.188826992,0
1.68069,-0.210605375,0
1.681295,-0.234042367,0
1.6819,-0.256178984,0
1.682505,-0.275050619,0
1.68311,-0.292840133,0
1.683715,-0.315463441,0
1.68432,-0.34759704,0
1.684925,-0.38777044,0
1.68553,-0.429064424,0
1.686135,-0.465015963,0
1.68674,-0.494646629,0
1.687345,-0.521816544,0
1.68795,-0.550500044,0
1.688555,-0.581229767,0
1.68916,-0.611350787,0
1.689765,-0.637452943,0
1.69037,-0.657409789,0
1.690975,-0.671496668,0
1.69158,-0.682970722,0
1.692185,-0.696891779,0
1.69279,-0.7164021,0
1.693395,-0.739529983,0
1.694,-0.760411195,0
1.694605,-0.774039057,0
1.69521,-0.779699424,0
1.695815,-0.780255918,0
1.69642,-0.779114947,0
1.697025,-0.778005639,0
1.69763,-0.776373481,0
1.698235,-0.771517876,0
1.69884,-0.7596708,0
1.699445,-0.739146591,0
1.70005,-0.713855488,0
1.700655,-0.692307573,0
1.70126,-0.680978585,0
1.701865,-0.678416769,0
1.70247,-0.676741058,0
1.703075,-0.668900928,0
1.70368,-0.653814725,0
1.704285,-0.635022247,0
1.70489,-0.616302962,0
1.705495,-0.599307171,0
1.7061,-0.583632826,0
1.706705,-0.567031339,0
1.70731,-0.545589637,0
1.707915,-0.516367097,0
1.70852,-0.482185014,0
1.709125,-0.452601045,0
1.70973,-0.437070336,0
1.710335,-0.436100265,0
1.71094,-0.440273187,0
1.711545,-0.438712309,0
1.71215,-0.427870475,0
1.712755,-0.411977501,0
1.71336,-0.397043444,0
1.713965,-0.386119164,0
1.71457,-0.378681188,0
1.715175,-0.371596736,0
1.71578,-0.360174971,0
1.716385,-0.340854113,0
1.71699,-0.31565128,0
1.717595,-0.293743482,0
1.7182,-0.285820331,0
1.718805,-0.294794783,0
1.71941,-0.312397849,0
1.720015,-0.326149231,0
1.72062,-0.329779823,0
1.721225,-0.326360687,0
1.72183,-0.322619445,0
1.722435,-0.322484885,0
1.72304,-0.325611522,0
1.723645,-0.329041117,0
1.72425,-0.32873347,0
1.724855,-0.321384704,0
1.72546,-0.307677807,0
1.726065,-0.294205901,0
1.72667,-0.289999646,0
1.727275,-0.299224977,0
1.72788,-0.317239178,0
1.728485,-0.334485332,0
1.72909,-0.344211206,0
1.729695,-0.34627922,0
1.7303,-0.344923772,0
1.730905,-0.344673924,0
1.73151,-0.34782106,0
1.732115,-0.353239852,0
1.73272,-0.356346848,0
1.733325,-0.351742651,0
1.73393,-0.338621358,0
1.734535,-0.324091752,0
1.73514,-0.31889541,0
1.735745,-0.328120869,0
1.73635,-0.346456461,0
1.736955,-0.363125618,0
1.73756,-0.371176516,0
1.738165,-0.371692572,0
1.73877,-0.370145813,0
1.739375,-0.370652339,0
1.73998,-0.373774427,0
1.740585,-0.377599102,0
1.74119,-0.379139255,0
1.741795,-0.375215996,0
1.7424,-0.36441063,0
1.743005,-0.349851703,0
1.74361,-0.338840146,0
1.744215,-0.33750575,0
1.74482,-0.345344221,0
1.745425,-0.355583152,0
1.74603,-0.361040921,0
1.746635,-0.359409319,0
1.74724,-0.353350406,0
1.747845,-0.346886782,0
1.74845,-0.342215726,0
1.749055,-0.338796141,0
1.74966,-0.334077537,0
1.750265,-0.324816007,0
1.75087,-0.308955666,0
1.751475,-0.288030694,0
1.75208,-0.267688805,0
1.752685,-0.253879133,0
1.75329,-0.247278491,0
1.753895,-0.242241236,0
1.7545,-0.232170316,0
1.755105,-0.215206117,0
1.75571,-0.19398915,0
1.756315,-0.171366541,0
1.75692,-0.147965938,0
1.757525,-0.12323662,0
1.75813,-0.096961513,0
1.758735,-0.06890072,0
1.75934,-0.037921721,0
1.759945,-0.003130944,0
1.76055,0.033897015,0
1.761155,0.06929515,0
1.76176,0.100234607,0
1.762365,0.127724586,0
1.76297,0.15540675,0
1.763575,0.185853223,0
1.76418,0.218687538,0
1.764785,0.251831619,0
1.76539,0.283551408,0
1.765995,0.31318565,0
1.7666,0.340706312,0
1.767205,0.366434095,0
1.76781,0.391183535,0
1.768415,0.415770436,0
1.76902,0.439683006,0
1.769625,0.460585291,0
1.77023,0.476037936,0
1.770835,0.48599028,0
1.77144,0.493019978,0
1.772045,0.499927919,0
1.77265,0.507459061,0
1.773255,0.514266123,0
1.77386,0.518633244,0
1.774465,0.52006009,0
1.77507,0.519314011,0
1.775675,0.51734504,0
1.77628,0.51443382,0
1.776885,0.510257695,0
1.77749,0.504520888,0
1.778095,0.497338456,0
1.7787,0.489075934,0
1.779305,0.480114648,0
1.77991,0.470837374,0
1.780515,0.461652089,0
1.78112,0.452893001,0
1.781725,0.444670298,0
1.78233,0.436877716,0
1.782935,0.429283277,0
1.78354,0.421526885,0
1.784145,0.413365227,0
1.78475,0.405205461,0
1.785355,0.398011059,0
1.78596,0.392221303,0
1.786565,0.386968492,0
1.78717,0.380936199,0
1.787775,0.374073632,0
1.78838,0.367901168,0
1.788985,0.363844859,0
1.78959,0.361722897,0
1.790195,0.360231283,0
1.7908,0.358598535,0
1.791405,0.357344609,0
1.79201,0.357447954,0
1.792615,0.358967183,0
1.79322,0.36073409,0
1.793825,0.361760811,0
1.79443,0.362575268,0
1.795035,0.364081158,0
1.79564,0.36536459,0
1.796245,0.364482066,0
1.79685,0.361793395,0
1.797455,0.360546932,0
1.79806,0.363134181,0
1.798665,0.368139475,0
1.79927,0.372246491,0
1.799875,0.374210239,0
1.80048,0.375685081,0
1.801085,0.37854716,0
1.80169,0.38284511,0
1.802295,0.38736959,0
1.8029,0.390815484,0
1.803505,0.392096932,0
1.80411,0.390595086,0
1.804715,0.386855247,0
1.80532,0.382990489,0
1.805925,0.381547817,0
1.80653,0.383128051,0
1.807135,0.385707299,0
1.80774,0.387116699,0
1.808345,0.38728728,0
1.80895,0.387191853,0
1.809555,0.386925095,0
1.81016,0.386288452,0
1.810765,0.386047842,0
1.81137,0.386576004,0
1.811975,0.385924384,0
1.81258,0.381443667,0
1.813185,0.373382872,0
1.81379,0.365137194,0
1.814395,0.359524288,0
1.815,0.356221079,0
1.815605,0.353421919,0
1.81621,0.350559023,0
1.816815,0.348345846,0
1.81742,0.347006935,0
1.818025,0.345521859,0
1.81863,0.342792687,0
1.819235,0.339197025,0
1.81984,0.336181482,0
1.820445,0.333988096,0
1.82105,0.33066776,0
1.821655,0.324235291,0
1.82226,0.315552251,0
1.822865,0.308119883,0
1.82347,0.304569644,0
1.824075,0.30399352,0
1.82468,0.303353807,0
1.825285,0.300999412,0
1.82589,0.297946377,0
1.826495,0.295935021,0
1.8271,0.295367788,0
1.827705,0.295454934,0
1.82831,0.295230284,0
1.828915,0.293686962,0
1.82952,0.28973155,0
1.830125,0.283073604,0
1.83073,0.275197635,0
1.831335,0.268595909,0
1.83194,0.264567049,0
1.832545,0.26238805,0
1.83315,0.260826218,0
1.833755,0.259401002,0
1.83436,0.257820718,0
1.834965,0.255394963,0
1.83557,0.25194867,0
1.836175,0.248698164,0
1.83678,0.246960111,0
1.837385,0.24590393,0
1.83799,0.242773867,0
1.838595,0.23595279,0
1.8392,0.227111865,0
1.839805,0.219591619,0
1.84041,0.214822222,0
1.841015,0.21093629,0
1.84162,0.205287704,0
1.842225,0.19852407,0
1.84283,0.195116461,0
1.843435,0.197016753,0
1.84404,0.197456515,0
1.844645,0.187743564,0
1.84525,0.171500287,0
1.845855,0.162802588,0
1.84646,0.166875155,0
1.847065,0.172198727,0
1.84767,0.166135152,0
1.848275,0.150569262,0
1.84888,0.137040051,0
1.849485,0.131410983,0
1.85009,0.129398242,0
1.850695,0.125785041,0
1.8513,0.121580669,0
1.851905,0.119459358,0
1.85251,0.11687981,0
1.853115,0.10954289,0
1.85372,0.100190941,0
1.854325,0.097035542,0
1.85493,0.101874471,0
1.855535,0.105539947,0
1.85614,0.098426418,0
1.856745,0.082230049,0
1.85735,0.067770141,0
1.857955,0.062841176,0
1.85856,0.065593935,0
1.859165,0.068761156,0
1.85977,0.066912139,0
1.860375,0.059789799,0
1.86098,0.051048938,0
1.861585,0.044555319,0
1.86219,0.041472617,0
1.862795,0.040412087,0
1.8634,0.039567619,0
1.864005,0.037689429,0
1.86461,0.033485008,0
1.865215,0.02643999,0
1.86582,0.018760044,0
1.866425,0.01411541,0
1.86703,0.01339989,0
1.867635,0.013217784,0
1.86824,0.009683753,0
1.868845,0.002959489,0
1.86945,-0.003422841,0
1.870055,-0.007337643,0
1.87066,-0.010050319,0
1.871265,-0.01322135,0
1.87187,-0.016430654,0
1.872475,-0.019293752,0
1.87308,-0.024229747,0
1.873685,-0.034340361,0
1.87429,-0.04901144,0
1.874895,-0.064151524,0
1.8755,-0.076847935,0
1.876105,-0.087984264,0
1.87671,-0.100201248,0
1.877315,-0.114865256,0
1.87792,-0.131671131,0
1.878525,-0.149935102,0
1.87913,-0.168930122,0
1.879735,-0.187453951,0
1.88034,-0.204616404,0
1.880945,-0.221748317,0
1.88155,-0.242641067,0
1.882155,-0.270502942,0
1.88276,-0.304639069,0
1.883365,-0.340952074,0
1.88397,-0.375466045,0
1.884575,-0.40672642,0
1.88518,-0.435471712,0
1.885785,-0.463372381,0
1.88639,-0.492254437,0
1.886995,-0.523122574,0
1.8876,-0.554563755,0
1.888205,-0.582407995,0
1.88881,-0.602850867,0
1.889415,-0.617321689,0
1.89002,-0.633106868,0
1.890625,-0.656920131,0
1.89123,-0.687812249,0
1.891835,-0.717926771,0
1.89244,-0.740201007,0
1.893045,-0.753915618,0
1.89365,-0.762842042,0
1.894255,-0.770272298,0
1.89486,-0.777116536,0
1.895465,-0.782891576,0
1.89607,-0.785875982,0
1.896675,-0.782441086,0
1.89728,-0.769229161,0
1.897885,-0.748218303,0
1.89849,-0.728198301,0
1.899095,-0.718266647,0
1.8997,-0.719203307,0
1.900305,-0.722575085,0
1.90091,-0.718773029,0
1.901515,-0.704983299,0
1.90212,-0.68528584,0
1.902725,-0.665174234,0
1.90333,-0.647606688,0
1.903935,-0.632647083,0
1.90454,-0.61782463,0
1.905145,-0.59835848,0
1.90575,-0.570075108,0
1.906355,-0.534941203,0
1.90696,-0.50254536,0
1.907565,-0.483071567,0
1.90817,-0.478126211,0
1.908775,-0.479497101,0
1.90938,-0.476942872,0
1.909985,-0.466281927,0
1.91059,-0.450145546,0
1.911195,-0.433329516,0
1.9118,-0.419233126,0
1.912405,-0.408968849,0
1.91301,-0.400762471,0
1.913615,-0.389713957,0
1.91422,-0.370677774,0
1.914825,-0.344151164,0
1.91543,-0.319015287,0
1.916035,-0.306526353,0
1.91664,-0.310127221,0
1.917245,-0.322258445,0
1.91785,-0.331824675,0
1.918455,-0.333610598,0
1.91906,-0.329895668,0
1.919665,-0.325329832,0
1.92027,-0.322915964,0
1.920875,-0.323686474,0
1.92148,-0.326602375,0
1.922085,-0.327554684,0
1.92269,-0.320904645,0
1.923295,-0.305161633,0
1.9239,-0.287489292,0
1.924505,-0.279908897,0
1.92511,-0.288855637,0
1.925715,-0.308895179,0
1.92632,-0.327824677,0
1.926925,-0.337562294,0
1.92753,-0.33918957,0
1.928135,-0.338607111,0
1.92874,-0.339943398,0
1.929345,-0.343553854,0
1.92995,-0.347774392,0
1.930555,-0.350196636,0
1.93116,-0.347745603,0
1.931765,-0.338493992,0
1.93237,-0.32533996,0
1.932975,-0.316411088,0
1.93358,-0.319263238,0
1.934185,-0.33395457,0
1.93479,-0.352549796,0
1.935395,-0.365862077,0
1.936,-0.370333119,0
1.936605,-0.368702762,0
1.93721,-0.365973569,0
1.937815,-0.365818719,0
1.93842,-0.369128327,0
1.939025,-0.373540619,0
1.93963,-0.37405749,0
1.940235,-0.366368506,0
1.94084,-0.351844329,0
1.941445,-0.338630422,0
1.94205,-0.335506102,0
1.942655,-0.343899321,0
1.94326,-0.356663194,0
1.943865,-0.364926167,0
1.94447,-0.365459177,0
1.945075,-0.361233295,0
1.94568,-0.356512342,0
1.946285,-0.353168096,0
1.94689,-0.350938637,0
1.947495,-0.348744655,0
1.9481,-0.344521637,0
1.948705,-0.335256407,0
1.94931,-0.319760761,0
1.949915,-0.301745055,0
1.95052,-0.287970628,0
1.951125,-0.28198865,0
1.95173,-0.28053241,0
1.952335,-0.276865136,0
1.95294,-0.266802377,0
1.953545,-0.250788113,0
1.95415,-0.23158665,0
1.954755,-0.211609301,0
1.95536,-0.191837855,0
1.955965,-0.171679424,0
1.95657,-0.149182787,0
1.957175,-0.121947591,0
1.95778,-0.089119845,0
1.958385,-0.053205247,0
1.95899,-0.019092675,0
1.959595,0.009884298,0
1.9602,0.034952794,0
1.960805,0.060407231,0
1.96141,0.089365247,0
1.962015,0.121683625,0
1.96262,0.155465821,0
1.963225,0.189174228,0
1.96383,0.222045182,0
1.964435,0.25356457,0
1.96504,0.283512524,0
1.965645,0.312490199,0
1.96625,0.341580671,0
1.966855,0.370823443,0
1.96746,0.398267601,0
1.968065,0.421310394,0
1.96867,0.43921519,0
1.969275,0.453769909,0
1.96988,0.467244412,0
1.970485,0.480287713,0
1.97109,0.492050493,0
1.971695,0.501672913,0
1.9723,0.50907063,0
1.972905,0.514512096,0
1.97351,0.518108777,0
1.974115,0.520039301,0
1.97472,0.520859957,0
1.975325,0.520967188,0
1.97593,0.519698719,0
1.976535,0.515574895,0
1.97714,0.507932614,0
1.977745,0.498053284,0
1.97835,0.488223174,0
1.978955,0.479835795,0
1.97956,0.472629513,0
1.980165,0.465452785,0
1.98077,0.457464951,0
1.981375,0.448749273,0
1.98198,0.440076058,0
1.982585,0.432207385,0
1.98319,0.425280553,0
1.983795,0.418632999,0
1.9844,0.411225413,0
1.985005,0.402446676,0
1.98561,0.392734061,0
1.986215,0.383459182,0
1.98682,0.376039626,0
1.987425,0.371032113,0
1.98803,0.367949911,0
1.988635,0.365604133,0
1.98924,0.362629521,0
1.989845,0.358434599,0
1.99045,0.354232864,0
1.991055,0.352677727,0
1.99166,0.355378645,0
1.992265,0.360374305,0
1.99287,0.363062048,0
1.993475,0.360805606,0
1.99408,0.356184985,0
1.994685,0.354187369,0
1.99529,0.356302428,0
1.995895,0.359419338,0
1.9965,0.360857156,0
1.997105,0.36188694,0
1.99771,0.364991023,0
1.998315,0.369781545,0
1.99892,0.373739021,0
1.999525,0.37609765,0
2.00013,0.37870142,0
2.000735,0.382762877,0
2.00134,0.386689832,0
2.001945,0.387924355,0
2.00255,0.385878339,0
2.003155,0.382425592,0
2.00376,0.379943866,0
2.004365,0.379517379,0
2.00497,0.381022756,0
2.005575,0.383803483,0
2.00618,0.38658229,0
2.006785,0.387956615,0
2.00739,0.388063613,0
2.007995,0.38873011,0
2.0086,0.390840318,0
2.009205,0.392545708,0
2.00981,0.391367323,0
2.010415,0.387157292,0
2.01102,0.381701328,0
2.011625,0.376357974,0
2.01223,0.371540231,0
2.012835,0.367818719,0
2.01344,0.365804572,0
2.014045,0.364849721,0
2.01465,0.363256961,0
2.015255,0.360201144,0
2.01586,0.356630014,0
2.016465,0.354129946,0
2.01707,0.353236767,0
2.017675,0.352567676,0
2.01828,0.349632256,0
2.018885,0.343118185,0
2.01949,0.334354322,0
2.020095,0.326039538,0
2.0207,0.319721915,0
2.021305,0.31509278,0
2.02191,0.311493468,0
2.022515,0.309044358,0
2.02312,0.307847472,0
2.023725,0.306903095,0
2.02433,0.304868619,0
2.024935,0.301912187,0
2.02554,0.299793468,0
2.026145,0.29951275,0
2.02675,0.299587309,0
2.027355,0.297366574,0
2.02796,0.291760825,0
2.028565,0.284234161,0
2.02917,0.277290427,0
2.029775,0.272505511,0
2.03038,0.270017319,0
2.030985,0.269000169,0
2.03159,0.268144097,0
2.032195,0.266449037,0
2.0328,0.264072192,0
2.033405,0.261937919,0
2.03401,0.260371816,0
2.034615,0.25861318,0
2.03522,0.255759519,0
2.035825,0.251621587,0
2.03643,0.246355676,0
2.037035,0.239869083,0
2.03764,0.232313934,0
2.038245,0.224932497,0
2.03885,0.219560383,0
2.039455,0.216854202,0
2.04006,0.215204521,0
2.040665,0.211803545,0
2.04127,0.205441153,0
2.041875,0.19895702,0
2.04248,0.1975093,0
2.043085,0.201180776,0
2.04369,0.201040565,0
2.044295,0.189276326,0
2.0449,0.172094716,0
2.045505,0.163381673,0
2.04611,0.165910336,0
2.046715,0.168417034,0
2.04732,0.161768351,0
2.047925,0.149598236,0
2.04853,0.140771306,0
2.049135,0.137430188,0
2.04974,0.134907094,0
2.050345,0.130511723,0
2.05095,0.126697644,0
2.051555,0.124877968,0
2.05216,0.121260889,0
2.052765,0.112711059,0
2.05337,0.103478941,0
2.053975,0.100377362,0
2.05458,0.102368377,0
2.055185,0.10061404,0
2.05579,0.089714304,0
2.056395,0.074776513,0
2.057,0.065349572,0
2.057605,0.064991223,0
2.05821,0.06905372,0
2.058815,0.070588749,0
2.05942,0.066211001,0
2.060025,0.057749037,0
2.06063,0.049981883,0
2.061235,0.046334837,0
2.06184,0.045997483,0
2.062445,0.045290991,0
2.06305,0.04180311,0
2.063655,0.036168718,0
2.06426,0.029828922,0
2.064865,0.023420554,0
2.06547,0.018108374,0
2.066075,0.015762946,0
2.06668,0.01612909,4.940656E-324
2.067285,0.015521164,4.940656E-324
2.06789,0.010427727,9.881313E-324
2.068495,0.002065171,1.482197E-323
2.0691,-0.004538366,2.470328E-323
2.069705,-0.006366612,3.952525E-323
2.07031,-0.005883888,5.928788E-323
2.070915,-0.008076243,9.387247E-323
2.07152,-0.015157688,1.531604E-322
2.072125,-0.02534792,2.420922E-322
2.07273,-0.036122503,3.903119E-322
2.073335,-0.046674777,6.175821E-322
2.07394,-0.057022188,9.881313E-322
2.074545,-0.066761362,1.571129E-321
2.07515,-0.075930251,2.504913E-321
2.075755,-0.086243374,3.992050E-321
2.07636,-0.100069312,6.358625E-321
2.076965,-0.117609643,1.012835E-320
2.07757,-0.135631146,1.612630E-320
2.078175,-0.150138783,2.567659E-320
2.07878,-0.161063033,4.087405E-320
2.079385,-0.173706461,6.505856E-320
2.07999,-0.194180527,1.035315E-319
2.080595,-0.22332858,1.647462E-319
2.0812,-0.256188864,2.621068E-319
2.081805,-0.287231562,4.169469E-319
2.08241,-0.314989133,6.631596E-319
2.083015,-0.341843952,1.054608E-318
2.08362,-0.370749318,1.676884E-318
2.084225,-0.402683026,2.665934E-318
2.08483,-0.43636462,4.237715E-318
2.085435,-0.469279523,6.735207E-318
2.08604,-0.498813678,1.070302E-317
2.086645,-0.523525817,1.700583E-317
2.08725,-0.54465941,2.701628E-317
2.087855,-0.566306919,4.291306E-317
2.08846,-0.592660498,6.815372E-317
2.089065,-0.624294106,1.082246E-316
2.08967,-0.657486499,1.718297E-316
2.090275,-0.687253311,2.727765E-316
2.09088,-0.710636598,4.329640E-316
2.091485,-0.72758656,6.871204E-316
2.09209,-0.74012986,1.090310E-315
2.092695,-0.751155,1.729830E-315
2.0933,-0.762623217,2.744057E-315
2.093905,-0.773387211,4.352301E-315
2.09451,-0.778876359,6.902095E-315
2.095115,-0.774579129,1.094408E-314
2.09572,-0.761227151,1.735056E-314
2.096325,-0.746223292,2.750325E-314
2.09693,-0.738463814,4.359040E-314
2.097535,-0.740826221,6.907705E-314
2.09814,-0.747848348,1.094493E-313
2.098745,-0.750826148,1.733917E-313
2.09935,-0.744803,2.746501E-313
2.099955,-0.730954721,4.349782E-313
2.10056,-0.713863653,6.887973E-313
2.101165,-0.697691586,1.090565E-312
2.10177,-0.683937906,1.726426E-312
2.102375,-0.670721881,2.732627E-312
2.10298,-0.653463296,4.324631E-312
2.103585,-0.627813507,6.843116E-312
2.10419,-0.594230396,1.082667E-311
2.104795,-0.560102096,1.712664E-311
2.1054,-0.535529443,2.708855E-311
2.106005,-0.525236548,4.283861E-311
2.10661,-0.524331066,6.773625E-311
2.107215,-0.522490416,1.070886E-310
2.10782,-0.512543449,1.692784E-310
2.108425,-0.495062137,2.675444E-310
2.10903,-0.475628663,4.227917E-310
2.109635,-0.459181718,6.680258E-310
2.11024,-0.446841132,0
2.110845,-0.436074227,0
2.11145,-0.422286916,0
2.112055,-0.401242082,0
2.11266,-0.372898216,0
2.113265,-0.344164783,0
2.11387,-0.325689247,0
2.114475,-0.323453574,2.58E-308
2.11508,-0.333286287,4.07E-308
2.115685,-0.344188141,6.43E-308
2.11629,-0.347222736,1.01E-307
2.116895,-0.341554939,1.60E-307
2.1175,-0.332910844,2.52E-307
2.118105,-0.327437322,3.98E-307
2.11871,-0.327089323,6.27E-307
2.119315,-0.329296247,9.88E-307
2.11992,-0.329274389,1.56E-306
2.120525,-0.322701793,2.45E-306
2.12113,-0.308593811,3.87E-306
2.121735,-0.291808163,6.09E-306
2.12234,-0.281608135,9.60E-306
2.122945,-0.284963416,1.51E-305
2.12355,-0.300396398,2.38E-305
2.124155,-0.319048329,3.75E-305
2.12476,-0.331924061,5.90E-305
2.125365,-0.336042,9.28E-305
2.12597,-0.334562168,1.46E-304
2.126575,-0.332784308,2.30E-304
2.12718,-0.334446554,3.62E-304
2.127785,-0.339877782,5.69E-304
2.12839,-0.34547815,8.95E-304
2.128995,-0.345172527,1.41E-303
2.1296,-0.335044522,2.21E-303
2.130205,-0.318656835,3.48E-303
2.13081,-0.30661706,5.47E-303
2.131415,-0.308327624,8.60E-303
2.13202,-0.32356624,1.35E-302
2.132625,-0.342990969,2.12E-302
2.13323,-0.356903637,3.33E-302
2.133835,-0.362664359,5.24E-302
2.13444,-0.363871864,8.23E-302
2.135045,-0.364743254,1.29E-301
2.13565,-0.366910701,2.03E-301
2.136255,-0.369971547,3.18E-301
2.13686,-0.372447095,5.00E-301
2.137465,-0.371740644,7.84E-301
2.13807,-0.365226819,1.23E-300
2.138675,-0.353653392,1.93E-300
2.13928,-0.343023085,3.03E-300
2.139885,-0.340705887,4.75E-300
2.14049,-0.348716969,7.45E-300
2.141095,-0.361585654,1.17E-299
2.1417,-0.371295028,1.83E-299
2.142305,-0.373846621,2.87E-299
2.14291,-0.370836312,4.50E-299
2.143515,-0.366112053,7.05E-299
2.14412,-0.362479638,1.10E-298
2.144725,-0.360758206,1.73E-298
2.14533,-0.359795471,2.71E-298
2.145935,-0.356588561,4.25E-298
2.14654,-0.347675267,6.65E-298
2.147145,-0.332446975,1.04E-297
2.14775,-0.31547333,1.63E-297
2.148355,-0.303863438,2.55E-297
2.14896,-0.301097804,3.99E-297
2.149565,-0.303803124,6.25E-297
2.15017,-0.304994212,9.77E-297
2.150775,-0.300028297,1.53E-296
2.15138,-0.28914979,2.39E-296
2.151985,-0.275304198,3.74E-296
2.15259,-0.260764703,5.85E-296
2.153195,-0.245831699,9.14E-296
2.1538,-0.229756435,1.43E-295
2.154405,-0.211679367,2.23E-295
2.15501,-0.190286781,3.49E-295
2.155615,-0.164090978,5.45E-295
2.15622,-0.133678781,8.52E-295
2.156825,-0.102924202,1.33E-294
2.15743,-0.076128536,2.08E-294
2.158035,-0.05365624,3.25E-294
2.15864,-0.031480943,5.07E-294
2.159245,-0.005344798,7.91E-294
2.15985,0.025541862,1.24E-293
2.160455,0.058972489,1.93E-293
2.16106,0.092580101,3.01E-293
2.161665,0.125508398,4.69E-293
2.16227,0.157960938,7.32E-293
2.162875,0.190236099,1.14E-292
2.16348,0.222714476,1.78E-292
2.164085,0.256069689,2.78E-292
2.16469,0.290342617,4.33E-292
2.165295,0.323711192,6.75E-292
2.1659,0.353180229,1.05E-291
2.166505,0.377194772,1.64E-291
2.16711,0.397120074,2.55E-291
2.167715,0.415631562,3.98E-291
2.16832,0.434120335,6.20E-291
2.168925,0.452036821,9.65E-291
2.16953,0.468161035,1.50E-290
2.170135,0.481860772,2.34E-290
2.17074,0.493161441,3.64E-290
2.171345,0.502165748,5.67E-290
2.17195,0.508901929,8.83E-290
2.172555,0.513635327,1.37E-289
2.17316,0.516899498,2.14E-289
2.173765,0.518976625,3.32E-289
2.17437,0.519444082,5.17E-289
2.174975,0.517543985,8.04E-289
2.17558,0.513030359,1.25E-288
2.176185,0.506482786,1.94E-288
2.17679,0.499008747,3.02E-288
2.177395,0.49178213,4.70E-288
2.178,0.485418524,7.30E-288
2.178605,0.479490621,1.13E-287
2.17921,0.472911558,1.76E-287
2.179815,0.465062942,2.74E-287
2.18042,0.456499639,4.25E-287
2.181025,0.448395489,6.60E-287
2.18163,0.441285245,1.02E-286
2.182235,0.434436264,1.59E-286
2.18284,0.426537787,2.47E-286
2.183445,0.417097101,3.83E-286
2.18405,0.407114501,5.95E-286
2.184655,0.39823646,9.22E-286
2.18526,0.391304892,1.43E-285
2.185865,0.38582662,2.22E-285
2.18647,0.380663766,3.44E-285
2.187075,0.375147592,5.34E-285
2.18768,0.369750453,8.28E-285
2.188285,0.365682023,1.28E-284
2.18889,0.36357216,1.99E-284
2.189495,0.362721464,3.08E-284
2.1901,0.36204891,4.77E-284
2.190705,0.361373829,7.40E-284
2.19131,0.360911392,1.15E-283
2.191915,0.359820738,1.77E-283
2.19252,0.356730848,2.75E-283
2.193125,0.35233768,4.25E-283
2.19373,0.350132657,6.59E-283
2.194335,0.352828009,1.02E-282
2.19494,0.358560999,1.58E-282
2.195545,0.362719136,2.44E-282
2.19615,0.363555889,3.78E-282
2.196755,0.363923444,5.84E-282
2.19736,0.367088027,9.04E-282
2.197965,0.372693368,1.40E-281
2.19857,0.377729819,2.16E-281
2.199175,0.380153507,3.34E-281
2.19978,0.380219826,5.17E-281
2.200385,0.379110564,7.98E-281
2.20099,0.377887818,1.23E-280
2.201595,0.377506393,1.91E-280
2.2022,0.378531123,2.95E-280
2.202805,0.380616999,4.55E-280
2.20341,0.382738493,7.03E-280
2.204015,0.384248551,1.09E-279
2.20462,0.38561463,1.68E-279
2.205225,0.387603808,2.59E-279
2.20583,0.389933489,3.99E-279
2.206435,0.391683669,6.16E-279
2.20704,0.392778081,9.51E-279
2.207645,0.393536932,1.47E-278
2.20825,0.39279461,2.26E-278
2.208855,0.388578687,3.49E-278
2.20946,0.381415287,5.38E-278
2.210065,0.374969309,8.30E-278
2.21067,0.372184218,1.28E-277
2.211275,0.372218225,1.97E-277
2.21188,0.372265453,3.04E-277
2.212485,0.37109441,4.68E-277
2.21309,0.369416778,7.22E-277
2.213695,0.367770494,1.11E-276
2.2143,0.365864291,1.71E-276
2.214905,0.363692538,2.64E-276
2.21551,0.361720291,4.06E-276
2.216115,0.35979647,6.26E-276
2.21672,0.356635926,9.63E-276
2.217325,0.350715784,1.48E-275
2.21793,0.341977397,2.28E-275
2.218535,0.332713272,3.51E-275
2.21914,0.326107853,5.40E-275
2.219745,0.323370035,8.31E-275
2.22035,0.322643013,1.28E-274
2.220955,0.321148204,1.97E-274
2.22156,0.318047425,3.02E-274
2.222165,0.314772218,4.65E-274
2.22277,0.312887929,7.14E-274
2.223375,0.312222221,1.10E-273
2.22398,0.311231505,1.69E-273
2.224585,0.308778505,2.59E-273
2.22519,0.30486936,3.98E-273
2.225795,0.299811633,6.12E-273
2.2264,0.293736337,9.40E-273
2.227005,0.287239736,1.44E-272
2.22761,0.281636453,2.22E-272
2.228215,0.277980132,3.40E-272
2.22882,0.276043218,5.22E-272
2.229425,0.274706284,8.01E-272
2.23003,0.273208396,1.23E-271
2.230635,0.271449311,1.89E-271
2.23124,0.269453508,2.89E-271
2.231845,0.267488871,4.44E-271
2.23245,0.26624688,6.81E-271
2.233055,0.265697518,1.04E-270
2.23366,0.264038998,1.60E-270
2.234265,0.259090035,2.45E-270
2.23487,0.251026497,3.76E-270
2.235475,0.242771115,5.76E-270
2.23608,0.237084295,8.83E-270
2.236685,0.233942931,1.35E-269
2.23729,0.231369589,2.07E-269
2.237895,0.228141548,3.17E-269
2.2385,0.224738397,4.86E-269
2.239105,0.221771337,7.44E-269
2.23971,0.218419484,1.14E-268
2.240315,0.213212253,1.74E-268
2.24092,0.206772757,2.67E-268
2.241525,0.203001294,4.08E-268
2.24213,0.204443486,6.25E-268
2.242735,0.205401717,9.56E-268
2.24334,0.195742649,1.46E-267
2.243945,0.175852093,2.24E-267
2.24455,0.16017542,3.42E-267
2.245155,0.159387427,5.23E-267
2.24576,0.166419562,7.99E-267
2.246365,0.166898204,1.22E-266
2.24697,0.157333326,1.87E-266
2.247575,0.14621037,2.85E-266
2.24818,0.140468912,4.36E-266
2.248785,0.138049312,6.65E-266
2.24939,0.134443225,1.02E-265
2.249995,0.130363749,1.55E-265
2.2506,0.128660373,2.37E-265
2.251205,0.126981324,3.62E-265
2.25181,0.119753255,5.52E-265
2.252415,0.107789387,8.43E-265
2.25302,0.099561159,1.29E-264
2.253625,0.099967338,1.96E-264
2.25423,0.102865437,2.99E-264
2.254835,0.098658323,4.57E-264
2.25544,0.08634308,6.96E-264
2.256045,0.074127793,1.06E-263
2.25665,0.069250794,1.62E-263
2.257255,0.07096089,2.47E-263
2.25786,0.073413571,3.76E-263
2.258465,0.071984476,5.73E-263
2.25907,0.066168543,8.73E-263
2.259675,0.058587373,1.33E-262
2.26028,0.052126119,2.03E-262
2.260885,0.047564947,3.09E-262
2.26149,0.043689874,4.70E-262
2.262095,0.039519166,7.16E-262
2.2627,0.03550017,1.09E-261
2.263305,0.031916872,1.66E-261
2.26391,0.027808432,2.52E-261
2.264515,0.022945362,3.84E-261
2.26512,0.019124055,5.84E-261
2.265725,0.017683409,8.89E-261
2.26633,0.016934114,1.35E-260
2.266935,0.014027089,2.06E-260
2.26754,0.009113454,3.13E-260
2.268145,0.005396938,4.75E-260
2.26875,0.004270691,7.23E-260
2.269355,0.002676313,1.10E-259
2.26996,-0.003051371,1.67E-259
2.270565,-0.01234875,2.54E-259
2.27117,-0.021481041,3.85E-259
2.271775,-0.028618325,5.85E-259
2.27238,-0.035568259,8.89E-259
2.272985,-0.044461685,1.35E-258
2.27359,-0.054974176,2.05E-258
2.274195,-0.0655927,3.11E-258
2.2748,-0.075977399,4.72E-258
2.275405,-0.086832716,7.17E-258
2.27601,-0.098337208,1.09E-257
2.276615,-0.110257259,1.65E-257
2.27722,-0.123518173,2.50E-257
2.277825,-0.140213579,3.80E-257
2.27843,-0.16147541,5.76E-257
2.279035,-0.186001881,8.74E-257
2.27964,-0.211214672,1.32E-256
2.280245,-0.23563481,2.01E-256
2.28085,-0.259808646,3.04E-256
2.281455,-0.285251358,4.61E-256
2.28206,-0.313120262,6.99E-256
2.282665,-0.343813957,1.06E-255
2.28327,-0.376660716,1.60E-255
2.283875,-0.408955245,2.43E-255
2.28448,-0.436495635,3.68E-255
2.285085,-0.457642443,5.57E-255
2.28569,-0.477038951,8.43E-255
2.286295,-0.50278234,1.28E-254
2.2869,-0.538480519,1.93E-254
2.287505,-0.579213813,2.92E-254
2.28811,-0.616328216,4.42E-254
2.288715,-0.645259104,6.69E-254
2.28932,-0.667765538,1.01E-253
2.289925,-0.687929182,1.53E-253
2.29053,-0.707980717,2.31E-253
2.291135,-0.727698447,3.50E-253
2.29174,-0.745561002,5.29E-253
2.292345,-0.758963985,7.99E-253
2.29295,-0.764593092,1.21E-252
2.293555,-0.761433742,1.83E-252
2.29416,-0.754131448,2.76E-252
2.294765,-0.751000622,4.17E-252
2.29537,-0.75662415,6.29E-252
2.295975,-0.767076601,9.50E-252
2.29658,-0.773867748,1.43E-251
2.297185,-0.772037472,2.17E-251
2.29779,-0.763174564,3.27E-251
2.298395,-0.751617913,4.93E-251
2.299,-0.740031646,7.45E-251
2.299605,-0.728657073,1.12E-250
2.30021,-0.716312224,1.69E-250
2.300815,-0.700377295,2.56E-250
2.30142,-0.677307133,3.86E-250
2.302025,-0.646277231,5.81E-250
2.30263,-0.613051218,8.76E-250
2.303235,-0.587664793,1.32E-249
2.30384,-0.575935671,1.99E-249
2.304445,-0.573710696,3.00E-249
2.30505,-0.570866535,4.52E-249
2.305655,-0.560557566,6.81E-249
2.30626,-0.54340616,1.03E-248
2.306865,-0.523896502,1.55E-248
2.30747,-0.505538562,2.33E-248
2.308075,-0.489795932,3.50E-248
2.30868,-0.476587928,5.28E-248
2.309285,-0.463351574,7.94E-248
2.30989,-0.444942581,1.20E-247
2.310495,-0.418024469,1.80E-247
2.3111,-0.386882886,2.71E-247
2.311705,-0.362500106,4.07E-247
2.31231,-0.35342064,6.12E-247
2.312915,-0.357748163,9.21E-247
2.31352,-0.365146613,1.39E-246
2.314125,-0.366384379,2.08E-246
2.31473,-0.3600185,3.13E-246
2.315335,-0.350377893,4.70E-246
2.31594,-0.341693212,7.07E-246
2.316545,-0.335759256,1.06E-245
2.31715,-0.332876435,1.60E-245
2.317755,-0.331371442,2.40E-245
2.31836,-0.326289865,3.60E-245
2.318965,-0.312539928,5.41E-245
2.31957,-0.291993332,8.12E-245
2.320175,-0.275434546,1.22E-244
2.32078,-0.274096743,1.83E-244
2.321385,-0.288959748,2.75E-244
2.32199,-0.309796606,4.12E-244
2.322595,-0.324732372,6.18E-244
2.3232,-0.329729457,9.28E-244
2.323805,-0.328957458,1.39E-243
2.32441,-0.328193224,2.09E-243
2.325015,-0.329889082,3.13E-243
2.32562,-0.333443454,4.69E-243
2.326225,-0.33697913,7.03E-243
2.32683,-0.33755864,1.05E-242
2.327435,-0.331932457,1.58E-242
2.32804,-0.320126467,2.37E-242
2.328645,-0.308278742,3.55E-242
2.32925,-0.305311084,5.31E-242
2.329855,-0.315239294,7.96E-242
2.33046,-0.333181487,1.19E-241
2.331065,-0.349509045,1.78E-241
2.33167,-0.357753232,2.67E-241
2.332275,-0.35844843,4.00E-241
2.33288,-0.356634432,5.98E-241
2.333485,-0.357136765,8.95E-241
2.33409,-0.361569864,1.34E-240
2.334695,-0.367702198,2.00E-240
2.3353,-0.370518345,3.00E-240
2.335905,-0.365075573,4.48E-240
2.33651,-0.35106727,6.70E-240
2.337115,-0.335519732,1.00E-239
2.33772,-0.328838776,1.50E-239
2.338325,-0.336211515,2.24E-239
2.33893,-0.352942036,3.35E-239
2.339535,-0.368745762,5.00E-239
2.34014,-0.376442181,7.47E-239
2.340745,-0.376217011,1.12E-238
2.34135,-0.372608635,1.67E-238
2.341955,-0.369445611,2.49E-238
2.34256,-0.367871482,3.72E-238
2.343165,-0.367190271,5.55E-238
2.34377,-0.365735912,8.28E-238
2.344375,-0.360955988,1.24E-237
2.34498,-0.35076452,1.85E-237
2.345585,-0.33666779,2.75E-237
2.34619,-0.324592928,4.11E-237
2.346795,-0.32041232,6.13E-237
2.3474,-0.324117467,9.14E-237
2.348005,-0.329385041,1.36E-236
2.34861,-0.329314834,2.03E-236
2.349215,-0.321916107,3.03E-236
2.34982,-0.309996713,4.51E-236
2.350425,-0.297278063,6.73E-236
2.35103,-0.285625616,1.00E-235
2.351635,-0.274871748,1.49E-235
2.35224,-0.263213471,2.22E-235
2.352845,-0.247324386,3.31E-235
2.35345,-0.224239984,4.93E-235
2.354055,-0.195087218,7.35E-235
2.35466,-0.165944169,1.09E-234
2.355265,-0.142988097,1.63E-234
2.35587,-0.126610709,2.42E-234
2.356475,-0.111252379,3.61E-234
2.35708,-0.090984182,5.36E-234
2.357685,-0.06430722,7.98E-234
2.35829,-0.033667539,1.19E-233
2.358895,-0.001968515,1.77E-233
2.3595,0.029540082,2.63E-233
2.360105,0.060938616,3.90E-233
2.36071,0.092668804,5.80E-233
2.361315,0.125343849,8.62E-233
2.36192,0.159742734,1.28E-232
2.362525,0.195880137,1.90E-232
2.36313,0.231953136,2.83E-232
2.363735,0.265076147,4.20E-232
2.36434,0.29369156,6.24E-232
2.364945,0.318980412,9.27E-232
2.36555,0.343454461,1.38E-231
2.366155,0.368396595,2.04E-231
2.36676,0.393019073,3.03E-231
2.367365,0.415768213,4.50E-231
2.36797,0.435855079,6.68E-231
2.368575,0.453428602,9.91E-231
2.36918,0.468807151,1.47E-230
2.369785,0.482167497,2.18E-230
2.37039,0.493869317,3.24E-230
2.370995,0.504361708,4.80E-230
2.3716,0.513389566,7.11E-230
2.372205,0.519668683,1.05E-229
2.37281,0.522016348,1.56E-229
2.373415,0.520899365,2.32E-229
2.37402,0.518275334,3.43E-229
2.374625,0.515640322,5.08E-229
2.37523,0.512642879,7.53E-229
2.375835,0.507927256,1.12E-228
2.37644,0.501130791,1.65E-228
2.377045,0.493568468,2.45E-228
2.37765,0.486758195,3.62E-228
2.378255,0.480762373,5.36E-228
2.37886,0.474445843,7.93E-228
2.379465,0.466969604,1.17E-227
2.38007,0.458417886,1.74E-227
2.380675,0.449165903,2.57E-227
2.38128,0.439376982,3.80E-227
2.381885,0.429320642,5.62E-227
2.38249,0.419671926,8.31E-227
2.383095,0.411158138,1.23E-226
2.3837,0.404021184,1.82E-226
2.384305,0.397876705,2.69E-226
2.38491,0.392063349,3.97E-226
2.385515,0.386189139,5.87E-226
2.38612,0.380450189,8.67E-226
2.386725,0.375633352,1.28E-225
2.38733,0.372728308,1.89E-225
2.387935,0.371794212,2.79E-225
2.38854,0.370878189,4.12E-225
2.389145,0.367137267,6.09E-225
2.38975,0.36014976,8.98E-225
2.390355,0.353413959,1.33E-224
2.39096,0.351057811,1.96E-224
2.391565,0.353171943,2.89E-224
2.39217,0.355872824,4.26E-224
2.392775,0.356342059,6.28E-224
2.39338,0.356205026,9.27E-224
2.393985,0.358588437,1.37E-223
2.39459,0.363246886,2.01E-223
2.395195,0.367055378,2.97E-223
2.3958,0.368702258,4.38E-223
2.396405,0.370101233,6.45E-223
2.39701,0.372782566,9.51E-223
2.397615,0.375156737,1.40E-222
2.39822,0.374736374,2.06E-222
2.398825,0.371930679,3.04E-222
2.39943,0.369868383,4.48E-222
2.400035,0.370819861,6.59E-222
2.40064,0.374318379,9.70E-222
2.401245,0.378494081,1.43E-221
2.40185,0.381897403,2.10E-221
2.402455,0.384028264,3.09E-221
2.40306,0.385135131,4.55E-221
2.403665,0.386172157,6.69E-221
2.40427,0.388437452,9.85E-221
2.404875,0.392076707,1.45E-220
2.40548,0.394978355,2.13E-220
2.406085,0.394458038,3.13E-220
2.40669,0.39036669,4.60E-220
2.407295,0.385367728,6.77E-220
2.4079,0.381805686,9.94E-220
2.408505,0.379696367,1.46E-219
2.40911,0.378260451,2.15E-219
2.409715,0.37766094,3.15E-219
2.41032,0.378106747,4.63E-219
2.410925,0.378470194,6.80E-219
2.41153,0.377257091,9.99E-219
2.412135,0.374696786,1.47E-218
2.41274,0.372578994,2.15E-218
2.413345,0.371724436,3.16E-218
2.41395,0.37061562,4.64E-218
2.414555,0.366942582,6.80E-218
2.41516,0.360012636,9.98E-218
2.415765,0.351499442,1.46E-217
2.41637,0.343920009,2.15E-217
2.416975,0.338403237,3.15E-217
2.41758,0.334231887,4.62E-217
2.418185,0.330500962,6.77E-217
2.41879,0.327372981,9.92E-217
2.419395,0.325271498,1.45E-216
2.42,0.323707212,2.13E-216
2.420605,0.321773174,3.12E-216
2.42121,0.319396025,4.57E-216
2.421815,0.317388072,6.69E-216
2.42242,0.316163689,9.80E-216
2.423025,0.314529995,1.44E-215
2.42363,0.310299226,2.10E-215
2.424235,0.302814077,3.08E-215
2.42484,0.294443755,4.50E-215
2.425445,0.28862798,6.59E-215
2.42605,0.286570356,9.64E-215
2.426655,0.286488421,1.41E-214
2.42726,0.285895008,2.06E-214
2.427865,0.283848217,3.02E-214
2.42847,0.280955585,4.41E-214
2.429075,0.278202132,6.45E-214
2.42968,0.276338607,9.43E-214
2.430285,0.275561922,1.38E-213
2.43089,0.275005193,2.01E-213
2.431495,0.273044571,2.94E-213
2.4321,0.268676773,4.30E-213
2.432705,0.262304086,6.28E-213
2.43331,0.255072002,9.18E-213
2.433915,0.248044078,1.34E-212
2.43452,0.242207366,1.96E-212
2.435125,0.238435612,2.86E-212
2.43573,0.236654907,4.17E-212
2.436335,0.235419345,6.09E-212
2.43694,0.233115544,8.88E-212
2.437545,0.229566086,1.30E-211
2.43815,0.22600029,1.89E-211
2.438755,0.223444419,2.76E-211
2.43936,0.221254394,4.02E-211
2.439965,0.217290543,5.87E-211
2.44057,0.210316107,8.55E-211
2.441175,0.202791231,1.25E-210
2.44178,0.19892183,1.82E-210
2.442385,0.197399582,2.65E-210
2.44299,0.190377061,3.86E-210
2.443595,0.17530824,5.62E-210
2.4442,0.162345366,8.19E-210
2.444805,0.161740388,1.19E-209
2.44541,0.168917799,1.74E-209
2.446015,0.170566879,2.53E-209
2.44662,0.161942357,3.68E-209
2.447225,0.150611739,5.36E-209
2.44783,0.144399944,7.80E-209
2.448435,0.142230185,1.14E-208
2.44904,0.138729977,1.65E-208
2.449645,0.132860867,2.40E-208
2.45025,0.127437974,3.50E-208
2.450855,0.12232428,5.09E-208
2.45146,0.113969098,7.39E-208
2.452065,0.102944787,1.08E-207
2.45267,0.096257126,1.56E-207
2.453275,0.098189372,2.27E-207
2.45388,0.102831127,3.30E-207
2.454485,0.100303851,4.80E-207
2.45509,0.088626496,6.97E-207
2.455695,0.075683225,1.01E-206
2.4563,0.069847974,1.47E-206
2.456905,0.071828627,2.14E-206
2.45751,0.075855987,3.10E-206
2.458115,0.075733261,4.50E-206
2.45872,0.069240969,6.54E-206
2.459325,0.059070059,9.49E-206
2.45993,0.050147518,1.38E-205
2.460535,0.045151675,2.00E-205
2.46114,0.042604823,2.90E-205
2.461745,0.039743783,4.20E-205
2.46235,0.036226871,6.10E-205
2.462955,0.033244768,8.84E-205
2.46356,0.030129753,1.28E-204
2.464165,0.02513101,1.86E-204
2.46477,0.019340238,2.69E-204
2.465375,0.016423739,3.90E-204
2.46598,0.017403048,5.66E-204
2.466585,0.018145434,8.20E-204
2.46719,0.014001256,1.19E-203
2.467795,0.005545916,1.72E-203
2.4684,-0.002583869,2.49E-203
2.469005,-0.007749107,3.61E-203
2.46961,-0.011660893,5.22E-203
2.470215,-0.016718588,7.56E-203
2.47082,-0.02272658,1.09E-202
2.471425,-0.028725415,1.58E-202
2.47203,-0.035972328,2.29E-202
2.472635,-0.046362439,3.31E-202
2.47324,-0.058468418,4.79E-202
2.473845,-0.067857301,6.93E-202
2.47445,-0.072438432,1.00E-201
2.475055,-0.076177021,1.45E-201
2.47566,-0.085935621,2.10E-201
2.476265,-0.104740439,3.03E-201
2.47687,-0.129168987,4.38E-201
2.477475,-0.153308366,6.32E-201
2.47808,-0.174204266,9.14E-201
2.478685,-0.193134297,1.32E-200
2.47929,-0.212921794,1.91E-200
2.479895,-0.235501836,2.75E-200
2.4805,-0.261579648,3.98E-200
2.481105,-0.290702206,5.74E-200
2.48171,-0.320743852,8.29E-200
2.482315,-0.348345766,1.20E-199
2.48292,-0.371552621,1.73E-199
2.483525,-0.39256213,2.49E-199
2.48413,-0.416881409,3.59E-199
2.484735,-0.448638856,5.18E-199
2.48534,-0.486609736,7.47E-199
2.485945,-0.525312123,1.08E-198
2.48655,-0.559889795,1.55E-198
2.487155,-0.589349996,2.24E-198
2.48776,-0.615562541,3.23E-198
2.488365,-0.640684758,4.65E-198
2.48897,-0.66587416,6.71E-198
2.489575,-0.690753284,9.66E-198
2.49018,-0.712552718,1.39E-197
2.490785,-0.726723231,2.00E-197
2.49139,-0.730934255,2.89E-197
2.491995,-0.729279287,4.16E-197
2.4926,-0.730740036,5.98E-197
2.493205,-0.741718276,8.62E-197
2.49381,-0.760038642,1.24E-196
2.494415,-0.776945713,1.78E-196
2.49502,-0.784894688,2.57E-196
2.495625,-0.782992249,3.69E-196
2.49623,-0.775655081,5.31E-196
2.496835,-0.767697397,7.64E-196
2.49744,-0.761131468,1.10E-195
2.498045,-0.7549799,1.58E-195
2.49865,-0.746080034,2.27E-195
2.499255,-0.730194642,3.27E-195
2.49986,-0.705034671,4.69E-195
2.500465,-0.674237732,6.74E-195
2.50107,-0.647048158,9.69E-195
2.501675,-0.631424426,1.39E-194
2.50228,-0.626848906,2.00E-194
2.502885,-0.624844713,2.87E-194
2.50349,-0.616605553,4.12E-194
2.504095,-0.599577552,5.92E-194
2.5047,-0.577495597,8.50E-194
2.505305,-0.555980107,1.22E-193
2.50591,-0.538485325,1.75E-193
2.506515,-0.524608888,2.51E-193
2.50712,-0.510356543,3.60E-193
2.507725,-0.490213309,5.17E-193
2.50833,-0.461274281,7.41E-193
2.508935,-0.427413781,1.06E-192
2.50954,-0.398727273,1.52E-192
2.510145,-0.384436284,2.18E-192
2.51075,-0.385032879,3.13E-192
2.511355,-0.391691784,4.49E-192
2.51196,-0.393818533,6.43E-192
2.512565,-0.387105521,9.21E-192
2.51317,-0.374683358,1.32E-191
2.513775,-0.362333985,1.89E-191
2.51438,-0.353845765,2.71E-191
2.514985,-0.349326293,3.88E-191
2.51559,-0.345583044,5.55E-191
2.516195,-0.33795126,7.94E-191
2.5168,-0.323447341,1.14E-190
2.517405,-0.304027131,1.63E-190
2.51801,-0.287084254,2.33E-190
2.518615,-0.281052525,3.33E-190
2.51922,-0.288752763,4.76E-190
2.519825,-0.304642985,6.81E-190
2.52043,-0.319091195,9.75E-190
2.521035,-0.325834225,1.39E-189
2.52164,-0.325471785,1.99E-189
2.522245,-0.322790545,2.85E-189
2.52285,-0.322316533,4.07E-189
2.523455,-0.325752028,5.81E-189
2.52406,-0.331041264,8.31E-189
2.524665,-0.332900942,1.19E-188
2.52527,-0.326108507,1.70E-188
2.525875,-0.310914145,2.42E-188
2.52648,-0.295576981,3.46E-188
2.527085,-0.291192238,4.94E-188
2.52769,-0.302176736,7.05E-188
2.528295,-0.322181768,1.01E-187
2.5289,-0.340014894,1.44E-187
2.529505,-0.349196865,2.05E-187
2.53011,-0.351282025,2.92E-187
2.530715,-0.35127824,4.17E-187
2.53132,-0.352393073,5.94E-187
2.531925,-0.355288491,8.48E-187
2.53253,-0.359488667,1.21E-186
2.533135,-0.36317481,1.72E-186
2.53374,-0.362547523,2.46E-186
2.534345,-0.354610224,3.50E-186
2.53495,-0.342057116,4.99E-186
2.535555,-0.333330825,7.11E-186
2.53616,-0.335634408,1.01E-185
2.536765,-0.348099157,1.44E-185
2.53737,-0.362811983,2.05E-185
2.537975,-0.372324732,2.92E-185
2.53858,-0.375136852,4.16E-185
2.539185,-0.374351487,5.93E-185
2.53979,-0.373322722,8.43E-185
2.540395,-0.373485533,1.20E-184
2.541,-0.374531454,1.71E-184
2.541605,-0.374573819,2.43E-184
2.54221,-0.370201295,3.46E-184
2.542815,-0.358794992,4.92E-184
2.54342,-0.34266423,6.99E-184
2.544025,-0.329493102,9.94E-184
2.54463,-0.326293187,1.41E-183
2.545235,-0.332755138,2.01E-183
2.54584,-0.341662234,2.85E-183
2.546445,-0.34575103,4.06E-183
2.54705,-0.343069498,5.76E-183
2.547655,-0.335994266,8.19E-183
2.54826,-0.327314895,1.16E-182
2.548865,-0.318405022,1.65E-182
2.54947,-0.309640711,2.34E-182
2.550075,-0.300579094,3.33E-182
2.55068,-0.289411498,4.73E-182
2.551285,-0.273593245,6.71E-182
2.55189,-0.252388789,9.52E-182
2.552495,-0.228762429,1.35E-181
2.5531,-0.207712167,1.92E-181
2.553705,-0.191898464,2.72E-181
2.55431,-0.178984016,3.86E-181
2.554915,-0.163819536,5.47E-181
2.55552,-0.143057951,7.75E-181
2.556125,-0.117167039,1.10E-180
2.55673,-0.088642275,1.56E-180
2.557335,-0.059413255,2.21E-180
2.55794,-0.030019281,3.13E-180
2.558545,-0.000200356,4.43E-180
2.55915,0.030811649,6.28E-180
2.559755,0.064343244,8.89E-180
2.56036,0.101215489,1.26E-179
2.560965,0.139940374,1.78E-179
2.56157,0.176762982,2.53E-179
2.562175,0.208533858,3.57E-179
2.56278,0.235586445,5.06E-179
2.563385,0.261202962,7.16E-179
2.56399,0.288298423,1.01E-178
2.564595,0.317087586,1.43E-178
2.5652,0.345674624,2.03E-178
2.565805,0.372111275,2.87E-178
2.56641,0.395667701,4.06E-178
2.567015,0.416641336,5.73E-178
2.56762,0.435646355,8.11E-178
2.568225,0.45326605,1.15E-177
2.56883,0.469877624,1.62E-177
2.569435,0.4852107,2.29E-177
2.57004,0.498036888,3.23E-177
2.570645,0.506893423,4.57E-177
2.57125,0.511573254,6.45E-177
2.571855,0.513606032,9.11E-177
2.57246,0.514932763,1.29E-176
2.573065,0.516293578,1.82E-176
2.57367,0.516978604,2.56E-176
2.574275,0.515797393,3.62E-176
2.57488,0.512091323,5.11E-176
2.575485,0.506155716,7.21E-176
2.57609,0.49920215,1.02E-175
2.576695,0.492797073,1.43E-175
2.5773,0.48766524,2.02E-175
2.577905,0.482825313,2.85E-175
2.57851,0.47630611,4.02E-175
2.579115,0.467001013,5.67E-175
2.57972,0.455754311,7.99E-175
2.580325,0.444579918,1.13E-174
2.58093,0.435003223,1.59E-174
2.581535,0.427218911,2.24E-174
2.58214,0.420427348,3.15E-174
2.582745,0.413629986,4.44E-174
2.58335,0.406362663,6.25E-174
2.583955,0.399010794,8.80E-174
2.58456,0.392402773,1.24E-173
2.585165,0.387012712,1.74E-173
2.58577,0.382517595,2.46E-173
2.586375,0.378079399,3.45E-173
2.58698,0.373108478,4.86E-173
2.587585,0.367739119,6.84E-173
2.58819,0.362435345,9.62E-173
2.588795,0.357471291,1.35E-172
2.5894,0.353445559,1.90E-172
2.590005,0.351901893,2.68E-172
2.59061,0.354011983,3.76E-172
2.591215,0.358273627,5.29E-172
2.59182,0.360935585,7.43E-172
2.592425,0.359977448,1.04E-171
2.59303,0.357986865,1.47E-171
2.593635,0.359371081,2.06E-171
2.59424,0.364763677,2.90E-171
2.594845,0.370143518,4.07E-171
2.59545,0.371805039,5.71E-171
2.596055,0.370249707,8.02E-171
2.59666,0.368599799,1.13E-170
2.597265,0.368839217,1.58E-170
2.59787,0.370663332,2.22E-170
2.598475,0.373055499,3.11E-170
2.59908,0.375525767,4.36E-170
2.599685,0.377949415,6.12E-170
2.60029,0.380390365,8.58E-170
2.600895,0.383126901,1.20E-169
2.6015,0.386206817,1.69E-169
2.602105,0.389136022,2.37E-169
2.60271,0.391291873,3.32E-169
2.603315,0.392436551,4.65E-169
2.60392,0.392587762,6.51E-169
2.604525,0.391444756,9.13E-169
2.60513,0.388469057,1.28E-168
2.605735,0.384040883,1.79E-168
2.60634,0.38013994,2.51E-168
2.606945,0.378851777,3.51E-168
2.60755,0.379943991,4.92E-168
2.608155,0.380919618,6.88E-168
2.60876,0.380001725,9.64E-168
2.609365,0.378104242,1.35E-167
2.60997,0.377270235,1.89E-167
2.610575,0.378004946,2.64E-167
2.61118,0.378841959,3.69E-167
2.611785,0.378081787,5.16E-167
2.61239,0.375079741,7.22E-167
2.612995,0.369884651,1.01E-166
2.6136,0.362826378,1.41E-166
2.614205,0.354997107,1.97E-166
2.61481,0.348254219,2.76E-166
2.615415,0.344024658,3.85E-166
2.61602,0.342123636,5.38E-166
2.616625,0.340849522,7.52E-166
2.61723,0.338428064,1.05E-165
2.617835,0.334589269,1.47E-165
2.61844,0.330644703,2.05E-165
2.619045,0.327977644,2.86E-165
2.61965,0.326716754,3.99E-165
2.620255,0.325730349,5.57E-165
2.62086,0.323372805,7.78E-165
2.621465,0.318536929,1.09E-164
2.62207,0.311663074,1.51E-164
2.622675,0.304412756,2.11E-164
2.62328,0.298116596,2.95E-164
2.623885,0.293193058,4.11E-164
2.62449,0.289920907,5.73E-164
2.625095,0.288605891,7.99E-164
2.6257,0.288731862,1.11E-163
2.626305,0.288827825,1.55E-163
2.62691,0.287760365,2.16E-163
2.627515,0.285831405,3.01E-163
2.62812,0.284139201,4.20E-163
2.628725,0.283094756,5.85E-163
2.62933,0.281890814,8.14E-163
2.629935,0.279116015,1.13E-162
2.63054,0.273821696,1.58E-162
2.631145,0.266602458,2.20E-162
2.63175,0.259673635,3.06E-162
2.632355,0.255106213,4.26E-162
2.63296,0.252813751,5.92E-162
2.633565,0.25091779,8.24E-162
2.63417,0.248128514,1.15E-161
2.634775,0.24493851,1.59E-161
2.63538,0.24228347,2.22E-161
2.635985,0.240042185,3.08E-161
2.63659,0.237498951,4.29E-161
2.637195,0.234495608,5.96E-161
2.6378,0.231233791,8.28E-161
2.638405,0.227239929,1.15E-160
2.63901,0.221244114,1.60E-160
2.639615,0.212335354,2.22E-160
2.64022,0.201695638,3.08E-160
2.640825,0.19351474,4.28E-160
2.64143,0.191908793,5.95E-160
2.642035,0.194168907,8.26E-160
2.64264,0.190704819,1.15E-159
2.643245,0.177523349,1.59E-159
2.64385,0.164401532,2.21E-159
2.644455,0.162675221,3.06E-159
2.64506,0.169298645,4.25E-159
2.645665,0.171488556,5.90E-159
2.64627,0.163725451,8.18E-159
2.646875,0.152316896,1.13E-158
2.64748,0.144369919,1.57E-158
2.648085,0.139183837,2.18E-158
2.64869,0.132699352,3.02E-158
2.649295,0.125478914,4.19E-158
2.6499,0.121334397,5.81E-158
2.650505,0.119692986,8.04E-158
2.65111,0.1150911,1.11E-157
2.651715,0.106024017,1.54E-157
2.65232,0.099067108,2.14E-157
2.652925,0.099957629,2.96E-157
2.65353,0.104331776,4.10E-157
2.654135,0.102436717,5.67E-157
2.65474,0.091452621,7.85E-157
2.655345,0.07861867,1.09E-156
2.65595,0.071998538,1.50E-156
2.656555,0.071964965,2.08E-156
2.65716,0.072874162,2.88E-156
2.657765,0.069832049,3.98E-156
2.65837,0.062396601,5.51E-156
2.658975,0.053840151,7.61E-156
2.65958,0.047943111,1.05E-155
2.660185,0.045706934,1.45E-155
2.66079,0.044761465,2.01E-155
2.661395,0.042252509,2.78E-155
2.662,0.03799226,3.84E-155
2.662605,0.033803047,5.30E-155
2.66321,0.030496287,7.33E-155
2.663815,0.027557797,1.01E-154
2.66442,0.025173459,1.40E-154
2.665025,0.02397975,1.93E-154
2.66563,0.022760956,2.66E-154
2.666235,0.018676114,3.68E-154
2.66684,0.010836903,5.07E-154
2.667445,0.00227755,7.00E-154
2.66805,-0.003192017,9.66E-154
2.668655,-0.005443028,1.33E-153
2.66926,-0.007904379,1.84E-153
2.669865,-0.013345659,2.53E-153
2.67047,-0.021229075,3.49E-153
2.671075,-0.029362724,4.82E-153
2.67168,-0.036581858,6.64E-153
2.672285,-0.043061388,9.15E-153
2.67289,-0.049545316,1.26E-152
2.673495,-0.057409045,1.74E-152
2.6741,-0.068402444,2.39E-152
2.674705,-0.083287165,3.30E-152
2.67531,-0.101045086,4.54E-152
2.675915,-0.11972472,6.25E-152
2.67652,-0.137814132,8.61E-152
2.677125,-0.155028924,1.18E-151
2.67773,-0.172551342,1.63E-151
2.678335,-0.192440894,2.24E-151
2.67894,-0.215774162,3.09E-151
2.679545,-0.240918893,4.25E-151
2.68015,-0.264328392,5.85E-151
2.680755,-0.28402729,8.04E-151
2.68136,-0.302659549,1.11E-150
2.681965,-0.326283301,1.52E-150
2.68257,-0.359004455,2.09E-150
2.683175,-0.398702258,2.87E-150
2.68378,-0.438776446,3.95E-150
2.684385,-0.474155101,5.43E-150
2.68499,-0.504808498,7.46E-150
2.685595,-0.533638577,1.02E-149
2.6862,-0.562704697,1.41E-149
2.686805,-0.592207276,1.93E-149
2.68741,-0.621472287,2.65E-149
2.688015,-0.649055713,3.64E-149
2.68862,-0.672092745,5.00E-149
2.689225,-0.687680709,6.86E-149
2.68983,-0.696588613,9.42E-149
2.690435,-0.704741246,1.29E-148
2.69104,-0.718855631,1.77E-148
2.691645,-0.739911311,2.43E-148
2.69225,-0.761933508,3.34E-148
2.692855,-0.777669379,4.58E-148
2.69346,-0.784517499,6.27E-148
2.694065,-0.784774257,8.60E-148
2.69467,-0.782062533,1.18E-147
2.695275,-0.778888378,1.62E-147
2.69588,-0.776090597,2.21E-147
2.696485,-0.772074017,3.03E-147
2.69709,-0.762398358,4.16E-147
2.697695,-0.742828833,5.69E-147
2.6983,-0.715036483,7.80E-147
2.698905,-0.688147966,1.07E-146
2.69951,-0.672001065,1.46E-146
2.700115,-0.668170127,2.00E-146
2.70072,-0.668660346,2.74E-146
2.701325,-0.663644916,3.75E-146
2.70193,-0.649544618,5.13E-146
2.702535,-0.629638741,7.02E-146
2.70314,-0.608952081,9.60E-146
2.703745,-0.590302518,1.31E-145
2.70435,-0.57403905,1.80E-145
2.704955,-0.558559922,2.46E-145
2.70556,-0.539988819,3.36E-145
2.706165,-0.513902152,4.59E-145
2.70677,-0.480607023,6.27E-145
2.707375,-0.448339306,8.57E-145
2.70798,-0.428037743,1.17E-144
2.708585,-0.423398371,1.60E-144
2.70919,-0.427167183,2.19E-144
2.709795,-0.428034535,2.98E-144
2.7104,-0.420291749,4.08E-144
2.711005,-0.406299306,5.57E-144
2.71161,-0.391589926,7.60E-144
2.712215,-0.379911288,1.04E-143
2.71282,-0.37207154,1.42E-143
2.713425,-0.366328603,1.93E-143
2.71403,-0.358287707,2.63E-143
2.714635,-0.342499518,3.59E-143
2.71524,-0.317994851,4.90E-143
2.715845,-0.292974992,6.69E-143
2.71645,-0.280455473,9.12E-143
2.717055,-0.286577213,1.24E-142
2.71766,-0.304306172,1.69E-142
2.718265,-0.32013382,2.31E-142
2.71887,-0.326139313,3.15E-142
2.719475,-0.32436617,4.29E-142
2.72008,-0.321182275,5.84E-142
2.720685,-0.320607667,7.96E-142
2.72129,-0.3230082,1.08E-141
2.721895,-0.326749999,1.48E-141
2.7225,-0.328830603,2.01E-141
2.723105,-0.32514222,2.73E-141
2.72371,-0.313486856,3.72E-141
2.724315,-0.298077829,5.07E-141
2.72492,-0.288910346,6.89E-141
2.725525,-0.293852854,9.38E-141
2.72613,-0.311179482,1.28E-140
2.726735,-0.330841074,1.74E-140
2.72734,-0.343137989,2.36E-140
2.727945,-0.345830091,3.21E-140
2.72855,-0.343609925,4.36E-140
2.729155,-0.342598973,5.93E-140
2.72976,-0.345811098,8.06E-140
2.730365,-0.351923944,1.10E-139
2.73097,-0.356470484,1.49E-139
2.731575,-0.354496343,2.02E-139
2.73218,-0.344342507,2.75E-139
2.732785,-0.330581683,3.73E-139
2.73339,-0.322233519,5.06E-139
2.733995,-0.325957328,6.88E-139
2.7346,-0.340266439,9.34E-139
2.735205,-0.356825607,1.27E-138
2.73581,-0.367681193,1.72E-138
2.736415,-0.371001577,2.33E-138
2.73702,-0.370243316,3.17E-138
2.737625,-0.369580282,4.29E-138
2.73823,-0.371008735,5.83E-138
2.738835,-0.374239668,7.90E-138
2.73944,-0.377276303,1.07E-137
2.740045,-0.376723194,1.45E-137
2.74065,-0.369399005,1.97E-137
2.741255,-0.355891095,2.67E-137
2.74186,-0.34232164,3.62E-137
2.742465,-0.336504632,4.90E-137
2.74307,-0.341132027,6.64E-137
2.743675,-0.351102976,8.99E-137
2.74428,-0.358184483,1.22E-136
2.744885,-0.357992694,1.65E-136
2.74549,-0.352114874,2.23E-136
2.746095,-0.344735111,3.02E-136
2.7467,-0.338672815,4.09E-136
2.747305,-0.334115364,5.54E-136
2.74791,-0.329308314,7.49E-136
2.748515,-0.321374074,1.01E-135
2.74912,-0.30743993,1.37E-135
2.749725,-0.287200503,1.85E-135
2.75033,-0.26500359,2.51E-135
2.750935,-0.247574238,3.39E-135
2.75154,-0.238023546,4.58E-135
2.752145,-0.232608325,6.20E-135
2.75275,-0.224426011,8.38E-135
2.753355,-0.209639793,1.13E-134
2.75396,-0.189216114,1.53E-134
2.754565,-0.165879959,2.07E-134
2.75517,-0.141234071,2.79E-134
2.755775,-0.115637312,3.77E-134
2.75638,-0.089179013,5.09E-134
2.756985,-0.061568148,6.87E-134
2.75759,-0.031480979,9.28E-134
2.758195,0.00250997,1.25E-133
2.7588,0.039620771,1.69E-133
2.759405,0.076257527,2.28E-133
2.76001,0.108912536,3.08E-133
2.760615,0.137648567,4.15E-133
2.76122,0.165733112,5.60E-133
2.761825,0.195881439,7.55E-133
2.76243,0.227934957,1.02E-132
2.763035,0.260082,1.37E-132
2.76364,0.291015569,1.85E-132
2.764245,0.32039259,2.49E-132
2.76485,0.347987047,3.36E-132
2.765455,0.373445287,4.53E-132
2.76606,0.397044657,6.10E-132
2.766665,0.419868068,8.22E-132
2.76727,0.442459933,1.11E-131
2.767875,0.463437673,1.49E-131
2.76848,0.480258068,2.01E-131
2.769085,0.491779938,2.70E-131
2.76969,0.499488942,3.64E-131
2.770295,0.505817324,4.89E-131
2.7709,0.511824995,6.58E-131
2.771505,0.5168299,8.86E-131
2.77211,0.519804628,1.19E-130
2.772715,0.520629079,1.60E-130
2.77332,0.51992516,2.16E-130
2.773925,0.518005868,2.90E-130
2.77453,0.514414622,3.90E-130
2.775135,0.508707711,5.24E-130
2.77574,0.501524416,7.04E-130
2.776345,0.494293667,9.46E-130
2.77695,0.48759809,1.27E-129
2.777555,0.480449816,1.71E-129
2.77816,0.471673326,2.29E-129
2.778765,0.461546719,3.08E-129
2.77937,0.451584259,4.14E-129
2.779975,0.442922515,5.56E-129
2.78058,0.43537626,7.46E-129
2.781185,0.428059269,1.00E-128
2.78179,0.420480937,1.34E-128
2.782395,0.41288475,1.80E-128
2.783,0.405845162,2.42E-128
2.783605,0.399708402,3.24E-128
2.78421,0.39423295,4.35E-128
2.784815,0.388624914,5.84E-128
2.78542,0.382084698,7.83E-128
2.786025,0.374670785,1.05E-127
2.78663,0.367700153,1.41E-127
2.787235,0.362830848,1.89E-127
2.78784,0.36037595,2.53E-127
2.788445,0.358954541,3.39E-127
2.78905,0.357391612,4.54E-127
2.789655,0.356465512,6.08E-127
2.79026,0.357706785,8.14E-127
2.790865,0.360631192,1.09E-126
2.79147,0.362608934,1.46E-126
2.792075,0.362165536,1.95E-126
2.79268,0.361166343,2.61E-126
2.793285,0.362157161,3.50E-126
2.79389,0.364307036,4.68E-126
2.794495,0.364366215,6.26E-126
2.7951,0.361666605,8.38E-126
2.795705,0.359618942,1.12E-125
2.79631,0.36143638,1.50E-125
2.796915,0.366277696,2.00E-125
2.79752,0.370814104,2.68E-125
2.798125,0.373404302,3.58E-125
2.79873,0.375198174,4.79E-125
2.799335,0.377790835,6.40E-125
2.79994,0.381537854,8.55E-125
2.800545,0.385915553,1.14E-124
2.80115,0.389937979,1.53E-124
2.801755,0.392104487,2.04E-124
2.80236,0.391119152,2.72E-124
2.802965,0.387432173,3.63E-124
2.80357,0.383671028,4.85E-124
2.804175,0.382439702,6.47E-124
2.80478,0.383633641,8.64E-124
2.805385,0.385059853,1.15E-123
2.80599,0.385580182,1.54E-123
2.806595,0.386009564,2.05E-123
2.8072,0.386777279,2.74E-123
2.807805,0.386805694,3.65E-123
2.80841,0.385644584,4.87E-123
2.809015,0.384780435,6.49E-123
2.80962,0.385292177,8.65E-123
2.810225,0.385484724,1.15E-122
2.81083,0.382489701,1.54E-122
2.811435,0.37574875,2.05E-122
2.81204,0.367621146,2.73E-122
2.812645,0.360721942,3.63E-122
2.81325,0.355851771,4.84E-122
2.813855,0.352448039,6.44E-122
2.81446,0.349836292,8.58E-122
2.815065,0.347716177,1.14E-121
2.81567,0.345871638,1.52E-121
2.816275,0.343747094,2.02E-121
2.81688,0.340841865,2.69E-121
2.817485,0.337631528,3.58E-121
2.81809,0.335175096,4.76E-121
2.818695,0.33326785,6.34E-121
2.8193,0.329850741,8.43E-121
2.819905,0.323230069,1.12E-120
2.82051,0.314555176,1.49E-120
2.821115,0.30717572,1.98E-120
2.82172,0.303379782,2.63E-120
2.822325,0.302216793,3.50E-120
2.82293,0.300880216,4.65E-120
2.823535,0.298002742,6.18E-120
2.82414,0.294809754,8.20E-120
2.824745,0.29300998,1.09E-119
2.82535,0.292709498,1.45E-119
2.825955,0.292802911,1.92E-119
2.82656,0.292375441,2.55E-119
2.827165,0.290916557,3.39E-119
2.82777,0.287671984,4.49E-119
2.828375,0.282010337,5.96E-119
2.82898,0.274700402,7.91E-119
2.829585,0.267764712,1.05E-118
2.83019,0.262713319,1.39E-118
2.830795,0.259689376,1.85E-118
2.8314,0.258137423,2.45E-118
2.832005,0.257241044,3.25E-118
2.83261,0.255827343,4.30E-118
2.833215,0.253006392,5.70E-118
2.83382,0.249348432,7.56E-118
2.834425,0.246648159,1.00E-117
2.83503,0.245792783,1.33E-117
2.835635,0.245230598,1.76E-117
2.83624,0.242247066,2.33E-117
2.836845,0.235775947,3.08E-117
2.83745,0.227561068,4.08E-117
2.838055,0.220342933,5.40E-117
2.83866,0.215041805,7.15E-117
2.839265,0.210064337,9.46E-117
2.83987,0.203917093,1.25E-116
2.840475,0.198581351,1.66E-116
2.84108,0.197955065,2.19E-116
2.841685,0.200411255,2.90E-116
2.84229,0.196970395,3.83E-116
2.842895,0.183301872,5.07E-116
2.8435,0.169220337,6.70E-116
2.844105,0.167092162,8.86E-116
2.84471,0.174226866,1.17E-115
2.845315,0.17618895,1.55E-115
2.84592,0.165600863,2.04E-115
2.846525,0.14957753,2.70E-115
2.84713,0.138489634,3.57E-115
2.847735,0.133931079,4.71E-115
2.84834,0.130703306,6.22E-115
2.848945,0.126278533,8.22E-115
2.84955,0.122817609,1.08E-114
2.850155,0.120626447,1.43E-114
2.85076,0.11565897,1.89E-114
2.851365,0.106557686,2.49E-114
2.85197,0.099469325,3.29E-114
2.852575,0.100495176,4.34E-114
2.85318,0.105843481,5.73E-114
2.853785,0.104983847,7.55E-114
2.85439,0.093334323,9.96E-114
2.854995,0.077677064,1.31E-113
2.8556,0.067977541,1.73E-113
2.856205,0.066992142,2.28E-113
2.85681,0.069478111,3.01E-113
2.857415,0.068889553,3.96E-113
2.85802,0.063006457,5.22E-113
2.858625,0.054579874,6.87E-113
2.85923,0.04786938,9.05E-113
2.859835,0.044514765,1.19E-112
2.86044,0.042695412,1.57E-112
2.861045,0.040152605,2.07E-112
2.86165,0.037035532,2.72E-112
2.862255,0.034532308,3.58E-112
2.86286,0.031695325,4.71E-112
2.863465,0.02642246,6.20E-112
2.86407,0.019493757,8.15E-112
2.864675,0.014508785,1.07E-111
2.86528,0.012944862,1.41E-111
2.865885,0.011750251,1.85E-111
2.86649,0.007369993,2.44E-111
2.867095,0.000447955,3.21E-111
2.8677,-0.005510261,4.21E-111
2.868305,-0.009133597,5.54E-111
2.86891,-0.012383212,7.28E-111
2.869515,-0.016754429,9.56E-111
2.87012,-0.020874397,1.26E-110
2.870725,-0.023506999,1.65E-110
2.87133,-0.027177528,2.17E-110
2.871935,-0.036045254,2.84E-110
2.87254,-0.050502633,3.73E-110
2.873145,-0.066373691,4.90E-110
2.87375,-0.079855139,6.43E-110
2.874355,-0.091383059,8.44E-110
2.87496,-0.104006657,1.11E-109
2.875565,-0.119492302,1.45E-109
2.87617,-0.137169622,1.91E-109
2.876775,-0.155784138,2.50E-109
2.87738,-0.174946754,3.28E-109
2.877985,-0.194390397,4.30E-109
2.87859,-0.213114949,5.63E-109
2.879195,-0.23086241,7.38E-109
2.8798,-0.250164192,9.67E-109
2.880405,-0.275025158,1.27E-108
2.88101,-0.306824901,1.66E-108
2.881615,-0.342657742,2.17E-108
2.88222,-0.378205598,2.85E-108
2.882825,-0.411142889,3.73E-108
2.88343,-0.441507273,4.88E-108
2.884035,-0.470449319,6.39E-108
2.88464,-0.499671692,8.37E-108
2.885245,-0.530746246,1.10E-107
2.88585,-0.563098841,1.43E-107
2.886455,-0.592707085,1.88E-107
2.88706,-0.614710377,2.45E-107
2.887665,-0.62884476,3.21E-107
2.88827,-0.641580882,4.20E-107
2.888875,-0.660977828,5.49E-107
2.88948,-0.688898995,7.18E-107
2.890085,-0.719238154,9.38E-107
2.89069,-0.743917201,1.23E-106
2.891295,-0.759521971,1.60E-106
2.8919,-0.768095895,2.09E-106
2.892505,-0.773486229,2.74E-106
2.89311,-0.778327894,3.57E-106
2.893715,-0.783229221,4.67E-106
2.89432,-0.786480759,6.09E-106
2.894925,-0.784129865,7.96E-106
2.89553,-0.772393815,1.04E-105
2.896135,-0.752113457,1.36E-105
2.89674,-0.730528626,1.77E-105
2.897345,-0.716555504,2.31E-105
2.89795,-0.713109745,3.01E-105
2.898555,-0.714538816,3.93E-105
2.89916,-0.71201911,5.13E-105
2.899765,-0.700943969,6.69E-105
2.90037,-0.682978859,8.72E-105
2.900975,-0.662642457,1.14E-104
2.90158,-0.643629331,1.48E-104
2.902185,-0.627423905,1.93E-104
2.90279,-0.612638818,2.52E-104
2.903395,-0.59473121,3.28E-104
2.904,-0.568567883,4.27E-104
2.904605,-0.533972739,5.57E-104
2.90521,-0.498722129,7.25E-104
2.905815,-0.473782626,9.44E-104
2.90642,-0.464193449,1.23E-103
2.907025,-0.464870849,1.60E-103
2.90763,-0.465465867,2.08E-103
2.908235,-0.458825419,2.71E-103
2.90884,-0.44489509,3.53E-103
2.909445,-0.428137893,4.59E-103
2.91005,-0.413067545,5.97E-103
2.910655,-0.401792416,7.77E-103
2.91126,-0.393331332,1.01E-102
2.911865,-0.383726296,1.31E-102
2.91247,-0.367971678,1.71E-102
2.913075,-0.344571712,2.22E-102
2.91368,-0.319243809,2.89E-102
2.914285,-0.302141493,3.75E-102
2.91489,-0.299608378,4.87E-102
2.915495,-0.308930162,6.33E-102
2.9161,-0.321245674,8.22E-102
2.916705,-0.328703883,1.07E-101
2.91731,-0.328927652,1.39E-101
2.917915,-0.324456233,1.80E-101
2.91852,-0.319853663,2.34E-101
2.919125,-0.318922343,3.04E-101
2.91973,-0.32220692,3.94E-101
2.920335,-0.325671638,5.11E-101
2.92094,-0.322694477,6.63E-101
2.921545,-0.309755482,8.60E-101
2.92215,-0.29169913,1.12E-100
2.922755,-0.279971941,1.45E-100
2.92336,-0.283361574,1.88E-100
2.923965,-0.30022843,2.43E-100
2.92457,-0.320384194,3.15E-100
2.925175,-0.334210367,4.09E-100
2.92578,-0.339493636,5.30E-100
2.926385,-0.340184317,6.87E-100
2.92699,-0.340738547,8.90E-100
2.927595,-0.342979832,1.15E-99
2.9282,-0.346702729,1.49E-99
2.928805,-0.350464665,1.93E-99
2.92941,-0.35114932,2.50E-99
2.930015,-0.34513971,3.24E-99
2.93062,-0.332747256,4.19E-99
2.931225,-0.321108426,5.43E-99
2.93183,-0.319778346,7.02E-99
2.932435,-0.33195717,9.09E-99
2.93304,-0.350902827,1.18E-98
2.933645,-0.365918805,1.52E-98
2.93425,-0.371428936,1.97E-98
2.934855,-0.36974045,2.54E-98
2.93546,-0.366591275,3.29E-98
2.936065,-0.366029401,4.25E-98
2.93667,-0.368827293,5.49E-98
2.937275,-0.373109244,7.10E-98
2.93788,-0.374964703,9.17E-98
2.938485,-0.369948208,1.19E-97
2.93909,-0.357098915,1.53E-97
2.939695,-0.342181175,1.98E-97
2.9403,-0.334569227,2.55E-97
2.940905,-0.339121256,3.30E-97
2.94151,-0.351524955,4.26E-97
2.942115,-0.362484506,5.49E-97
2.94272,-0.366028987,7.09E-97
2.943325,-0.362901983,9.15E-97
2.94393,-0.357146614,1.18E-96
2.944535,-0.351810995,1.52E-96
2.94514,-0.34790411,1.96E-96
2.945745,-0.345042532,2.53E-96
2.94635,-0.341314314,3.27E-96
2.946955,-0.333293875,4.21E-96
2.94756,-0.318680945,5.43E-96
2.948165,-0.299937456,7.00E-96
2.94877,-0.283647891,9.02E-96
2.949375,-0.274719049,1.16E-95
2.94998,-0.271637793,1.50E-95
2.950585,-0.268208531,1.93E-95
2.95119,-0.259304565,2.48E-95
2.951795,-0.244125126,3.20E-95
2.9524,-0.224907359,4.12E-95
2.953005,-0.204166,5.30E-95
2.95361,-0.183199693,6.83E-95
2.954215,-0.16200952,8.79E-95
2.95482,-0.139507531,1.13E-94
2.955425,-0.113613911,1.46E-94
2.95603,-0.082388484,1.87E-94
2.956635,-0.046434822,2.41E-94
2.95724,-0.009911391,3.10E-94
2.957845,0.022248726,3.98E-94
2.95845,0.048768152,5.12E-94
2.959055,0.073106435,6.58E-94
2.95966,0.09990333,8.46E-94
2.960265,0.131027183,1.09E-93
2.96087,0.165009734,1.40E-93
2.961475,0.199145078,1.79E-93
2.96208,0.23159342,2.31E-93
2.962685,0.262031545,2.96E-93
2.96329,0.29110681,3.80E-93
2.963895,0.319670694,4.88E-93
2.9645,0.348226447,6.27E-93
2.965105,0.37643749,8.05E-93
2.96571,0.402852129,1.03E-92
2.966315,0.425537193,1.33E-92
2.96692,0.443645125,1.70E-92
2.967525,0.458295359,2.18E-92
2.96813,0.47144949,2.80E-92
2.968735,0.484026028,3.59E-92
2.96934,0.495385463,4.60E-92
2.969945,0.504425301,5.90E-92
2.97055,0.510810624,7.56E-92
2.971155,0.515087041,9.69E-92
2.97176,0.517928839,1.24E-91
2.972365,0.519657085,1.59E-91
2.97297,0.520348517,2.04E-91
2.973575,0.519845572,2.61E-91
2.97418,0.517461334,3.35E-91
2.974785,0.51227529,4.29E-91
2.97539,0.504366235,5.49E-91
2.975995,0.495413288,7.03E-91
2.9766,0.487321236,8.99E-91
2.977205,0.480380561,1.15E-90
2.97781,0.473376471,1.47E-90
2.978415,0.465331049,1.88E-90
2.97902,0.456490447,2.41E-90
2.979625,0.447653858,3.08E-90
2.98023,0.439268745,3.94E-90
2.980835,0.43145863,5.04E-90
2.98144,0.424334049,6.45E-90
2.982045,0.417714189,8.24E-90
2.98265,0.410759633,1.05E-89
2.983255,0.402464781,1.35E-89
2.98386,0.392761024,1.72E-89
2.984465,0.382912363,2.20E-89
2.98507,0.374578828,2.81E-89
2.985675,0.368639718,3.59E-89
2.98628,0.365056962,4.58E-89
2.986885,0.363295593,5.85E-89
2.98749,0.36226336,7.47E-89
2.988095,0.360537961,9.53E-89
2.9887,0.357913013,1.22E-88
2.989305,0.356433188,1.55E-88
2.98991,0.358331108,1.98E-88
2.990515,0.362544083,2.53E-88
2.99112,0.364749436,3.22E-88
2.991725,0.362084707,4.11E-88
2.99233,0.356937412,5.24E-88
2.992935,0.35429883,6.68E-88
2.99354,0.355841459,8.52E-88
2.994145,0.358860002,1.09E-87
2.99475,0.360920004,1.38E-87
2.995355,0.362856243,1.76E-87
2.99596,0.366415274,2.25E-87
2.996565,0.371059969,2.86E-87
2.99717,0.374708786,3.65E-87
2.997775,0.376800969,4.64E-87
2.99838,0.37886875,5.91E-87
2.998985,0.382005773,7.53E-87
2.99959,0.385213676,9.58E-87
3.000195,0.386587203,1.22E-86
3.0008,0.385289337,1.55E-86
3.001405,0.38221398,1.97E-86
3.00201,0.379219342,2.51E-86
3.002615,0.377985682,3.19E-86
3.00322,0.379260726,4.06E-86
3.003825,0.382372682,5.17E-86
3.00443,0.385363256,6.57E-86
3.005035,0.386547989,8.35E-86
3.00564,0.386344612,1.06E-85
3.006245,0.386747123,1.35E-85
3.00685,0.388580803,1.71E-85
3.007455,0.390220256,2.18E-85
3.00806,0.389582322,2.77E-85
3.008665,0.386390607,3.51E-85
3.00927,0.381830376,4.46E-85
3.009875,0.376882864,5.67E-85
3.01048,0.371890634,7.19E-85
3.011085,0.367389749,9.13E-85
3.01169,0.364256811,1.16E-84
3.012295,0.36260483,1.47E-84
3.0129,0.361313741,1.87E-84
3.013505,0.359183455,2.37E-84
3.01411,0.356174863,3.00E-84
3.014715,0.353351568,3.81E-84
3.01532,0.351672227,4.83E-84
3.015925,0.350667802,6.12E-84
3.01653,0.348466676,7.76E-84
3.017135,0.343495082,9.84E-84
3.01774,0.335997585,1.25E-83
3.018345,0.32767567,1.58E-83
3.01895,0.32024447,2.00E-83
3.019555,0.314597722,2.54E-83
3.02016,0.310813242,3.21E-83
3.020765,0.30850987,4.07E-83
3.02137,0.307213312,5.15E-83
3.021975,0.306233219,6.52E-83
3.02258,0.304545547,8.25E-83
3.023185,0.301780815,1.04E-82
3.02379,0.299153441,1.32E-82
3.024395,0.298233627,1.67E-82
3.025,0.298634255,2.12E-82
3.025605,0.297763501,2.68E-82
3.02621,0.29333054,3.39E-82
3.026815,0.285745462,4.28E-82
3.02742,0.277669011,5.41E-82
3.028025,0.271609072,6.84E-82
3.02863,0.268336598,8.65E-82
3.029235,0.26695159,1.09E-81
3.02984,0.26583682,1.38E-81
3.030445,0.263940593,1.74E-81
3.03105,0.261487763,2.20E-81
3.031655,0.259255851,2.78E-81
3.03226,0.25735959,3.52E-81
3.032865,0.255250149,4.44E-81
3.03347,0.252644739,5.60E-81
3.034075,0.249595196,7.08E-81
3.03468,0.245591942,8.93E-81
3.035285,0.239631232,1.13E-80
3.03589,0.231728261,1.42E-80
3.036495,0.223697352,1.79E-80
3.0371,0.217757479,2.26E-80
3.037705,0.214470072,2.85E-80
3.03831,0.212193743,3.60E-80
3.038915,0.208476861,4.54E-80
3.03952,0.202654173,5.72E-80
3.040125,0.197762782,7.21E-80
3.04073,0.197722562,9.09E-80
3.041335,0.200156991,1.14E-79
3.04194,0.196176654,1.44E-79
3.042545,0.182673613,1.82E-79
3.04315,0.16948158,2.29E-79
3.043755,0.166739265,2.88E-79
3.04436,0.17047566,3.63E-79
3.044965,0.16877996,4.57E-79
3.04557,0.158144994,5.75E-79
3.046175,0.146225579,7.24E-79
3.04678,0.140026611,9.11E-79
3.047385,0.137885126,1.15E-78
3.04799,0.134682845,1.44E-78
3.048595,0.130017864,1.81E-78
3.0492,0.126940024,2.28E-78
3.049805,0.124838086,2.87E-78
3.05041,0.119292892,3.61E-78
3.051015,0.11009773,4.53E-78
3.05162,0.103764108,5.70E-78
3.052225,0.1043843,7.16E-78
3.05283,0.10630793,9.00E-78
3.053435,0.100507306,1.13E-77
3.05404,0.086164029,1.42E-77
3.054645,0.071909838,1.78E-77
3.05525,0.065898425,2.24E-77
3.055855,0.067905913,2.81E-77
3.05646,0.071435341,3.53E-77
3.057065,0.070501971,4.43E-77
3.05767,0.063831819,5.57E-77
3.058275,0.054837429,6.98E-77
3.05888,0.048344918,8.76E-77
3.059485,0.04635977,1.10E-76
3.06009,0.046473352,1.38E-76
3.060695,0.044753009,1.73E-76
3.0613,0.040051268,2.17E-76
3.061905,0.034273341,2.72E-76
3.06251,0.028801736,3.41E-76
3.063115,0.023211823,4.27E-76
3.06372,0.017860453,5.36E-76
3.064325,0.014797888,6.71E-76
3.06493,0.014496778,8.41E-76
3.065535,0.01373497,1.05E-75
3.06614,0.009020635,1.32E-75
3.066745,0.001199899,1.65E-75
3.06735,-0.005402638,2.07E-75
3.067955,-0.008127879,2.59E-75
3.06856,-0.008720147,3.24E-75
3.069165,-0.010932913,4.06E-75
3.06977,-0.016784574,5.08E-75
3.070375,-0.025798671,6.35E-75
3.07098,-0.036725741,7.95E-75
3.071585,-0.048574095,9.94E-75
3.07219,-0.060278089,1.24E-74
3.072795,-0.070816681,1.56E-74
3.0734,-0.080397645,1.94E-74
3.074005,-0.091052539,2.43E-74
3.07461,-0.105207471,3.04E-74
3.075215,-0.12315644,3.80E-74
3.07582,-0.141935369,4.74E-74
3.076425,-0.157428377,5.93E-74
3.07703,-0.168677233,7.41E-74
3.077635,-0.180083252,9.25E-74
3.07824,-0.198182934,1.16E-73
3.078845,-0.22570425,1.44E-73
3.07945,-0.25924228,1.80E-73
3.080055,-0.292819824,2.25E-73
3.08066,-0.323075393,2.81E-73
3.081265,-0.350979138,3.50E-73
3.08187,-0.379526343,4.37E-73
3.082475,-0.410514853,5.45E-73
3.08308,-0.443362141,6.80E-73
3.083685,-0.476136564,8.48E-73
3.08429,-0.506629144,1.06E-72
3.084895,-0.53273087,1.32E-72
3.0855,-0.553888989,1.64E-72
3.086105,-0.573201417,2.05E-72
3.08671,-0.596284657,2.55E-72
3.087315,-0.626204152,3.18E-72
3.08792,-0.659967832,3.96E-72
3.088525,-0.691094888,4.94E-72
3.08913,-0.715185299,6.15E-72
3.089735,-0.732341415,7.66E-72
3.09034,-0.745276202,9.54E-72
3.090945,-0.756569198,1.19E-71
3.09155,-0.767407108,1.48E-71
3.092155,-0.777130394,1.84E-71
3.09276,-0.782759254,2.29E-71
3.093365,-0.780014744,2.85E-71
3.09397,-0.767357395,3.54E-71
3.094575,-0.749921232,4.41E-71
3.09518,-0.737452541,5.48E-71
3.095785,-0.736158017,6.82E-71
3.09639,-0.742669684,8.48E-71
3.096995,-0.74718348,1.05E-70
3.0976,-0.742406183,1.31E-70
3.098205,-0.728626694,1.63E-70
3.09881,-0.710965159,2.02E-70
3.099415,-0.69393439,2.51E-70
3.10002,-0.679018186,3.12E-70
3.100625,-0.665072362,3.88E-70
3.10123,-0.648900087,4.82E-70
3.101835,-0.626270577,5.98E-70
3.10244,-0.595307021,7.43E-70
3.103045,-0.560494777,9.22E-70
3.10365,-0.531746873,1.14E-69
3.104255,-0.516825069,1.42E-69
3.10486,-0.514029235,1.76E-69
3.105465,-0.513473523,2.19E-69
3.10607,-0.506000515,2.71E-69
3.106675,-0.490157073,3.36E-69
3.10728,-0.47081294,4.17E-69
3.107885,-0.453201796,5.17E-69
3.10849,-0.439434972,6.41E-69
3.109095,-0.428623563,7.94E-69
3.1097,-0.417484228,9.85E-69
3.110305,-0.401042101,1.22E-68
3.11091,-0.376066559,1.51E-68
3.111515,-0.346199988,1.87E-68
3.11212,-0.32219372,2.32E-68
3.112725,-0.314024101,2.87E-68
3.11333,-0.321708521,3.56E-68
3.113935,-0.334693662,4.40E-68
3.11454,-0.341164813,5.45E-68
3.115145,-0.337832085,6.75E-68
3.11575,-0.330218579,8.35E-68
3.116355,-0.324941044,1.03E-67
3.11696,-0.323960317,1.28E-67
3.117565,-0.325364554,1.58E-67
3.11817,-0.326177185,1.96E-67
3.118775,-0.322994097,2.42E-67
3.11938,-0.312777914,2.99E-67
3.119985,-0.296684339,3.70E-67
3.12059,-0.282569691,4.57E-67
3.121195,-0.280222439,5.65E-67
3.1218,-0.292578591,6.98E-67
3.122405,-0.312457434,8.62E-67
3.12301,-0.32866836,1.06E-66
3.123615,-0.335182446,1.32E-66
3.12422,-0.334236699,1.62E-66
3.124825,-0.331996841,2.01E-66
3.12543,-0.333083694,2.48E-66
3.126035,-0.338298319,3.06E-66
3.12664,-0.344651651,3.77E-66
3.127245,-0.346582249,4.66E-66
3.12785,-0.339364825,5.75E-66
3.128455,-0.324186325,7.09E-66
3.12906,-0.309827471,8.74E-66
3.129665,-0.306799814,1.08E-65
3.13027,-0.318419742,1.33E-65
3.130875,-0.338057351,1.64E-65
3.13148,-0.355356685,2.02E-65
3.132085,-0.364589167,2.49E-65
3.13269,-0.366936461,3.07E-65
3.133295,-0.3665479,3.78E-65
3.1339,-0.366524983,4.66E-65
3.134505,-0.368067709,5.74E-65
3.13511,-0.370840146,7.07E-65
3.135715,-0.372635644,8.71E-65
3.13632,-0.369789221,1.07E-64
3.136925,-0.360519372,1.32E-64
3.13753,-0.34867366,1.63E-64
3.138135,-0.342186472,2.00E-64
3.13874,-0.34616562,2.46E-64
3.139345,-0.357852903,3.03E-64
3.13995,-0.369172937,3.73E-64
3.140555,-0.373938174,4.59E-64
3.14116,-0.371899426,5.64E-64
3.141765,-0.366764599,6.94E-64
3.14237,-0.362271574,8.53E-64
3.142975,-0.360133039,1.05E-63
3.14358,-0.359716835,1.29E-63
3.144185,-0.35823216,1.58E-63
3.14479,-0.351740312,1.95E-63
3.145395,-0.338074201,2.39E-63
3.146,-0.32006743,2.94E-63
3.146605,-0.304787782,3.61E-63
3.14721,-0.29789518,4.43E-63
3.147815,-0.29851734,5.44E-63
3.14842,-0.300214402,6.68E-63
3.149025,-0.296847572,8.20E-63
3.14963,-0.286931779,1.01E-62
3.150235,-0.272790679,1.24E-62
3.15084,-0.257048571,1.52E-62
3.151445,-0.240650316,1.86E-62
3.15205,-0.223418506,2.28E-62
3.152655,-0.204951135,2.80E-62
3.15326,-0.184170142,3.43E-62
3.153865,-0.159170961,4.21E-62
3.15447,-0.129295647,5.16E-62
3.155075,-0.097262859,6.32E-62
3.15568,-0.067669544,7.75E-62
3.156285,-0.04259235,9.49E-62
3.15689,-0.019416523,1.16E-61
3.157495,0.006302033,1.42E-61
3.1581,0.036502863,1.75E-61
3.158705,0.069711517,2.14E-61
3.15931,0.103521288,2.62E-61
3.159915,0.136825221,3.20E-61
3.16052,0.169655658,3.92E-61
3.161125,0.201987728,4.80E-61
3.16173,0.233751754,5.88E-61
3.162335,0.265647154,7.19E-61
3.16294,0.298588638,8.80E-61
3.163545,0.331775461,1.08E-60
3.16415,0.362140512,1.32E-60
3.164755,0.386806658,1.61E-60
3.16536,0.406002104,1.97E-60
3.165965,0.422721054,2.41E-60
3.16657,0.439579709,2.94E-60
3.167175,0.456673327,3.59E-60
3.16778,0.472365126,4.39E-60
3.168385,0.485367154,5.36E-60
3.16899,0.495642528,6.55E-60
3.169595,0.503732048,8.01E-60
3.1702,0.509987249,9.78E-60
3.170805,0.514596056,1.19E-59
3.17141,0.517832075,1.46E-59
3.172015,0.519825103,1.78E-59
3.17262,0.520087119,2.17E-59
3.173225,0.517684387,2.65E-59
3.17383,0.512197957,3.23E-59
3.174435,0.504406785,3.95E-59
3.17504,0.495926966,4.81E-59
3.175645,0.488170844,5.87E-59
3.17625,0.481459824,7.16E-59
3.176855,0.475025253,8.73E-59
3.17746,0.467928251,1.06E-58
3.178065,0.459981119,1.30E-58
3.17867,0.451816353,1.58E-58
3.179275,0.444216486,1.93E-58
3.17988,0.437420069,2.35E-58
3.180485,0.430889302,2.86E-58
3.18109,0.423609617,3.48E-58
3.181695,0.414879349,4.24E-58
3.1823,0.405140817,5.16E-58
3.182905,0.395880406,6.29E-58
3.18351,0.3884252,7.65E-58
3.184115,0.38290533,9.32E-58
3.18472,0.378458733,1.13E-57
3.185325,0.37427317,1.38E-57
3.18593,0.370320129,1.68E-57
3.186535,0.367077122,2.04E-57
3.18714,0.364638352,2.48E-57
3.187745,0.362543109,3.02E-57
3.18835,0.36076482,3.67E-57
3.188955,0.360144638,4.46E-57
3.18956,0.360906526,5.43E-57
3.190165,0.361203299,6.59E-57
3.19077,0.358630906,8.01E-57
3.191375,0.353704577,9.74E-57
3.19198,0.350499698,1.18E-56
3.192585,0.352374695,1.44E-56
3.19319,0.357797842,1.74E-56
3.193795,0.362236599,2.12E-56
3.1944,0.363723216,2.57E-56
3.195005,0.364547228,3.12E-56
3.19561,0.367553288,3.79E-56
3.196215,0.372699556,4.60E-56
3.19682,0.377770657,5.58E-56
3.197425,0.380943984,6.77E-56
3.19803,0.381654493,8.21E-56
3.198635,0.380194737,9.96E-56
3.19924,0.37786217,1.21E-55
3.199845,0.376685647,1.46E-55
3.20045,0.377760558,1.78E-55
3.201055,0.380188259,2.15E-55
3.20166,0.382292404,2.61E-55
3.202265,0.383601439,3.16E-55
3.20287,0.38504029,3.83E-55
3.203475,0.387183126,4.64E-55
3.20408,0.389187286,5.62E-55
3.204685,0.390099313,6.81E-55
3.20529,0.390428264,8.24E-55
3.205895,0.391077169,9.98E-55
3.2065,0.390969034,1.21E-54
3.207105,0.387610736,1.46E-54
3.20771,0.380671218,1.77E-54
3.208315,0.373404169,2.14E-54
3.20892,0.369442583,2.59E-54
3.209525,0.369064124,3.13E-54
3.21013,0.3695342,3.79E-54
3.210735,0.368577401,4.58E-54
3.21134,0.366318269,5.54E-54
3.211945,0.363902169,6.70E-54
3.21255,0.361754819,8.10E-54
3.213155,0.359777871,9.79E-54
3.21376,0.358059396,1.18E-53
3.214365,0.356472802,1.43E-53
3.21497,0.353917172,1.73E-53
3.215575,0.348776488,2.09E-53
3.21618,0.340695184,2.52E-53
3.216785,0.331687466,3.04E-53
3.21739,0.324738637,3.67E-53
3.217995,0.32112843,4.43E-53
3.2186,0.319630862,5.35E-53
3.219205,0.318234798,6.46E-53
3.21981,0.315933566,7.79E-53
3.220415,0.313062947,9.40E-53
3.22102,0.310672957,1.13E-52
3.221625,0.309399054,1.37E-52
3.22223,0.308632565,1.65E-52
3.222835,0.307079426,1.99E-52
3.22344,0.303975796,2.40E-52
3.224045,0.299387178,2.89E-52
3.22465,0.293728608,3.48E-52
3.225255,0.287590226,4.20E-52
3.22586,0.281923026,5.06E-52
3.226465,0.27771926,6.09E-52
3.22707,0.275160579,7.34E-52
3.227675,0.273513628,8.84E-52
3.22828,0.272057172,1.06E-51
3.228885,0.270566087,1.28E-51
3.22949,0.268943518,1.54E-51
3.230095,0.267226222,1.86E-51
3.2307,0.265887797,2.23E-51
3.231305,0.265104228,2.69E-51
3.23191,0.263605683,3.23E-51
3.232515,0.259389269,3.89E-51
3.23312,0.252125119,4.68E-51
3.233725,0.244024541,5.63E-51
3.23433,0.237669246,6.77E-51
3.234935,0.233577044,8.13E-51
3.23554,0.230436067,9.78E-51
3.236145,0.227078969,1.18E-50
3.23675,0.223461857,1.41E-50
3.237355,0.21993032,1.70E-50
3.23796,0.216155794,2.04E-50
3.238565,0.211209029,2.45E-50
3.23917,0.20530176,2.94E-50
3.239775,0.201375903,3.53E-50
3.24038,0.202119013,4.24E-50
3.240985,0.203323472,5.09E-50
3.24159,0.195305865,6.11E-50
3.242195,0.17647662,7.33E-50
3.2428,0.159552591,8.80E-50
3.243405,0.156411383,1.06E-49
3.24401,0.162372164,1.27E-49
3.244615,0.163532058,1.52E-49
3.24522,0.154991229,1.82E-49
3.245825,0.144149218,2.18E-49
3.24643,0.138263144,2.62E-49
3.247035,0.135974104,3.14E-49
3.24764,0.132647818,3.76E-49
3.248245,0.128538108,4.51E-49
3.24885,0.126828261,5.40E-49
3.249455,0.125859961,6.47E-49
3.25006,0.119628453,7.75E-49
3.250665,0.107564157,9.28E-49
3.25127,0.097961758,1.11E-48
3.251875,0.097447082,1.33E-48
3.25248,0.101170223,1.59E-48
3.253085,0.098500248,1.91E-48
3.25369,0.086524714,2.28E-48
3.254295,0.073264366,2.73E-48
3.2549,0.067565312,3.27E-48
3.255505,0.069759606,3.91E-48
3.25611,0.073231093,4.67E-48
3.256715,0.071968621,5.59E-48
3.25732,0.065322376,6.68E-48
3.257925,0.057170198,7.99E-48
3.25853,0.051440954,9.55E-48
3.259135,0.048369649,1.14E-47
3.25974,0.04516008,1.36E-47
3.260345,0.039988213,1.63E-47
3.26095,0.034266877,1.95E-47
3.261555,0.030123638,2.32E-47
3.26216,0.026998501,2.78E-47
3.262765,0.022931379,3.32E-47
3.26337,0.018299991,3.96E-47
3.263975,0.015457468,4.73E-47
3.26458,0.014642346,5.64E-47
3.265185,0.01296393,6.73E-47
3.26579,0.008591929,8.03E-47
3.266395,0.003696347,9.58E-47
3.267,0.001120615,1.14E-46
3.267605,-0.000323167,1.36E-46
3.26821,-0.004662114,1.63E-46
3.268815,-0.013397483,1.94E-46
3.26942,-0.023696036,2.31E-46
3.270025,-0.032280579,2.76E-46
3.27063,-0.039196651,3.28E-46
3.271235,-0.046813877,3.91E-46
3.27184,-0.056586592,4.66E-46
3.272445,-0.068097209,5.55E-46
3.27305,-0.080492548,6.62E-46
3.273655,-0.093428651,7.88E-46
3.27426,-0.106554355,9.38E-46
3.274865,-0.119345934,1.12E-45
3.27547,-0.132275262,1.33E-45
3.276075,-0.14747816,1.58E-45
3.27668,-0.167224996,1.88E-45
3.277285,-0.191611323,2.24E-45
3.27789,-0.218286226,2.67E-45
3.278495,-0.244602175,3.17E-45
3.2791,-0.269675275,3.77E-45
3.279705,-0.294479944,4.49E-45
3.28031,-0.320785856,5.34E-45
3.280915,-0.350168195,6.34E-45
3.28152,-0.38277548,7.54E-45
3.282125,-0.415926926,8.96E-45
3.28273,-0.444886407,1.07E-44
3.283335,-0.467172927,1.27E-44
3.28394,-0.486451111,1.50E-44
3.284545,-0.510333837,1.79E-44
3.28515,-0.543194779,2.12E-44
3.285755,-0.5818591,2.52E-44
3.28636,-0.618917547,2.99E-44
3.286965,-0.649375099,3.55E-44
3.28757,-0.673372893,4.21E-44
3.288175,-0.693683848,5.00E-44
3.28878,-0.712457327,5.93E-44
3.289385,-0.73039919,7.04E-44
3.28999,-0.747157802,8.35E-44
3.290595,-0.76090268,9.90E-44
3.2912,-0.768203601,1.17E-43
3.291805,-0.766674452,1.39E-43
3.29241,-0.758880645,1.65E-43
3.293015,-0.752135525,1.96E-43
3.29362,-0.752550333,2.32E-43
3.294225,-0.759366562,2.75E-43
3.29483,-0.766099925,3.26E-43
3.295435,-0.766874032,3.86E-43
3.29604,-0.760576471,4.57E-43
3.296645,-0.749554206,5.41E-43
3.29725,-0.73650646,6.41E-43
3.297855,-0.723244555,7.59E-43
3.29846,-0.710368841,8.98E-43
3.299065,-0.696100093,1.06E-42
3.29967,-0.676087699,1.26E-42
3.300275,-0.647096585,1.49E-42
3.30088,-0.612425216,1.76E-42
3.301485,-0.582082392,2.08E-42
3.30209,-0.56507674,2.47E-42
3.302695,-0.561103221,2.92E-42
3.3033,-0.560864802,3.45E-42
3.303905,-0.55462643,4.08E-42
3.30451,-0.539581914,4.82E-42
3.305115,-0.51944955,5.69E-42
3.30572,-0.499437398,6.73E-42
3.306325,-0.482815869,7.95E-42
3.30693,-0.470093158,9.39E-42
3.307535,-0.458593555,1.11E-41
3.30814,-0.442924962,1.31E-41
3.308745,-0.418712997,1.55E-41
3.30935,-0.388129664,1.83E-41
3.309955,-0.360829755,2.16E-41
3.31056,-0.34694653,2.55E-41
3.311165,-0.348240643,3.00E-41
3.31177,-0.356668875,3.54E-41
3.312375,-0.361755196,4.18E-41
3.31298,-0.358746168,4.93E-41
3.313585,-0.349779907,5.82E-41
3.31419,-0.339579923,6.86E-41
3.314795,-0.332164736,8.09E-41
3.3154,-0.329697129,9.54E-41
3.316005,-0.33067213,1.12E-40
3.31661,-0.328922396,1.33E-40
3.317215,-0.317711767,1.56E-40
3.31782,-0.297432053,1.84E-40
3.318425,-0.278279826,2.17E-40
3.31903,-0.272634807,2.55E-40
3.319635,-0.284025042,3.01E-40
3.32024,-0.304265306,3.54E-40
3.320845,-0.321264212,4.17E-40
3.32145,-0.328952294,4.91E-40
3.322055,-0.329709702,5.78E-40
3.32266,-0.328991859,6.80E-40
3.323265,-0.329998205,8.00E-40
3.32387,-0.333058505,9.41E-40
3.324475,-0.337006633,1.11E-39
3.32508,-0.339334396,1.30E-39
3.325685,-0.336386568,1.53E-39
3.32629,-0.326339134,1.80E-39
3.326895,-0.313187718,2.12E-39
3.3275,-0.305868368,2.49E-39
3.328105,-0.311172096,2.93E-39
3.32871,-0.327295454,3.44E-39
3.329315,-0.345151411,4.04E-39
3.32992,-0.35626713,4.75E-39
3.330525,-0.359070548,5.57E-39
3.33113,-0.358012111,6.55E-39
3.331735,-0.358280827,7.69E-39
3.33234,-0.361873447,9.03E-39
3.332945,-0.367099697,1.06E-38
3.33355,-0.370021555,1.24E-38
3.334155,-0.366455204,1.46E-38
3.33476,-0.35499231,1.71E-38
3.335365,-0.340041262,2.01E-38
3.33597,-0.330653547,2.36E-38
3.336575,-0.333798989,2.77E-38
3.33718,-0.34800019,3.24E-38
3.337785,-0.364322078,3.80E-38
3.33839,-0.374091844,4.46E-38
3.338995,-0.37528934,5.23E-38
3.3396,-0.371771254,6.12E-38
3.340205,-0.368141261,7.18E-38
3.34081,-0.366340696,8.41E-38
3.341415,-0.365813206,9.85E-38
3.34202,-0.364824831,1.15E-37
3.342625,-0.360855483,1.35E-37
3.34323,-0.351437805,1.58E-37
3.343835,-0.337059343,1.85E-37
3.34444,-0.323014702,2.17E-37
3.345045,-0.316012138,2.54E-37
3.34565,-0.317815137,2.97E-37
3.346255,-0.323116337,3.48E-37
3.34686,-0.324440644,4.07E-37
3.347465,-0.318486059,4.76E-37
3.34807,-0.307257758,5.57E-37
3.348675,-0.294447624,6.51E-37
3.34928,-0.282167395,7.61E-37
3.349885,-0.270474119,8.90E-37
3.35049,-0.258021188,1.04E-36
3.351095,-0.242278604,1.22E-36
3.3517,-0.220549498,1.42E-36
3.352305,-0.192709636,1.66E-36
3.35291,-0.162868712,1.94E-36
3.353515,-0.136759661,2.27E-36
3.35412,-0.116655701,2.65E-36
3.354725,-0.099313279,3.09E-36
3.35533,-0.079333092,3.61E-36
3.355935,-0.053953922,4.21E-36
3.35654,-0.024187924,4.92E-36
3.357145,0.007585193,5.74E-36
3.35775,0.039842117,6.69E-36
3.358355,0.072074334,7.81E-36
3.35896,0.104160474,9.11E-36
3.359565,0.136462612,1.06E-35
3.36017,0.169969931,1.24E-35
3.360775,0.205228289,1.45E-35
3.36138,0.240961773,1.68E-35
3.361985,0.27443962,1.96E-35
3.36259,0.303706328,2.29E-35
3.363195,0.329261198,2.67E-35
3.3638,0.353140125,3.11E-35
3.364405,0.37663364,3.62E-35
3.36501,0.39944465,4.22E-35
3.365615,0.420743265,4.91E-35
3.36622,0.440239894,5.72E-35
3.366825,0.457991067,6.66E-35
3.36743,0.473649786,7.75E-35
3.368035,0.486584496,9.03E-35
3.36864,0.496815576,1.05E-34
3.369245,0.505306744,1.22E-34
3.36985,0.512923292,1.42E-34
3.370455,0.519172654,1.65E-34
3.37106,0.52248058,1.92E-34
3.371665,0.522067084,2.24E-34
3.37227,0.51907928,2.60E-34
3.372875,0.515328558,3.03E-34
3.37348,0.511314783,3.52E-34
3.374085,0.506165036,4.09E-34
3.37469,0.499365439,4.75E-34
3.375295,0.491771231,5.52E-34
3.3759,0.484551517,6.41E-34
3.376505,0.477734479,7.45E-34
3.37711,0.470454055,8.65E-34
3.377715,0.462301006,1.00E-33
3.37832,0.453688931,1.17E-33
3.378925,0.444968432,1.35E-33
3.37953,0.435930847,1.57E-33
3.380135,0.426414487,1.82E-33
3.38074,0.416858763,2.12E-33
3.381345,0.407958642,2.46E-33
3.38195,0.400100198,2.85E-33
3.382555,0.393301461,3.30E-33
3.38316,0.387399334,3.83E-33
3.383765,0.382111275,4.44E-33
3.38437,0.377143674,5.15E-33
3.384975,0.372547371,5.97E-33
3.38558,0.368963116,6.92E-33
3.386185,0.367055575,8.02E-33
3.38679,0.366242448,9.29E-33
3.387395,0.364462357,1.08E-32
3.388,0.360346836,1.25E-32
3.388605,0.355535021,1.44E-32
3.38921,0.353298305,1.67E-32
3.389815,0.354456836,1.94E-32
3.39042,0.356250881,2.24E-32
3.391025,0.356204401,2.60E-32
3.39163,0.355624253,3.00E-32
3.392235,0.357480284,3.48E-32
3.39284,0.361781261,4.02E-32
3.393445,0.365611523,4.65E-32
3.39405,0.367614385,5.38E-32
3.394655,0.369680232,6.22E-32
3.39526,0.373419285,7.19E-32
3.395865,0.377150835,8.32E-32
3.39647,0.377911067,9.62E-32
3.397075,0.375377285,1.11E-31
3.39768,0.372244794,1.28E-31
3.398285,0.371231312,1.48E-31
3.39889,0.373062106,1.71E-31
3.399495,0.376858474,1.98E-31
3.4001,0.381091359,2.29E-31
3.400705,0.384270203,2.64E-31
3.40131,0.385763349,3.05E-31
3.401915,0.38641575,3.52E-31
3.40252,0.387946661,4.06E-31
3.403125,0.391065341,4.69E-31
3.40373,0.394190036,5.41E-31
3.404335,0.394690876,6.24E-31
3.40494,0.391639631,7.20E-31
3.405545,0.386750899,8.31E-31
3.40615,0.382319716,9.58E-31
3.406755,0.37909587,1.10E-30
3.40736,0.376755229,1.27E-30
3.407965,0.375398433,1.47E-30
3.40857,0.37543767,1.69E-30
3.409175,0.376293566,1.95E-30
3.40978,0.376261114,2.25E-30
3.410385,0.374283991,2.59E-30
3.41099,0.371339551,2.98E-30
3.411595,0.369169276,3.43E-30
3.4122,0.367857114,3.96E-30
3.412805,0.365478095,4.55E-30
3.41341,0.360189006,5.24E-30
3.414015,0.35222573,6.03E-30
3.41462,0.343683017,6.95E-30
3.415225,0.3365662,7.99E-30
3.41583,0.331413528,9.20E-30
3.416435,0.327732234,1.06E-29
3.41704,0.325036915,1.22E-29
3.417645,0.322979156,1.40E-29
3.41825,0.321073192,1.61E-29
3.418855,0.318997207,1.85E-29
3.41946,0.316925748,2.13E-29
3.420065,0.315322287,2.44E-29
3.42067,0.314420822,2.81E-29
3.421275,0.313458724,3.23E-29
3.42188,0.310542326,3.71E-29
3.422485,0.304354501,4.26E-29
3.42309,0.296168689,4.89E-29
3.423695,0.289238555,5.62E-29
3.4243,0.285808806,6.45E-29
3.424905,0.285188099,7.40E-29
3.42551,0.284999819,8.50E-29
3.426115,0.283690406,9.75E-29
3.42672,0.281303753,1.12E-28
3.427325,0.278588126,1.28E-28
3.42793,0.276285886,1.47E-28
3.428535,0.274862164,1.69E-28
3.42914,0.274023804,1.94E-28
3.429745,0.272551064,2.22E-28
3.43035,0.269140587,2.55E-28
3.430955,0.263442384,2.92E-28
3.43156,0.256154782,3.35E-28
3.432165,0.248521222,3.84E-28
3.43277,0.241984577,4.40E-28
3.433375,0.237661168,5.04E-28
3.43398,0.235440633,5.77E-28
3.434585,0.233846202,6.61E-28
3.43519,0.231336987,7.57E-28
3.435795,0.227693006,8.66E-28
3.4364,0.223893446,9.92E-28
3.437005,0.220814834,1.14E-27
3.43761,0.218101915,1.30E-27
3.438215,0.214208811,1.49E-27
3.43882,0.208275268,1.70E-27
3.439425,0.202352442,1.95E-27
3.44003,0.199270343,2.23E-27
3.440635,0.196483112,2.55E-27
3.44124,0.186973484,2.91E-27
3.441845,0.170837841,3.33E-27
3.44245,0.159442372,3.80E-27
3.443055,0.161036818,4.35E-27
3.44366,0.168431711,4.97E-27
3.444265,0.168320711,5.68E-27
3.44487,0.158057605,6.49E-27
3.445475,0.146520611,7.41E-27
3.44608,0.140915562,8.46E-27
3.446685,0.13911679,9.66E-27
3.44729,0.135759924,1.10E-26
3.447895,0.130338826,1.26E-26
3.4485,0.125370209,1.44E-26
3.449105,0.119773042,1.64E-26
3.44971,0.110043636,1.87E-26
3.450315,0.098193632,2.14E-26
3.45092,0.092190479,2.44E-26
3.451525,0.09537537,2.78E-26
3.45213,0.100219517,3.17E-26
3.452735,0.096652037,3.62E-26
3.45334,0.084055026,4.12E-26
3.453945,0.071480748,4.70E-26
3.45455,0.067092648,5.36E-26
3.455155,0.070585838,6.10E-26
3.45576,0.075446148,6.95E-26
3.456365,0.075327822,7.92E-26
3.45697,0.068280719,9.02E-26
3.457575,0.057503974,1.03E-25
3.45818,0.048474914,1.17E-25
3.458785,0.044097222,1.33E-25
3.45939,0.042501555,1.52E-25
3.459995,0.040185968,1.73E-25
3.4606,0.036423697,1.97E-25
3.461205,0.032777263,2.24E-25
3.46181,0.029348589,2.54E-25
3.462415,0.024735979,2.89E-25
3.46302,0.019607557,3.29E-25
3.463625,0.016955391,3.74E-25
3.46423,0.017578656,4.26E-25
3.464835,0.017761759,4.84E-25
3.46544,0.013473735,5.50E-25
3.466045,0.005417147,6.26E-25
3.46665,-0.002243815,7.11E-25
3.467255,-0.007264485,8.08E-25
3.46786,-0.01119914,9.18E-25
3.468465,-0.016137781,1.04E-24
3.46907,-0.022052371,1.18E-24
3.469675,-0.028458159,1.34E-24
3.47028,-0.036579063,1.53E-24
3.470885,-0.047705644,1.73E-24
3.47149,-0.06023638,1.97E-24
3.472095,-0.070391235,2.23E-24
3.4727,-0.076484341,2.53E-24
3.473305,-0.081735992,2.87E-24
3.47391,-0.091946642,3.26E-24
3.474515,-0.110145547,3.70E-24
3.47512,-0.133868954,4.19E-24
3.475725,-0.157903347,4.76E-24
3.47633,-0.179219675,5.39E-24
3.476935,-0.198723502,6.11E-24
3.47754,-0.219041597,6.93E-24
3.478145,-0.242037209,7.85E-24
3.47875,-0.268256737,8.90E-24
3.479355,-0.297222548,1.01E-23
3.47996,-0.327397348,1.14E-23
3.480565,-0.356361923,1.29E-23
3.48117,-0.382178508,1.46E-23
3.481775,-0.405337841,1.66E-23
3.48238,-0.429229993,1.88E-23
3.482985,-0.457924818,2.13E-23
3.48359,-0.492654724,2.41E-23
3.484195,-0.53033814,2.72E-23
3.4848,-0.565973564,3.08E-23
3.485405,-0.596552538,3.48E-23
3.48601,-0.622666594,3.94E-23
3.486615,-0.64696309,4.46E-23
3.48722,-0.671580844,5.04E-23
3.487825,-0.696520172,5.70E-23
3.48843,-0.719156891,6.44E-23
3.489035,-0.735000158,7.28E-23
3.48964,-0.740726354,8.23E-23
3.490245,-0.738373674,9.30E-23
3.49085,-0.735932808,1.05E-22
3.491455,-0.741615486,1.19E-22
3.49206,-0.75650561,1.34E-22
3.492665,-0.77339429,1.51E-22
3.49327,-0.783280249,1.71E-22
3.493875,-0.782723956,1.93E-22
3.49448,-0.775112561,2.18E-22
3.495085,-0.766127994,2.46E-22
3.49569,-0.758903704,2.77E-22
3.496295,-0.752665367,3.13E-22
3.4969,-0.744062726,3.53E-22
3.497505,-0.728959819,3.98E-22
3.49811,-0.704725507,4.49E-22
3.498715,-0.673485074,5.06E-22
3.49932,-0.643170876,5.71E-22
3.499925,-0.622715309,6.43E-22
3.50053,-0.614502307,7.25E-22
3.501135,-0.612141618,8.17E-22
3.50174,-0.606304136,9.21E-22
3.502345,-0.592334347,1.04E-21
3.50295,-0.572314505,1.17E-21
3.503555,-0.551344812,1.32E-21
3.50416,-0.533116977,1.48E-21
3.504765,-0.518135825,1.67E-21
3.50537,-0.50394485,1.88E-21
3.505975,-0.486079249,2.12E-21
3.50658,-0.460501261,2.38E-21
3.507185,-0.427949093,2.68E-21
3.50779,-0.396380054,3.01E-21
3.508395,-0.376583737,3.39E-21
3.509,-0.373180061,3.81E-21
3.509605,-0.380068171,4.29E-21
3.51021,-0.385635442,4.82E-21
3.510815,-0.382450991,5.42E-21
3.51142,-0.371681352,6.10E-21
3.512025,-0.35939812,6.85E-21
3.51263,-0.350481288,7.70E-21
3.513235,-0.345691841,8.65E-21
3.51384,-0.342411766,9.72E-21
3.514445,-0.33679426,1.09E-20
3.51505,-0.325685099,1.23E-20
3.515655,-0.308766497,1.38E-20
3.51626,-0.290734112,1.55E-20
3.516865,-0.280127332,1.74E-20
3.51747,-0.283210983,1.95E-20
3.518075,-0.297980431,2.19E-20
3.51868,-0.315097685,2.45E-20
3.519285,-0.32555946,2.75E-20
3.51989,-0.327239174,3.09E-20
3.520495,-0.324375512,3.47E-20
3.5211,-0.322610971,3.89E-20
3.521705,-0.324966466,4.36E-20
3.52231,-0.330384674,4.89E-20
3.522915,-0.334238201,5.48E-20
3.52352,-0.330835721,6.14E-20
3.524125,-0.3180769,6.88E-20
3.52473,-0.301474749,7.71E-20
3.525335,-0.292025325,8.64E-20
3.52594,-0.297444225,9.68E-20
3.526545,-0.315141699,1.08E-19
3.52715,-0.334750865,1.21E-19
3.527755,-0.347457283,1.36E-19
3.52836,-0.352058941,1.52E-19
3.528965,-0.352685609,1.70E-19
3.52957,-0.35330665,1.91E-19
3.530175,-0.355594118,2.13E-19
3.53078,-0.359740786,2.39E-19
3.531385,-0.364429323,2.67E-19
3.53199,-0.365905395,2.99E-19
3.532595,-0.359878584,3.34E-19
3.5332,-0.346784409,3.73E-19
3.533805,-0.33424061,4.18E-19
3.53441,-0.331709679,4.67E-19
3.535015,-0.341921068,5.22E-19
3.53562,-0.358384462,5.83E-19
3.536225,-0.371606627,6.51E-19
3.53683,-0.376850143,7.28E-19
3.537435,-0.375757828,8.13E-19
3.53804,-0.372571774,9.08E-19
3.538645,-0.370541401,1.01E-18
3.53925,-0.370796447,1.13E-18
3.539855,-0.372095296,1.26E-18
3.54046,-0.370700616,1.41E-18
3.541065,-0.36236081,1.57E-18
3.54167,-0.346904959,1.76E-18
3.542275,-0.330673796,1.96E-18
3.54288,-0.322226994,2.19E-18
3.543485,-0.324721903,2.44E-18
3.54409,-0.33317097,2.72E-18
3.544695,-0.339433649,3.03E-18
3.5453,-0.339028204,3.38E-18
3.545905,-0.332822373,3.77E-18
3.54651,-0.323883465,4.20E-18
3.547115,-0.31446494,4.68E-18
3.54772,-0.305386881,5.22E-18
3.548325,-0.296336483,5.82E-18
3.54893,-0.285739131,6.48E-18
3.549535,-0.271027944,7.22E-18
3.55014,-0.250590212,8.04E-18
3.550745,-0.226197693,8.95E-18
3.55135,-0.202757337,9.96E-18
3.551955,-0.184371025,1.11E-17
3.55256,-0.170309534,1.23E-17
3.553165,-0.155609779,1.37E-17
3.55377,-0.135793224,1.53E-17
3.554375,-0.11027375,1.70E-17
3.55498,-0.081386461,1.89E-17
3.555585,-0.051439286,2.10E-17
3.55619,-0.02129596,2.34E-17
3.556795,0.009086246,2.60E-17
3.5574,0.040135425,2.89E-17
3.558005,0.072934058,3.21E-17
3.55861,0.108765201,3.57E-17
3.559215,0.147259909,3.97E-17
3.55982,0.185278219,4.41E-17
3.560425,0.218818605,4.90E-17
3.56103,0.24663195,5.44E-17
3.561635,0.271364887,6.04E-17
3.56224,0.296744297,6.71E-17
3.562845,0.3241721,7.44E-17
3.56345,0.352187306,8.26E-17
3.564055,0.378471761,9.17E-17
3.56466,0.401840361,1.02E-16
3.565265,0.422534613,1.13E-16
3.56587,0.441299567,1.25E-16
3.566475,0.45862965,1.39E-16
3.56708,0.474634097,1.54E-16
3.567685,0.489040349,1.71E-16
3.56829,0.501049454,1.89E-16
3.568895,0.509556616,2.10E-16
3.5695,0.514147644,2.33E-16
3.570105,0.515842877,2.58E-16
3.57071,0.516376846,2.86E-16
3.571315,0.516764844,3.17E-16
3.57192,0.516776127,3.51E-16
3.572525,0.515538023,3.89E-16
3.57313,0.51231358,4.30E-16
3.573735,0.506902206,4.77E-16
3.57434,0.499838269,5.28E-16
3.574945,0.492263714,5.84E-16
3.57555,0.485132881,6.46E-16
3.576155,0.47837245,7.15E-16
3.57676,0.471007192,7.91E-16
3.577365,0.462160991,8.76E-16
3.57797,0.451967819,9.68E-16
3.578575,0.441598174,1.07E-15
3.57918,0.432359281,1.18E-15
3.579785,0.424676932,1.31E-15
3.58039,0.417911966,1.45E-15
3.580995,0.411128848,1.60E-15
3.5816,0.403973305,1.77E-15
3.582205,0.396784061,1.95E-15
3.58281,0.390063516,2.16E-15
3.583415,0.384133836,2.38E-15
3.58402,0.379199715,2.63E-15
3.584625,0.375307408,2.91E-15
3.58523,0.372085462,3.21E-15
3.585835,0.36868453,3.55E-15
3.58644,0.364152247,3.91E-15
3.587045,0.358335072,4.32E-15
3.58765,0.352877156,4.77E-15
3.588255,0.350639986,5.26E-15
3.58886,0.352825172,5.80E-15
3.589465,0.356804495,6.40E-15
3.59007,0.358306424,7.06E-15
3.590675,0.35635158,7.78E-15
3.59128,0.354758781,8.58E-15
3.591885,0.357549546,9.46E-15
3.59249,0.363887844,1.04E-14
3.593095,0.369272502,1.15E-14
3.5937,0.370908313,1.27E-14
3.594305,0.369930242,1.40E-14
3.59491,0.368787961,1.54E-14
3.595515,0.368483814,1.69E-14
3.59612,0.368865024,1.86E-14
3.596725,0.370101618,2.05E-14
3.59733,0.372578234,2.26E-14
3.597935,0.375966428,2.49E-14
3.59854,0.379471998,2.74E-14
3.599145,0.382628415,3.01E-14
3.59975,0.385320443,3.32E-14
3.600355,0.387516282,3.65E-14
3.60096,0.3893618,4.01E-14
3.601565,0.391174332,4.41E-14
3.60217,0.392798666,4.85E-14
3.602775,0.392989244,5.33E-14
3.60338,0.390255952,5.86E-14
3.603985,0.384972932,6.45E-14
3.60459,0.380065769,7.08E-14
3.605195,0.378447175,7.78E-14
3.6058,0.379793613,8.55E-14
3.606405,0.381078602,9.39E-14
3.60701,0.380381799,1.03E-13
3.607615,0.378779614,1.13E-13
3.60822,0.378214648,1.24E-13
3.608825,0.378844651,1.37E-13
3.60943,0.379229062,1.50E-13
3.610035,0.378289079,1.65E-13
3.61064,0.375868613,1.81E-13
3.611245,0.371636012,1.98E-13
3.61185,0.364998723,2.17E-13
3.612455,0.356541162,2.38E-13
3.61306,0.348491677,2.62E-13
3.613665,0.343105441,2.87E-13
3.61427,0.340687272,3.14E-13
3.614875,0.339373254,3.45E-13
3.61548,0.336993383,3.78E-13
3.616085,0.333122126,4.14E-13
3.61669,0.329096982,4.54E-13
3.617295,0.326249458,4.97E-13
3.6179,0.324695089,5.45E-13
3.618505,0.323592505,5.96E-13
3.61911,0.321705297,6.53E-13
3.619715,0.317919213,7.15E-13
3.62032,0.31200207,7.83E-13
3.620925,0.304757553,8.57E-13
3.62153,0.297393164,9.38E-13
3.622135,0.291188877,1.03E-12
3.62274,0.287348156,1.12E-12
3.623345,0.28623514,1.23E-12
3.62395,0.286702436,1.34E-12
3.624555,0.286759319,1.47E-12
3.62516,0.28527727,1.61E-12
3.625765,0.282878206,1.76E-12
3.62637,0.280943465,1.92E-12
3.626975,0.280052503,2.10E-12
3.62758,0.279460949,2.30E-12
3.628185,0.277570391,2.51E-12
3.62879,0.273010075,2.74E-12
3.629395,0.266062118,2.99E-12
3.63,0.258974931,3.27E-12
3.630605,0.254063179,3.57E-12
3.63121,0.25146909,3.90E-12
3.631815,0.249455807,4.26E-12
3.63242,0.246771198,4.65E-12
3.633025,0.243771203,5.07E-12
3.63363,0.241122728,5.53E-12
3.634235,0.23856103,6.04E-12
3.63484,0.235540005,6.59E-12
3.635445,0.232277889,7.19E-12
3.63605,0.229296821,7.84E-12
3.636655,0.226124517,8.55E-12
3.63726,0.22104273,9.32E-12
3.637865,0.212510613,1.02E-11
3.63847,0.201517553,1.11E-11
3.639075,0.192713955,1.21E-11
3.63968,0.190619917,1.31E-11
3.640285,0.192267412,1.43E-11
3.64089,0.187867452,1.56E-11
3.641495,0.174125303,1.70E-11
3.6421,0.161511295,1.85E-11
3.642705,0.16074226,2.02E-11
3.64331,0.167546334,2.19E-11
3.643915,0.169058966,2.39E-11
3.64452,0.160938755,2.60E-11
3.645125,0.150345346,2.83E-11
3.64573,0.143876164,3.08E-11
3.646335,0.139661177,3.35E-11
3.64694,0.133155409,3.64E-11
3.647545,0.125447255,3.96E-11
3.64815,0.120959775,4.31E-11
3.648755,0.119015648,4.68E-11
3.64936,0.113794999,5.09E-11
3.649965,0.104029065,5.54E-11
3.65057,0.096865947,6.02E-11
3.651175,0.098028442,6.54E-11
3.65178,0.102431567,7.10E-11
3.652385,0.09981698,7.72E-11
3.65299,0.087881883,8.38E-11
3.653595,0.074974993,9.10E-11
3.6542,0.069584324,9.88E-11
3.654805,0.071233402,1.07E-10
3.65541,0.072932453,1.16E-10
3.656015,0.069241303,1.26E-10
3.65662,0.060437732,1.37E-10
3.657225,0.050893432,1.49E-10
3.65783,0.044721164,1.61E-10
3.658435,0.042468626,1.75E-10
3.65904,0.041396243,1.90E-10
3.659645,0.038836174,2.06E-10
3.66025,0.034904299,2.23E-10
3.660855,0.031218768,2.42E-10
3.66146,0.027952158,2.62E-10
3.662065,0.024252237,2.84E-10
3.66267,0.020848605,3.08E-10
3.663275,0.01942223,3.34E-10
3.66388,0.01911396,3.62E-10
3.664485,0.016199679,3.92E-10
3.66509,0.008635298,4.24E-10
3.665695,-0.000673572,4.59E-10
3.6663,-0.006921633,4.97E-10
3.666905,-0.008953609,5.39E-10
3.66751,-0.010222751,5.83E-10
3.668115,-0.014521525,6.31E-10
3.66872,-0.022230157,6.82E-10
3.669325,-0.031081665,7.38E-10
3.66993,-0.039123864,7.99E-10
3.670535,-0.045959428,8.64E-10
3.67114,-0.052333606,9.34E-10
3.671745,-0.059877171,1.01E-09
3.67235,-0.070694256,1.09E-09
3.672955,-0.085994982,1.18E-09
3.67356,-0.104904905,1.28E-09
3.674165,-0.124956454,1.38E-09
3.67477,-0.14384817,1.49E-09
3.675375,-0.160979751,1.61E-09
3.67598,-0.177866289,1.74E-09
3.676585,-0.197029631,1.88E-09
3.67719,-0.219824507,2.03E-09
3.677795,-0.245033376,2.19E-09
3.6784,-0.269647879,2.36E-09
3.679005,-0.291394198,2.55E-09
3.67961,-0.311300305,2.75E-09
3.680215,-0.333955644,2.97E-09
3.68082,-0.36407219,3.20E-09
3.681425,-0.401813995,3.45E-09
3.68203,-0.442120866,3.72E-09
3.682635,-0.479346392,4.02E-09
3.68324,-0.511783083,4.33E-09
3.683845,-0.541189122,4.67E-09
3.68445,-0.569514044,5.03E-09
3.685055,-0.597515335,5.42E-09
3.68566,-0.625469729,5.84E-09
3.686265,-0.653011676,6.30E-09
3.68687,-0.677690765,6.78E-09
3.687475,-0.695549928,7.31E-09
3.68808,-0.705261693,7.87E-09
3.688685,-0.711411396,8.47E-09
3.68929,-0.721589507,9.12E-09
3.689895,-0.739212273,9.82E-09
3.6905,-0.760075437,1.06E-08
3.691105,-0.77660779,1.14E-08
3.69171,-0.784597647,1.22E-08
3.692315,-0.785233244,1.32E-08
3.69292,-0.782141303,1.42E-08
3.693525,-0.778174797,1.52E-08
3.69413,-0.774453799,1.64E-08
3.694735,-0.770141843,1.76E-08
3.69534,-0.761893198,1.89E-08
3.695945,-0.745213201,2.03E-08
3.69655,-0.719199356,2.19E-08
3.697155,-0.690280849,2.35E-08
3.69776,-0.668809753,2.52E-08
3.698365,-0.66009688,2.71E-08
3.69897,-0.659342703,2.91E-08
3.699575,-0.656354145,3.13E-08
3.70018,-0.644738851,3.36E-08
3.700785,-0.62577374,3.61E-08
3.70139,-0.604603371,3.87E-08
3.701995,-0.585075023,4.16E-08
3.7026,-0.568314889,4.46E-08
3.703205,-0.553364138,4.79E-08
3.70381,-0.536981072,5.13E-08
3.704415,-0.514383114,5.51E-08
3.70502,-0.483647988,5.91E-08
3.705625,-0.450309123,6.33E-08
3.70623,-0.425071773,6.79E-08
3.706835,-0.414774103,7.28E-08
3.70744,-0.416014379,7.80E-08
3.708045,-0.418560064,8.36E-08
3.70865,-0.414403367,8.96E-08
3.709255,-0.402837377,9.60E-08
3.70986,-0.388178337,1.03E-07
3.710465,-0.375046599,1.10E-07
3.71107,-0.365950962,1.18E-07
3.711675,-0.36061912,1.26E-07
3.71228,-0.355263219,1.35E-07
3.712885,-0.343530371,1.45E-07
3.71349,-0.321938516,1.55E-07
3.714095,-0.296171588,1.66E-07
3.7147,-0.279194488,1.77E-07
3.715305,-0.280109032,1.90E-07
3.71591,-0.295458702,2.03E-07
3.716515,-0.312895771,2.17E-07
3.71712,-0.322622871,2.32E-07
3.717725,-0.323981928,2.48E-07
3.71833,-0.322073655,2.65E-07
3.718935,-0.321200294,2.84E-07
3.71954,-0.322606475,3.03E-07
3.720145,-0.325748455,3.24E-07
3.72075,-0.328797847,3.46E-07
3.721355,-0.328055113,3.70E-07
3.72196,-0.319820814,3.95E-07
3.722565,-0.305407881,4.22E-07
3.72317,-0.293197304,4.51E-07
3.723775,-0.292778491,4.81E-07
3.72438,-0.306230243,5.14E-07
3.724985,-0.326009401,5.48E-07
3.72559,-0.341621277,5.85E-07
3.726195,-0.347938148,6.24E-07
3.7268,-0.347369108,6.66E-07
3.727405,-0.345735893,7.10E-07
3.72801,-0.347297369,7.58E-07
3.728615,-0.352501312,8.08E-07
3.72922,-0.358264246,8.61E-07
3.729825,-0.359682047,9.18E-07
3.73043,-0.353109643,9.79E-07
3.731035,-0.340009617,1.04E-06
3.73164,-0.327951155,1.11E-06
3.732245,-0.325642348,1.18E-06
3.73285,-0.335528465,1.26E-06
3.733455,-0.35161273,1.34E-06
3.73406,-0.365049019,1.43E-06
3.734665,-0.37145406,1.52E-06
3.73527,-0.372547374,1.62E-06
3.735875,-0.372220235,1.73E-06
3.73648,-0.372787363,1.84E-06
3.737085,-0.374424584,1.96E-06
3.73769,-0.376007849,2.08E-06
3.738295,-0.375316279,2.21E-06
3.7389,-0.369526461,2.36E-06
3.739505,-0.357764331,2.51E-06
3.74011,-0.343854636,2.66E-06
3.740715,-0.334939571,2.83E-06
3.74132,-0.335674086,3.01E-06
3.741925,-0.343630424,3.20E-06
3.74253,-0.351267219,3.40E-06
3.743135,-0.352644032,3.62E-06
3.74374,-0.34763998,3.84E-06
3.744345,-0.34007532,4.08E-06
3.74495,-0.333289126,4.33E-06
3.745555,-0.327951963,4.60E-06
3.74616,-0.322753079,4.89E-06
3.746765,-0.315514191,5.19E-06
3.74737,-0.303617337,5.51E-06
3.747975,-0.2854486,5.85E-06
3.74858,-0.263092712,6.20E-06
3.749185,-0.242501809,6.58E-06
3.74979,-0.228810232,6.99E-06
3.750395,-0.221188153,7.41E-06
3.751,-0.213572031,7.86E-06
3.751605,-0.200528411,8.33E-06
3.75221,-0.181210972,8.84E-06
3.752815,-0.157931034,9.37E-06
3.75342,-0.132873492,9.93E-06
3.754025,-0.106932635,1.05E-05
3.75463,-0.08034742,1.12E-05
3.755235,-0.052891523,1.18E-05
3.75584,-0.023360943,1.25E-05
3.756445,0.0098552,1.33E-05
3.75705,0.046675393,1.40E-05
3.757655,0.084135441,1.49E-05
3.75826,0.118361384,1.57E-05
3.758865,0.148129212,1.67E-05
3.75947,0.175837355,1.76E-05
3.760075,0.204649083,1.87E-05
3.76068,0.235448026,1.97E-05
3.761285,0.266911062,2.09E-05
3.76189,0.297508071,2.21E-05
3.762495,0.326532307,2.34E-05
3.7631,0.353618547,2.47E-05
3.763705,0.378356868,2.61E-05
3.76431,0.400909021,2.76E-05
3.764915,0.422442831,2.92E-05
3.76552,0.44398831,3.09E-05
3.766125,0.464638029,3.26E-05
3.76673,0.481649343,3.45E-05
3.767335,0.493035399,3.64E-05
3.76794,0.499688976,3.85E-05
3.768545,0.504326943,4.06E-05
3.76915,0.508749474,4.29E-05
3.769755,0.512760234,4.53E-05
3.77036,0.515366186,4.78E-05
3.770965,0.516212611,5.05E-05
3.77157,0.515619636,5.32E-05
3.772175,0.513673815,5.62E-05
3.77278,0.509966239,5.93E-05
3.773385,0.504411985,6.25E-05
3.77399,0.49782798,6.59E-05
3.774595,0.491180318,6.95E-05
3.7752,0.48435916,7.33E-05
3.775805,0.476292408,7.73E-05
3.77641,0.466494891,8.15E-05
3.777015,0.455987235,8.59E-05
3.77762,0.446347536,9.05E-05
3.778225,0.438243794,9.53E-05
3.77883,0.431181446,0.0001
3.779435,0.424324343,0.000106
3.78004,0.417190704,0.000111
3.780645,0.409823748,0.000117
3.78125,0.402780373,0.000124
3.781855,0.396812676,0.00013
3.78246,0.392011442,0.000137
3.783065,0.38724349,0.000144
3.78367,0.380962081,0.000152
3.784275,0.372954482,0.000159
3.78488,0.365142411,0.000168
3.785485,0.360042413,0.000176
3.78609,0.358086855,0.000186
3.786695,0.357162741,0.000195
3.7873,0.355521501,0.000205
3.787905,0.354214214,0.000216
3.78851,0.355230777,0.000227
3.789115,0.357908013,0.000238
3.78972,0.359260798,0.00025
3.790325,0.358249322,0.000263
3.79093,0.357648237,0.000276
3.791535,0.360041993,0.00029
3.79214,0.363500142,0.000304
3.792745,0.363827581,0.00032
3.79335,0.360434735,0.000335
3.793955,0.357276933,0.000352
3.79456,0.357919688,0.00037
3.795165,0.361851347,0.000388
3.79577,0.366193776,0.000407
3.796375,0.369280949,0.000427
3.79698,0.371415703,0.000448
3.797585,0.373444235,0.000469
3.79819,0.376091641,0.000492
3.798795,0.379865377,0.000516
3.7994,0.384251383,0.000541
3.800005,0.38731663,0.000567
3.80061,0.387119323,0.000594
3.801215,0.383831039,0.000622
3.80182,0.379947671,0.000652
3.802425,0.377868925,0.000683
3.80303,0.377666942,0.000715
3.803635,0.37789729,0.000749
3.80424,0.37805361,0.000784
3.804845,0.378866616,0.000821
3.80545,0.380193125,0.000859
3.806055,0.380439175,0.000899
3.80666,0.378919716,0.000941
3.807265,0.377279726,0.000984
3.80787,0.377326276,0.00103
3.808475,0.378139635,0.001077
3.80908,0.376536316,0.001126
3.809685,0.370590109,0.001177
3.81029,0.361829448,0.001231
3.810895,0.353512621,0.001287
3.8115,0.347584724,0.001345
3.812105,0.343832343,0.001405
3.81271,0.341194896,0.001468
3.813315,0.339034104,0.001534
3.81392,0.337057662,0.001602
3.814525,0.334659364,0.001673
3.81513,0.331271051,0.001747
3.815735,0.327439839,0.001824
3.81634,0.32450505,0.001904
3.816945,0.322628853,0.001988
3.81755,0.319968547,0.002074
3.818155,0.314516638,0.002164
3.81876,0.306342533,0.002258
3.819365,0.297749996,0.002356
3.81997,0.291447864,0.002457
3.820575,0.28830225,0.002562
3.82118,0.286744351,0.002671
3.821785,0.284706733,0.002785
3.82239,0.281823938,0.002903
3.822995,0.27923977,0.003026
3.8236,0.277738161,0.003153
3.824205,0.276844162,0.003285
3.82481,0.275678957,0.003422
3.825415,0.273770702,0.003565
3.82602,0.270598952,0.003713
3.826625,0.265357953,0.003866
3.82723,0.258066752,0.004025
3.827835,0.25023066,0.00419
3.82844,0.243661226,0.004361
3.829045,0.239095431,0.004539
3.82965,0.236239627,0.004723
3.830255,0.234384267,0.004913
3.83086,0.232523875,0.005111
3.831465,0.22966602,0.005316
3.83207,0.225811895,0.005528
3.832675,0.222204246,0.005748
3.83328,0.219874366,0.005976
3.833885,0.218175527,0.006212
3.83449,0.215285046,0.006456
3.835095,0.209980302,0.006709
3.8357,0.202620468,0.006971
3.836305,0.194575181,0.007242
3.83691,0.186856215,0.007522
3.837515,0.179423497,0.007812
3.83812,0.172525332,0.008112
3.838725,0.168516464,0.008422
3.83933,0.169232634,0.008743
3.839935,0.170026108,0.009075
3.84054,0.16221068,0.009418
3.841145,0.146072245,0.009773
3.84175,0.134341519,0.010139
3.842355,0.135914696,0.010518
3.84296,0.142947548,0.010909
3.843565,0.141192734,0.011313
3.84417,0.127745115,0.01173
3.844775,0.111999577,0.012161
3.84538,0.102056324,0.012605
3.845985,0.096700709,0.013065
3.84659,0.091382911,0.013538
3.847195,0.086176382,0.014027
3.8478,0.083415639,0.014532
3.848405,0.080728851,0.015052
3.84901,0.072988653,0.015589
3.849615,0.061545047,0.016143
3.85022,0.054894488,0.016714
3.850825,0.057139903,0.017302
3.85143,0.06090945,0.017909
3.852035,0.055759608,0.018534
3.85264,0.040771108,0.019178
3.853245,0.025081918,0.019841
3.85385,0.017070837,0.020525
3.854455,0.016444786,0.021228
3.85506,0.016822931,0.021953
3.855665,0.012957112,0.022699
3.85627,0.00469988,0.023467
3.856875,-0.004402552,0.024258
3.85748,-0.011382129,0.025071
3.858085,-0.01648847,0.025908
3.85869,-0.021765521,0.026769
3.859295,-0.027738332,0.027655
3.8599,-0.032699987,0.028566
3.860505,-0.036006888,0.029502
3.86111,-0.040440499,0.030464
3.861715,-0.048852457,0.031453
3.86232,-0.059333618,3.25E-02
3.862925,-0.06683361,0.033515
3.86353,-0.069953106,0.034588
3.864135,-0.073109828,0.03569
3.86474,-0.080448995,0.036822
3.865345,-0.090251115,0.037984
3.86595,-0.097805136,0.039177
3.866555,-0.102023715,0.040401
3.86716,-0.106210265,0.041658
3.867765,-0.112613529,0.042948
3.86837,-0.11932294,0.044271
3.868975,-0.123935272,0.045628
3.86958,-0.127916984,0.04702
3.870185,-0.134921337,0.048447
3.87079,-0.145822127,0.04991
3.871395,-0.157700261,0.051409
3.872,-0.167750949,0.052946
3.872605,-0.176416164,0.054521
3.87321,-0.186097591,0.056135
3.873815,-0.198051789,0.057788
3.87442,-0.211368104,0.05948
3.875025,-0.224478074,0.061213
3.87563,-0.236894958,0.062988
3.876235,-0.249058468,0.064804
3.87684,-0.260946303,0.066663
3.877445,-0.272082909,0.068566
3.87805,-0.283251857,0.070512
3.878655,-0.296994292,0.072503
3.87926,-0.315304568,0.074539
3.879865,-0.337181734,0.076621
3.88047,-0.359302929,0.078749
3.881075,-0.37892835,0.080925
3.88168,-0.395738036,0.083149
3.882285,-0.411420294,0.085421
3.88289,-0.428105758,0.087742
3.883495,-0.446951633,0.090114
3.8841,-0.467436701,0.092535
3.884705,-0.48725109,0.095008
3.88531,-0.503197282,0.097533
3.885915,-0.513778723,0.10011
3.88652,-0.521772923,0.10274
3.887125,-0.533143126,0.105423
3.88773,-0.551853376,0.108161
3.888335,-0.575828779,0.110954
3.88894,-0.599016263,0.113802
3.889545,-0.617124347,0.116706
3.89015,-0.630410033,0.119666
3.890755,-0.641550281,0.122684
3.89136,-0.652463852,0.125759
3.891965,-0.663414765,0.128892
3.89257,-0.6736123,0.132084
3.893175,-0.681285037,0.135335
3.89378,-0.683818126,0.138646
3.894385,-0.679841277,0.142017
3.89499,-0.672058908,0.145448
3.895595,-0.666745393,0.148941
3.8962,-0.668755871,0.152495
3.896805,-0.676832981,0.156111
3.89741,-0.684633437,0.159789
3.898015,-0.686482103,0.163529
3.89862,-0.681597215,0.167333
3.899225,-0.673109815,0.1712
3.89983,-0.664428993,0.175131
3.900435,-0.657137794,0.179125
3.90104,-0.650959582,0.183184
3.901645,-0.643767301,0.187307
3.90225,-0.631669711,0.191495
3.902855,-0.611636695,0.195748
3.90346,-0.586119191,0.200066
3.904065,-0.56376736,0.204449
3.90467,-0.552596057,0.208897
3.905275,-0.551983962,0.213411
3.90588,-0.553468077,0.21799
3.906485,-0.549746711,0.222635
3.90709,-0.54067531,0.227345
3.907695,-0.530103981,0.232121
3.9083,-0.52005672,0.236963
3.908905,-0.510148037,0.241869
3.90951,-0.500574458,0.246842
3.910115,-0.49226277,0.251879
3.91072,-0.483742444,0.256982
3.911325,-0.470943907,0.262149
3.91193,-0.452569385,0.267381
3.912535,-0.434366404,0.272677
3.91314,-0.425176887,0.278037
3.913745,-0.428076953,0.283461
3.91435,-0.436899347,0.288949
3.914955,-0.442371321,0.294499
3.91556,-0.440645337,0.300112
3.916165,-0.434841484,0.305787
3.91677,-0.4297287,0.311523
3.917375,-0.427163777,0.317321
3.91798,-0.426297922,0.323179
3.918585,-0.425553639,0.329096
3.91919,-0.422931223,0.335073
3.919795,-0.41592774,0.341108
3.9204,-0.403858763,0.347201
3.921005,-0.390738874,0.353351
3.92161,-0.383687852,0.359557
3.922215,-0.386735508,0.365818
3.92282,-0.396697909,0.372133
3.923425,-0.406097272,0.378502
3.92403,-0.409659576,0.384923
3.924635,-0.407342193,0.391396
3.92524,-0.402146514,0.397919
3.925845,-0.396779356,0.404492
3.92645,-0.3925165,0.411112
3.927055,-0.389424776,0.41778
3.92766,-0.385950947,0.424493
3.928265,-0.378846253,0.431251
3.92887,-0.365764865,0.438052
3.929475,-0.348833548,0.444895
3.93008,-0.334055864,0.451778
3.930685,-0.325729024,0.458701
3.93129,-0.32205293,0.465661
3.931895,-0.317191074,0.472657
3.9325,-0.306982373,0.479688
3.933105,-0.291644425,0.486752
3.93371,-0.273740411,0.493848
3.934315,-0.255236743,0.500973
3.93492,-0.236664843,0.508127
3.935525,-0.217685379,0.515306
3.93613,-0.197333416,0.522511
3.936735,-0.173923257,0.529738
3.93734,-0.145981354,0.536987
3.937945,-0.114354562,0.544255
3.93855,-0.082938272,0.55154
3.939155,-0.055877234,0.55884
3.93976,-0.033640852,0.566154
3.940365,-0.0126746,0.57348
3.94097,0.010917066,0.580814
3.941575,0.038099498,0.588157
3.94218,0.067154287,0.595504
3.942785,0.095979354,0.602855
3.94339,0.12361566,0.610207
3.943995,0.150131635,0.617557
3.9446,0.17586628,0.624905
3.945205,0.201126533,0.632247
3.94581,0.226209111,0.639581
3.946415,0.25101286,0.646905
3.94702,0.274498287,0.654217
3.947625,0.295078267,0.661515
3.94823,0.311993497,0.668795
3.948835,0.326111249,0.676057
3.94944,0.339047823,0.683296
3.950045,0.351702894,0.690512
3.95065,0.363857913,0.697702
3.951255,0.374842619,0.704863
3.95186,0.384200972,0.711993
3.952465,0.391782383,0.719089
3.95307,0.397549145,0.726149
3.953675,0.401649828,0.733171
3.95428,0.404656341,0.740152
3.954885,0.407275693,0.74709
3.95549,0.409513916,0.753981
3.956095,0.410360414,0.760825
3.9567,0.408758677,0.767618
3.957305,0.404921376,0.774358
3.95791,0.400329215,0.781042
3.958515,0.396397121,0.787669
3.95912,0.393398827,0.794235
3.959725,0.390625063,0.800737
3.96033,0.387310409,0.807175
3.960935,0.383328524,0.813545
3.96154,0.379107583,0.819844
3.962145,0.375096412,0.826071
3.96275,0.371423313,0.832223
3.963355,0.367906036,0.838298
3.96396,0.364191731,0.844293
3.964565,0.359897006,0.850205
3.96517,0.35487793,0.856034
3.965775,0.349669459,0.861776
3.96638,0.345510784,0.867428
3.966985,0.343439537,0.87299
3.96759,0.343285582,0.878458
3.968195,0.343905046,0.883831
3.9688,0.344416509,0.889106
3.969405,0.344881256,0.894281
3.97001,0.34578122,0.899354
3.970615,0.347222201,0.904322
3.97122,0.348842292,0.909185
3.971825,0.350292369,0.91394
3.97243,0.35155372,0.918584
3.973035,0.352778471,0.923116
3.97364,0.354004948,0.927535
3.974245,0.355219142,0.931837
3.97485,0.356686776,0.936023
3.975455,0.358970746,0.940088
3.97606,0.362380493,0.944033
3.976665,0.36645022,0.947855
3.97727,0.37024468,0.951553
3.977875,0.37336101,0.955124
3.97848,0.376466916,0.958569
3.979085,0.380595715,0.961884
3.97969,0.385914025,0.965069
3.980295,0.391307089,0.968122
3.9809,0.395107503,0.971043
3.981505,0.396142682,0.973829
3.98211,0.39446671,0.976479
3.982715,0.391639196,0.978993
3.98332,0.38996447,0.981369
3.983925,0.390626852,0.983607
3.98453,0.392702396,0.985705
3.985135,0.394577633,0.987662
3.98574,0.395942798,0.989477
3.986345,0.397697532,0.991151
3.98695,0.400232117,0.992681
3.987555,0.402756465,0.994067
3.98816,0.404465924,0.995309
3.988765,0.405387792,0.996407
3.98937,0.405525628,0.997359
3.989975,0.403972028,0.998165
3.99058,0.399702547,0.998825
3.991185,0.39318514,0.999339
3.99179,0.386812937,0.999706
3.992395,0.383260328,0.999927
3.993,0.383021374,1
3.993605,0.383844406,0.999927
3.99421,0.383092285,0.999706
3.994815,0.380415851,0.999339
3.99542,0.377530685,0.998825
3.996025,0.375763026,0.998165
3.99663,0.374801932,0.997359
3.997235,0.373555046,0.996407
3.99784,0.370978767,0.995309
3.998445,0.366187701,0.994067
3.99905,0.358969322,0.992681
3.999655,0.350402167,0.991151
4.00026,0.342326267,0.989477
4.000865,0.33608171,0.987662
4.00147,0.331976137,0.985705
4.002075,0.32965237,0.983607
4.00268,0.328384992,0.981369
4.003285,0.327207169,0.978993
4.00389,0.325516457,0.976479
4.004495,0.323698609,0.973829
4.0051,0.322726013,0.971043
4.005705,0.322964149,0.968122
4.00631,0.32338103,0.965069
4.006915,0.32199475,0.961884
4.00752,0.317438064,0.958569
4.008125,0.310423052,0.955124
4.00873,0.30359149,0.951553
4.009335,0.299519104,0.947855
4.00994,0.298599963,0.944033
4.010545,0.299014885,0.940088
4.01115,0.298792971,0.936023
4.011755,0.297495607,0.931837
4.01236,0.295865938,0.927535
4.012965,0.294662174,0.923116
4.01357,0.294283945,0.918584
4.014175,0.294707623,0.91394
4.01478,0.294987122,0.909185
4.015385,0.293344019,0.904322
4.01599,0.288597026,0.899354
4.016595,0.281487423,0.894281
4.0172,0.274269921,0.889106
4.017805,0.268967748,0.883831
4.01841,0.265971634,0.878458
4.019015,0.2641381,0.87299
4.01962,0.262140039,0.867428
4.020225,0.259664057,0.861776
4.02083,0.257232226,0.856034
4.021435,0.255102521,0.850205
4.02204,0.252865859,0.844293
4.022645,0.250153646,0.838298
4.02325,0.24712564,0.832223
4.023855,0.243942103,0.826071
4.02446,0.240083832,0.819844
4.025065,0.234513393,0.813545
4.02567,0.226599339,0.807175
4.026275,0.217221031,0.800737
4.02688,0.209483272,0.794235
4.027485,0.207302728,0.787669
4.02809,0.210269517,0.781042
4.028695,0.210372923,0.774358
4.0293,0.200040981,0.767618
4.029905,0.184537444,0.760825
4.03051,0.178017501,0.753981
4.031115,0.184805111,0.74709
4.03172,0.193118657,0.740152
4.032325,0.190546627,0.733171
4.03293,0.178484313,0.726149
4.033535,0.167116411,0.719089
4.03414,0.16139733,0.711993
4.034745,0.157871856,0.704863
4.03535,0.153210603,0.697702
4.035955,0.149350447,0.690512
4.03656,0.148427284,0.683296
4.037165,0.147357037,0.676057
4.03777,0.142130551,0.668795
4.038375,0.13534353,0.661515
4.03898,0.133615219,0.654217
4.039585,0.137785581,0.646905
4.04019,0.140911883,0.639581
4.040795,0.137014827,0.632247
4.0414,0.128345676,0.624905
4.042005,0.122039259,0.617557
4.04261,0.121538759,0.610207
4.043215,0.123837498,0.602855
4.04382,0.123986305,0.595504
4.044425,0.120137103,0.588157
4.04503,0.114831915,0.580814
4.045635,0.112192478,0.57348
4.04624,0.11338361,0.566154
4.046845,0.115130727,0.55884
4.04745,0.113557718,0.55154
4.048055,0.109183406,0.544255
4.04866,0.106512788,0.536987
4.049265,0.108385642,0.529738
4.04987,0.112752921,0.522511
4.050475,0.115517073,0.515306
4.05108,0.114670062,0.508127
4.051685,0.111131894,0.500973
4.05229,0.106772705,0.493848
4.052895,0.102647364,0.486752
4.0535,0.09904815,0.479688
4.054105,0.096010387,0.472657
4.05471,0.093007788,0.465661
4.055315,0.088658839,0.458701
4.05592,0.08150119,0.451778
4.056525,0.071655174,0.444895
4.05713,0.061478309,0.438052
4.057735,0.05349048,0.431251
4.05834,0.047115119,0.424493
4.058945,0.037803603,0.41778
4.05955,0.020319817,0.411112
4.060155,-0.006333568,0.404492
4.06076,-0.03784564,0.397919
4.061365,-0.069171224,0.391396
4.06197,-0.09954139,0.384923
4.062575,-0.132223413,0.378502
4.06318,-0.169961248,0.372133
4.063785,-0.212109086,0.365818
4.06439,-0.256396371,0.359557
4.064995,-0.301447057,0.353351
4.0656,-0.346276377,0.347201
4.066205,-0.389093032,0.341108
4.06681,-0.428925406,0.335073
4.067415,-0.468201566,0.329096
4.06802,-0.51157992,0.323179
4.068625,-0.561152744,0.317321
4.06923,-0.613702302,0.311523
4.069835,-0.663304932,0.305787
4.07044,-0.705975966,0.300112
4.071045,-0.74154197,0.294499
4.07165,-0.77211403,0.288949
4.072255,-0.799995346,0.283461
4.07286,-0.826577839,0.278037
4.073465,-0.851089211,0.272677
4.07407,-0.869391408,0.267381
4.074675,-0.876076932,0.262149
4.07528,-0.870679208,0.256982
4.075885,-0.861657818,0.251879
4.07649,-0.860910333,0.246842
4.077095,-0.872373411,0.241869
4.0777,-0.887638126,0.236963
4.078305,-0.894360147,0.232121
4.07891,-0.887632324,0.227345
4.079515,-0.871703436,0.222635
4.08012,-0.852845032,0.21799
4.080725,-0.833983385,0.213411
4.08133,-0.815344204,0.208897
4.081935,-0.795988651,0.204449
4.08254,-0.772930598,0.200066
4.083145,-0.741414642,0.195748
4.08375,-0.699800052,0.191495
4.084355,-0.654679939,0.187307
4.08496,-0.618180539,0.183184
4.085565,-0.597934097,0.179125
4.08617,-0.590072713,0.175131
4.086775,-0.5828886,0.1712
4.08738,-0.567211273,0.167333
4.087985,-0.542748265,0.163529
4.08859,-0.5154136,0.159789
4.089195,-0.49110706,0.156111
4.0898,-0.472338185,0.152495
4.090405,-0.457586007,0.148941
4.09101,-0.441406829,0.145448
4.091615,-0.416699842,0.142017
4.09222,-0.380894681,0.138646
4.092825,-0.341720572,0.135335
4.09343,-0.314245766,0.132084
4.094035,-0.308836877,0.128892
4.09464,-0.321525934,0.125759
4.095245,-0.337394477,0.122684
4.09585,-0.343607334,0.119666
4.096455,-0.338394785,0.116706
4.09706,-0.328556435,0.113802
4.097665,-0.3215668,0.110954
4.09827,-0.320633977,0.108161
4.098875,-0.323842387,0.105423
4.09948,-0.325287154,0.10274
4.100085,-0.318006501,0.10011
4.10069,-0.299282443,0.097533
4.101295,-0.275473886,0.095008
4.1019,-0.259983374,0.092535
4.102505,-0.263122641,0.090114
4.10311,-0.282987762,0.087742
4.103715,-0.307075191,0.085421
4.10432,-0.323233898,0.083149
4.104925,-0.328620174,0.080925
4.10553,-0.328295088,0.078749
4.106135,-0.327888694,0.076621
4.10674,-0.329713036,0.074539
4.107345,-0.333293409,0.072503
4.10795,-0.335638546,0.070512
4.108555,-0.331249476,0.068566
4.10916,-0.315728606,0.066663
4.109765,-0.29204731,0.064804
4.11037,-0.271928531,0.062988
4.110975,-0.268005467,0.061213
4.11158,-0.283220704,0.05948
4.112185,-0.307982768,0.057788
4.11279,-0.328121133,0.056135
4.113395,-0.33595349,0.054521
4.114,-0.333851829,0.052946
4.114605,-0.328869695,0.051409
4.11521,-0.326346181,0.04991
4.115815,-0.327624805,0.048447
4.11642,-0.330078566,0.04702
4.117025,-0.327797236,0.045628
4.11763,-0.314967403,0.044271
4.118235,-0.292246236,0.042948
4.11884,-0.269696691,0.041658
4.119445,-0.260192524,0.040401
4.12005,-0.268494431,0.039177
4.120655,-0.287541936,0.037984
4.12126,-0.305243885,0.036822
4.121865,-0.313889713,0.03569
4.12247,-0.313478022,0.034588
4.123075,-0.30864685,0.033515
4.12368,-0.304546028,0.03247
4.124285,-0.304169895,0.031453
4.12489,-0.306459737,0.030464
4.125495,-0.305953231,0.029502
4.1261,-0.296045722,0.028566
4.126705,-0.275377705,0.027655
4.12731,-0.251862273,0.026769
4.127915,-0.238330487,0.025908
4.12852,-0.242226955,0.025071
4.129125,-0.25942202,0.024258
4.12973,-0.27822735,0.023467
4.130335,-0.289086854,0.022699
4.13094,-0.290409365,0.021953
4.131545,-0.28662892,0.021228
4.13215,-0.283019812,0.020525
4.132755,-0.282516396,0.019841
4.13336,-0.284954428,0.019178
4.133965,-0.287096861,0.018534
4.13457,-0.283735076,0.017909
4.135175,-0.271519719,0.017302
4.13578,-0.253809802,0.016714
4.136385,-0.240596632,0.016143
4.13699,-0.24118924,0.015589
4.137595,-0.256104497,0.015052
4.1382,-0.276612588,0.014532
4.138805,-0.292420145,0.014027
4.13941,-0.299372836,0.013538
4.140015,-0.30024554,0.013065
4.14062,-0.300124916,0.012605
4.141225,-0.302063894,0.012161
4.14183,-0.305853291,0.01173
4.142435,-0.308929731,0.011313
4.14304,-0.307788692,0.010909
4.143645,-0.300224708,0.010518
4.14425,-0.28836663,0.010139
4.144855,-0.279087006,0.009773
4.14546,-0.279266667,0.009418
4.146065,-0.289633768,0.009075
4.14667,-0.303774522,0.008743
4.147275,-0.313820094,0.008422
4.14788,-0.316740315,0.008112
4.148485,-0.314820023,0.007812
4.14909,-0.311514351,0.007522
4.149695,-0.308435774,0.007242
4.1503,-0.30561112,0.006971
4.150905,-0.302520887,0.006709
4.15151,-0.297744626,0.006456
4.152115,-0.288719001,0.006212
4.15272,-0.274071683,0.005976
4.153325,-0.256576842,0.005748
4.15393,-0.241997644,0.005528
4.154535,-0.233729,0.005316
4.15514,-0.22913504,0.005111
4.155745,-0.2220564,0.004913
4.15635,-0.208512082,0.004723
4.156955,-0.189132701,0.004539
4.15756,-0.166741745,0.004361
4.158165,-0.14310118,0.00419
4.15877,-0.118239807,0.004025
4.159375,-0.091606046,0.003866
4.15998,-0.062377377,0.003713
4.160585,-0.028805473,0.003565
4.16119,0.010780473,0.003422
4.161795,0.0550793,0.003285
4.1624,0.098993743,0.003153
4.163005,0.137398805,0.003026
4.16361,0.169909535,0.002903
4.164215,0.200962593,0.002785
4.16482,0.235181716,0.002671
4.165425,0.273574399,0.002562
4.16603,0.313983062,0.002457
4.166635,0.353776098,0.002356
4.16724,0.391501879,0.002258
4.167845,0.426794283,0.002164
4.16845,0.459848169,0.002074
4.169055,0.491295711,0.001988
4.16966,0.521918986,0.001904
4.170265,0.551679111,0.001824
4.17087,0.578889932,0.001747
4.171475,0.601052059,0.001673
4.17208,0.617187688,0.001602
4.172685,0.62900054,0.001534
4.17329,0.639164707,0.001468
4.173895,0.648801019,0.001405
4.1745,0.656990887,0.001345
4.175105,0.662307648,0.001287
4.17571,0.664227575,0.001231
4.176315,0.663109766,0.001177
4.17692,0.659546727,0.001126
4.177525,0.6542687,0.001077
4.17813,0.648189744,0.00103
4.178735,0.641667756,0.000984
4.17934,0.633654996,0.000941
4.179945,0.622444491,0.000899
4.18055,0.607865834,0.000859
4.181155,0.592117689,0.000821
4.18176,0.577638434,0.000784
4.182365,0.564686723,0.000749
4.18297,0.551894352,0.000715
4.183575,0.538706442,0.000683
4.18418,0.526015293,0.000652
4.184785,0.514266923,0.000622
4.18539,0.502357331,0.000594
4.185995,0.489440355,0.000567
4.1866,0.476804541,0.000541
4.187205,0.466300312,0.000516
4.18781,0.457266253,0.000492
4.188415,0.446945556,0.000469
4.18902,0.434381578,0.000448
4.189625,0.422077511,0.000427
4.19023,0.412795028,0.000407
4.190835,0.406342763,0.000388
4.19144,0.400890714,0.00037
4.192045,0.39595088,0.000352
4.19265,0.39228691,0.000335
4.193255,0.38992955,0.00032
4.19386,0.388108207,0.000304
4.194465,0.386634545,0.00029
4.19507,0.385884997,0.000276
4.195675,0.385663287,0.000263
4.19628,0.385170321,0.00025
4.196885,0.383961052,0.000238
4.19749,0.382221586,0.000227
4.198095,0.38027012,0.000216
4.1987,0.378301935,0.000205
4.199305,0.376845327,0.000195
4.19991,0.37733281,0.000186
4.200515,0.381056158,0.000176
4.20112,0.38659375,0.000168
4.201725,0.389830496,0.000159
4.20233,0.388514025,0.000152
4.202935,0.38580069,0.000144
4.20354,0.386973161,0.000137
4.204145,0.392662454,0.00013
4.20475,0.397576954,0.000124
4.205355,0.396639113,0.000117
4.20596,0.390256626,0.000111
4.206565,0.38297082,0.000106
4.20717,0.379127824,0.0001
4.207775,0.380009111,9.53E-05
4.20838,0.383167469,9.05E-05
4.208985,0.384567616,8.59E-05
4.20959,0.382460486,8.15E-05
4.210195,0.378904318,7.73E-05
4.2108,0.377127386,7.33E-05
4.211405,0.377926602,6.95E-05
4.21201,0.379097528,6.59E-05
4.212615,0.377895639,6.25E-05
4.21322,0.373387079,5.93E-05
4.213825,0.366872847,5.62E-05
4.21443,0.360574793,5.32E-05
4.215035,0.355391621,5.05E-05
4.21564,0.350053662,4.78E-05
4.216245,0.343420062,4.53E-05
4.21685,0.336987244,4.29E-05
4.217455,0.333426712,4.06E-05
4.21806,0.332784648,3.85E-05
4.218665,0.331981289,3.64E-05
4.21927,0.328553831,3.45E-05
4.219875,0.323462164,3.26E-05
4.22048,0.319579714,3.09E-05
4.221085,0.318261551,2.92E-05
4.22169,0.317817946,2.76E-05
4.222295,0.315081843,2.61E-05
4.2229,0.308354788,2.47E-05
4.223505,0.298995199,2.34E-05
4.22411,0.290376628,2.21E-05
4.224715,0.285144343,2.09E-05
4.22532,0.283151018,1.97E-05
4.225925,0.282162214,1.87E-05
4.22653,0.280402268,1.76E-05
4.227135,0.277790548,1.67E-05
4.22774,0.275013422,1.57E-05
4.228345,0.272507082,1.49E-05
4.22895,0.270494819,1.40E-05
4.229555,0.269036526,1.33E-05
4.23016,0.267504746,1.25E-05
4.230765,0.264585264,1.18E-05
4.23137,0.259392708,1.12E-05
4.231975,0.25241734,1.05E-05
4.23258,0.245091059,9.93E-06
4.233185,0.238641877,9.37E-06
4.23379,0.233635612,8.84E-06
4.234395,0.230261696,8.33E-06
4.235,0.2283291,7.86E-06
4.235605,0.226805261,7.41E-06
4.23621,0.223815194,6.99E-06
4.236815,0.217750928,6.58E-06
4.23742,0.20935729,6.20E-06
4.238025,0.203072065,5.85E-06
4.23863,0.203801932,5.51E-06
4.239235,0.208958057,5.19E-06
4.23984,0.206507266,4.89E-06
4.240445,0.188569933,4.60E-06
4.24105,0.165564853,4.33E-06
4.241655,0.156393716,4.08E-06
4.24226,0.164228331,3.84E-06
4.242865,0.172731047,3.62E-06
4.24347,0.167782463,3.40E-06
4.244075,0.153455984,3.20E-06
4.24468,0.142929168,3.01E-06
4.245285,0.140617922,2.83E-06
4.24589,0.139876026,2.66E-06
4.246495,0.135605473,2.51E-06
4.2471,0.131142998,2.36E-06
4.247705,0.130300638,2.21E-06
4.24831,0.128880565,2.08E-06
4.248915,0.120435687,1.96E-06
4.24952,0.107704998,1.84E-06
4.250125,0.100634783,1.73E-06
4.25073,0.102655878,1.62E-06
4.251335,0.105418109,1.52E-06
4.25194,0.0994261,1.43E-06
4.252545,0.08578646,1.34E-06
4.25315,0.074163609,1.26E-06
4.253755,0.071227126,1.18E-06
4.25436,0.074636471,1.11E-06
4.254965,0.077327363,1.04E-06
4.25557,0.074609945,9.79E-07
4.256175,0.067231092,9.18E-07
4.25678,0.059242707,8.61E-07
4.257385,0.053664942,8.08E-07
4.25799,0.050275828,7.58E-07
4.258595,0.04691543,7.10E-07
4.2592,0.042108768,6.66E-07
4.259805,0.036199422,6.24E-07
4.26041,0.030472964,5.85E-07
4.261015,0.026045916,5.48E-07
4.26162,0.023245459,5.14E-07
4.262225,0.021157171,4.81E-07
4.26283,0.018230362,4.51E-07
4.263435,0.01396613,4.22E-07
4.26404,0.009678038,3.95E-07
4.264645,0.007024271,3.70E-07
4.26525,0.005621538,3.46E-07
4.265855,0.002767211,3.24E-07
4.26646,-0.003900016,3.03E-07
4.267065,-0.013953419,2.84E-07
4.26767,-0.024817693,2.65E-07
4.268275,-0.034543911,2.48E-07
4.26888,-0.043477277,2.32E-07
4.269485,-0.053213469,2.17E-07
4.27009,-0.064752673,2.03E-07
4.270695,-0.078076451,1.90E-07
4.2713,-0.09273601,1.77E-07
4.271905,-0.108089407,1.66E-07
4.27251,-0.123060354,1.55E-07
4.273115,-0.136667374,1.45E-07
4.27372,-0.149705995,1.35E-07
4.274325,-0.165213674,1.26E-07
4.27493,-0.186071872,1.18E-07
4.275535,-0.212223453,1.10E-07
4.27614,-0.240753882,1.03E-07
4.276745,-0.26859907,9.60E-08
4.27735,-0.294865058,8.96E-08
4.277955,-0.320728383,8.36E-08
4.27856,-0.347894953,7.80E-08
4.279165,-0.377469657,7.28E-08
4.27977,-0.40943444,6.79E-08
4.280375,-0.44196315,6.33E-08
4.28098,-0.471133631,5.91E-08
4.281585,-0.493163471,5.51E-08
4.28219,-0.508877311,5.13E-08
4.282795,-0.525264989,4.79E-08
4.2834,-0.550206558,4.46E-08
4.284005,-0.584779206,4.16E-08
4.28461,-0.622019764,3.87E-08
4.285215,-0.653921149,3.61E-08
4.28582,-0.678176797,3.36E-08
4.286425,-0.697407008,3.13E-08
4.28703,-0.714242389,2.91E-08
4.287635,-0.729312872,2.71E-08
4.28824,-0.742514716,2.52E-08
4.288845,-0.753314319,2.35E-08
4.28945,-0.759375822,2.19E-08
4.290055,-0.757386315,2.03E-08
4.29066,-0.747447902,1.89E-08
4.291265,-0.735782357,1.76E-08
4.29187,-0.730615794,1.64E-08
4.292475,-0.734575607,1.52E-08
4.29308,-0.742142465,1.42E-08
4.293685,-0.745000369,1.32E-08
4.29429,-0.739001099,1.22E-08
4.294895,-0.725843203,1.14E-08
4.2955,-0.709895363,1.06E-08
4.296105,-0.694835273,9.82E-09
4.29671,-0.682059028,9.12E-09
4.297315,-0.669859106,8.47E-09
4.29792,-0.65349665,7.87E-09
4.298525,-0.628157514,7.31E-09
4.29913,-0.594422754,6.78E-09
4.299735,-0.560747652,6.30E-09
4.30034,-0.538119105,5.84E-09
4.300945,-0.530736073,5.42E-09
4.30155,-0.532155669,5.03E-09
4.302155,-0.530959677,4.67E-09
4.30276,-0.520188289,4.33E-09
4.303365,-0.501548306,4.02E-09
4.30397,-0.481691359,3.72E-09
4.304575,-0.465807945,3.45E-09
4.30518,-0.454457909,3.20E-09
4.305785,-0.444363267,2.97E-09
4.30639,-0.430626634,2.75E-09
4.306995,-0.409474836,2.55E-09
4.3076,-0.381844338,2.36E-09
4.308205,-0.354916331,2.19E-09
4.30881,-0.337952208,2.03E-09
4.309415,-0.335096681,1.88E-09
4.31002,-0.342126156,1.74E-09
4.310625,-0.350090538,1.61E-09
4.31123,-0.352135565,1.49E-09
4.311835,-0.347406507,1.38E-09
4.31244,-0.339603305,1.28E-09
4.313045,-0.333099736,1.18E-09
4.31365,-0.330329251,1.09E-09
4.314255,-0.330856104,1.01E-09
4.31486,-0.330908491,9.34E-10
4.315465,-0.324577021,8.64E-10
4.31607,-0.30892364,7.99E-10
4.316675,-0.289527992,7.38E-10
4.31728,-0.278431592,6.82E-10
4.317885,-0.283758044,6.31E-10
4.31849,-0.301745635,5.83E-10
4.319095,-0.320619788,5.39E-10
4.3197,-0.331702217,4.97E-10
4.320305,-0.335027647,4.59E-10
4.32091,-0.33534152,4.24E-10
4.321515,-0.336148576,3.92E-10
4.32212,-0.338449921,3.62E-10
4.322725,-0.34221412,3.34E-10
4.32333,-0.346081539,3.08E-10
4.323935,-0.3461089,2.84E-10
4.32454,-0.338242169,2.62E-10
4.325145,-0.324185044,2.42E-10
4.32575,-0.313030532,2.23E-10
4.326355,-0.314249822,2.06E-10
4.32696,-0.328744443,1.90E-10
4.327565,-0.34807183,1.75E-10
4.32817,-0.362458449,1.61E-10
4.328775,-0.368332516,1.49E-10
4.32938,-0.36845733,1.37E-10
4.329985,-0.367334693,1.26E-10
4.33059,-0.367807923,1.16E-10
4.331195,-0.370372665,1.07E-10
4.3318,-0.373260389,9.88E-11
4.332405,-0.372758428,9.10E-11
4.33301,-0.365602111,8.38E-11
4.333615,-0.353155807,7.72E-11
4.33422,-0.342511861,7.10E-11
4.334825,-0.341303602,6.54E-11
4.33543,-0.350806038,6.02E-11
4.336035,-0.364775157,5.54E-11
4.33664,-0.375116079,5.09E-11
4.337245,-0.378099328,4.68E-11
4.33785,-0.375339582,4.31E-11
4.338455,-0.370584317,3.96E-11
4.33906,-0.366908925,3.64E-11
4.339665,-0.365741081,3.35E-11
4.34027,-0.366257846,3.08E-11
4.340875,-0.365147302,2.83E-11
4.34148,-0.358357636,2.60E-11
4.342085,-0.344810721,2.39E-11
4.34269,-0.328745032,2.19E-11
4.343295,-0.31714644,2.02E-11
4.3439,-0.313778606,1.85E-11
4.344505,-0.315827037,1.70E-11
4.34511,-0.316647567,1.56E-11
4.345715,-0.311481606,1.43E-11
4.34632,-0.300307583,1.31E-11
4.346925,-0.285987752,1.21E-11
4.34753,-0.271027467,1.11E-11
4.348135,-0.256252969,1.02E-11
4.34874,-0.241100893,9.32E-12
4.349345,-0.223844001,8.55E-12
4.34995,-0.201950181,7.84E-12
4.350555,-0.173941776,7.19E-12
4.35116,-0.141889481,6.59E-12
4.351765,-0.111078059,6.04E-12
4.35237,-0.085712932,5.53E-12
4.352975,-0.064918689,5.07E-12
4.35358,-0.043721428,4.65E-12
4.354185,-0.017834813,4.26E-12
4.35479,0.013095225,3.90E-12
4.355395,0.046493781,3.57E-12
4.356,0.079893342,3.27E-12
4.356605,0.112553457,2.99E-12
4.35721,0.144792011,2.74E-12
4.357815,0.176904226,2.51E-12
4.35842,0.209213919,2.30E-12
4.359025,0.242297384,2.10E-12
4.35963,0.276080016,1.92E-12
4.360235,0.308833899,1.76E-12
4.36084,0.337968653,1.61E-12
4.361445,0.362283172,1.47E-12
4.36205,0.383100397,1.34E-12
4.362655,0.402846934,1.23E-12
4.36326,0.422788406,1.12E-12
4.363865,0.442289092,1.03E-12
4.36447,0.459838334,9.38E-13
4.365075,0.474453805,8.57E-13
4.36568,0.486186512,7.83E-13
4.366285,0.495687142,7.15E-13
4.36689,0.503654576,6.53E-13
4.367495,0.510460621,5.96E-13
4.3681,0.515790658,5.45E-13
4.368705,0.518660539,4.97E-13
4.36931,0.518250545,4.54E-13
4.369915,0.514956881,4.14E-13
4.37052,0.510236412,3.78E-13
4.371125,0.505074233,3.45E-13
4.37173,0.499119266,3.14E-13
4.372335,0.491830612,2.87E-13
4.37294,0.483855143,2.62E-13
4.373545,0.476423745,2.38E-13
4.37415,0.469670172,2.17E-13
4.374755,0.462514352,1.98E-13
4.37536,0.454309705,1.81E-13
4.375965,0.445707155,1.65E-13
4.37657,0.437503771,1.50E-13
4.377175,0.429305289,1.37E-13
4.37778,0.4200292,1.24E-13
4.378385,0.409647993,1.13E-13
4.37899,0.399709789,1.03E-13
4.379595,0.391755649,9.39E-14
4.3802,0.385726491,8.55E-14
4.380805,0.380314575,7.78E-14
4.38141,0.374482694,7.08E-14
4.382015,0.368335283,6.45E-14
4.38262,0.362897206,5.86E-14
4.383225,0.359458281,5.33E-14
4.38383,0.35875585,4.85E-14
4.384435,0.360048756,4.41E-14
4.38504,0.361066692,4.01E-14
4.385645,0.359671497,3.65E-14
4.38625,0.355865683,3.32E-14
4.386855,0.351781358,3.01E-14
4.38746,0.349549062,2.74E-14
4.388065,0.349546244,2.49E-14
4.38867,0.350814652,2.26E-14
4.389275,0.352536495,2.05E-14
4.38988,0.354612618,1.86E-14
4.390485,0.357205281,1.69E-14
4.39109,0.360241754,1.54E-14
4.391695,0.363378558,1.40E-14
4.3923,0.366413628,1.27E-14
4.392905,0.369615972,1.15E-14
4.39351,0.373188932,1.04E-14
4.394115,0.376345551,9.46E-15
4.39472,0.377534915,8.58E-15
4.395325,0.37604342,7.78E-15
4.39593,0.373262901,7.06E-15
4.396535,0.371840603,6.40E-15
4.39714,0.373129383,5.80E-15
4.397745,0.375960154,5.26E-15
4.39835,0.378573411,4.77E-15
4.398955,0.380900148,4.32E-15
4.39956,0.383788482,3.91E-15
4.400165,0.386883576,3.55E-15
4.40077,0.388924705,3.21E-15
4.401375,0.389819627,2.91E-15
4.40198,0.390798511,2.63E-15
4.402585,0.392145525,2.38E-15
4.40319,0.392051445,2.16E-15
4.403795,0.38866478,1.95E-15
4.4044,0.382686313,1.77E-15
4.405005,0.377034619,1.60E-15
4.40561,0.374122652,1.45E-15
4.406215,0.373910724,1.31E-15
4.40682,0.374383797,1.18E-15
4.407425,0.373641309,1.07E-15
4.40803,0.371513452,9.68E-16
4.408635,0.369089464,8.76E-16
4.40924,0.367119879,7.91E-16
4.409845,0.365511302,7.15E-16
4.41045,0.363750879,6.46E-16
4.411055,0.360932413,5.84E-16
4.41166,0.356029053,5.28E-16
4.412265,0.34893567,4.77E-16
4.41287,0.340740352,4.30E-16
4.413475,0.332664789,3.89E-16
4.41408,0.325440398,3.51E-16
4.414685,0.319952293,3.17E-16
4.41529,0.317339655,2.86E-16
4.415895,0.317398565,2.58E-16
4.4165,0.31769778,2.33E-16
4.417105,0.315710874,2.10E-16
4.41771,0.311624371,1.89E-16
4.418315,0.308093919,1.71E-16
4.41892,0.307212501,1.54E-16
4.419525,0.308059838,1.39E-16
4.42013,0.307294218,1.25E-16
4.420735,0.302262583,1.13E-16
4.42134,0.293704402,1.02E-16
4.421945,0.285342287,9.17E-17
4.42255,0.280591046,8.26E-17
4.423155,0.279685854,7.44E-17
4.42376,0.280041453,6.71E-17
4.424365,0.278970516,6.04E-17
4.42497,0.275948335,5.44E-17
4.425575,0.272710656,4.90E-17
4.42618,0.271210675,4.41E-17
4.426785,0.271404772,3.97E-17
4.42739,0.271331837,3.57E-17
4.427995,0.269235662,3.21E-17
4.4286,0.265040238,2.89E-17
4.429205,0.25967613,2.60E-17
4.42981,0.253692885,2.34E-17
4.430415,0.247221314,2.10E-17
4.43102,0.240793019,1.89E-17
4.431625,0.235298529,1.70E-17
4.43223,0.231352107,1.53E-17
4.432835,0.229036946,1.37E-17
4.43344,0.227796755,1.23E-17
4.434045,0.226440559,1.11E-17
4.43465,0.223716799,9.96E-18
4.435255,0.21909918,8.95E-18
4.43586,0.21315348,8.04E-18
4.436465,0.207698611,7.22E-18
4.43707,0.205346784,6.48E-18
4.437675,0.206216648,5.82E-18
4.43828,0.204134312,5.22E-18
4.438885,0.191649953,4.68E-18
4.43949,0.172207882,4.20E-18
4.440095,0.159916128,3.77E-18
4.4407,0.162107543,3.38E-18
4.441305,0.169499524,3.03E-18
4.44191,0.1687368,2.72E-18
4.442515,0.158404673,2.44E-18
4.44312,0.147482692,2.19E-18
4.443725,0.14198324,1.96E-18
4.44433,0.139249173,1.76E-18
4.444935,0.135118301,1.57E-18
4.44554,0.130597164,1.41E-18
4.446145,0.127964419,1.26E-18
4.44675,0.124148101,1.13E-18
4.447355,0.114069375,1.01E-18
4.44796,0.100201211,9.08E-19
4.448565,0.091983918,8.13E-19
4.44917,0.093382678,7.28E-19
4.449775,0.09677708,6.51E-19
4.45038,0.092514211,5.83E-19
4.450985,0.080596402,5.22E-19
4.45159,0.06941068,4.67E-19
4.452195,0.06515916,4.18E-19
4.4528,0.066358512,3.73E-19
4.453405,0.067766764,3.34E-19
4.45401,0.065910312,2.99E-19
4.454615,0.060603112,2.67E-19
4.45522,0.05365852,2.39E-19
4.455825,0.047044233,2.13E-19
4.45643,0.041551339,1.91E-19
4.457035,0.036646281,1.70E-19
4.45764,0.031785214,1.52E-19
4.458245,0.027687338,1.36E-19
4.45885,0.025143944,1.21E-19
4.459455,0.022835739,1.08E-19
4.46006,0.018401434,9.68E-20
4.460665,0.012063358,8.64E-20
4.46127,0.007116929,7.71E-20
4.461875,0.005664787,6.88E-20
4.46248,0.005617364,6.14E-20
4.463085,0.003474089,5.48E-20
4.46369,-0.001513525,4.89E-20
4.464295,-0.0075046,4.36E-20
4.4649,-0.013044699,3.89E-20
4.465505,-0.018279803,3.47E-20
4.46611,-0.023565501,3.09E-20
4.466715,-0.02838484,2.75E-20
4.46732,-0.032493569,2.45E-20
4.467925,-0.037157878,2.19E-20
4.46853,-0.044030473,1.95E-20
4.469135,-0.053084707,1.74E-20
4.46974,-0.062406315,1.55E-20
4.470345,-0.070074441,1.38E-20
4.47095,-0.076010192,1.23E-20
4.471555,-0.082191001,1.09E-20
4.47216,-0.091473921,9.72E-21
4.472765,-0.105758267,8.65E-21
4.47337,-0.124491323,7.70E-21
4.473975,-0.145076004,6.85E-21
4.47458,-0.165036278,6.10E-21
4.475185,-0.183718959,5.42E-21
4.47579,-0.202237406,4.82E-21
4.476395,-0.222294004,4.29E-21
4.477,-0.244991321,3.81E-21
4.477605,-0.270191333,3.39E-21
4.47821,-0.296451756,3.01E-21
4.478815,-0.321608575,2.68E-21
4.47942,-0.344134399,2.38E-21
4.480025,-0.364807919,2.12E-21
4.48063,-0.387157929,1.88E-21
4.481235,-0.415131915,1.67E-21
4.48184,-0.449403667,1.48E-21
4.482445,-0.486459371,1.32E-21
4.48305,-0.52169798,1.17E-21
4.483655,-0.552827453,1.04E-21
4.48426,-0.58026202,9.21E-22
4.484865,-0.605441206,8.17E-22
4.48547,-0.629575765,7.25E-22
4.486075,-0.653296648,6.43E-22
4.48668,-0.676073795,5.71E-22
4.487285,-0.695494418,5.06E-22
4.48789,-0.70824104,4.49E-22
4.488495,-0.713427773,3.98E-22
4.4891,-0.715271384,3.53E-22
4.489705,-0.72095198,3.13E-22
4.49031,-0.734434696,2.77E-22
4.490915,-0.752596749,2.46E-22
4.49152,-0.768013925,2.18E-22
4.492125,-0.775249911,1.93E-22
4.49273,-0.774244889,1.71E-22
4.493335,-0.768677551,1.51E-22
4.49394,-0.762362661,1.34E-22
4.494545,-0.756947127,1.19E-22
4.49515,-0.751349316,1.05E-22
4.495755,-0.742178682,9.30E-23
4.49636,-0.725472065,8.23E-23
4.496965,-0.700305426,7.28E-23
4.49757,-0.671834936,6.44E-23
4.498175,-0.649161053,5.70E-23
4.49878,-0.638014585,5.04E-23
4.499385,-0.635381125,4.46E-23
4.49999,-0.63228552,3.94E-23
4.500595,-0.62184205,3.48E-23
4.5012,-0.603929186,3.08E-23
4.501805,-0.582868238,2.72E-23
4.50241,-0.562825994,2.41E-23
4.503015,-0.545863756,2.13E-23
4.50362,-0.531710932,1.88E-23
4.504225,-0.51705898,1.66E-23
4.50483,-0.496313013,1.46E-23
4.505435,-0.466458417,1.29E-23
4.50604,-0.432528604,1.14E-23
4.506645,-0.406012594,1.01E-23
4.50725,-0.395410385,8.90E-24
4.507855,-0.398390261,7.85E-24
4.50846,-0.404057521,6.93E-24
4.509065,-0.402758486,6.11E-24
4.50967,-0.393166676,5.39E-24
4.510275,-0.38038898,4.76E-24
4.51088,-0.36933435,4.19E-24
4.511485,-0.361408556,3.70E-24
4.51209,-0.355875863,3.26E-24
4.512695,-0.351040959,2.87E-24
4.5133,-0.343410316,2.53E-24
4.513905,-0.329088956,2.23E-24
4.51451,-0.309211067,1.97E-24
4.515115,-0.292534446,1.73E-24
4.51572,-0.289093451,1.53E-24
4.516325,-0.300503593,1.34E-24
4.51693,-0.31796433,1.18E-24
4.517535,-0.330331067,1.04E-24
4.51814,-0.333250236,9.18E-25
4.518745,-0.33034075,8.08E-25
4.51935,-0.327668075,7.11E-25
4.519955,-0.328741613,6.26E-25
4.52056,-0.333286062,5.50E-25
4.521165,-0.338039179,4.84E-25
4.52177,-0.338052888,4.26E-25
4.522375,-0.329614134,3.74E-25
4.52298,-0.314731768,3.29E-25
4.523585,-0.302216793,2.89E-25
4.52419,-0.301579523,2.54E-25
4.524795,-0.314795886,2.24E-25
4.5254,-0.334624943,1.97E-25
4.526005,-0.351172562,1.73E-25
4.52661,-0.359646849,1.52E-25
4.527215,-0.361875244,1.33E-25
4.52782,-0.362215379,1.17E-25
4.528425,-0.363756694,1.03E-25
4.52903,-0.367314322,9.02E-26
4.529635,-0.37150618,7.92E-26
4.53024,-0.372920755,6.95E-26
4.530845,-0.367824814,6.10E-26
4.53145,-0.35613352,5.36E-26
4.532055,-0.343945601,4.70E-26
4.53266,-0.33995552,4.12E-26
4.533265,-0.347849717,3.62E-26
4.53387,-0.362681003,3.17E-26
4.534475,-0.375345912,2.78E-26
4.53508,-0.380245638,2.44E-26
4.535685,-0.378322081,2.14E-26
4.53629,-0.373997726,1.87E-26
4.536895,-0.370897941,1.64E-26
4.5375,-0.370154481,1.44E-26
4.538105,-0.370718616,1.26E-26
4.53871,-0.36985814,1.10E-26
4.539315,-0.364060608,9.66E-27
4.53992,-0.351678437,8.46E-27
4.540525,-0.33591117,7.41E-27
4.54113,-0.323983026,6.49E-27
4.541735,-0.321464931,5.68E-27
4.54234,-0.326982974,4.97E-27
4.542945,-0.333274667,4.35E-27
4.54355,-0.333571561,3.80E-27
4.544155,-0.326436315,3.33E-27
4.54476,-0.314950205,2.91E-27
4.545365,-0.302749119,2.55E-27
4.54597,-0.29135657,2.23E-27
4.546575,-0.280191062,1.95E-27
4.54718,-0.267585282,1.70E-27
4.547785,-0.251383063,1.49E-27
4.54839,-0.229829211,1.30E-27
4.548995,-0.20350364,1.14E-27
4.5496,-0.176327791,9.92E-28
4.550205,-0.153005204,8.66E-28
4.55081,-0.134549921,7.57E-28
4.551415,-0.117163494,6.61E-28
4.55202,-0.09603619,5.77E-28
4.552625,-0.069411274,5.04E-28
4.55323,-0.038773256,4.40E-28
4.553835,-0.00648914,3.84E-28
4.55444,0.025788967,3.35E-28
4.555045,0.057278804,2.92E-28
4.55565,0.08812457,2.55E-28
4.556255,0.119664442,2.22E-28
4.55686,0.1537271,1.94E-28
4.557465,0.190621327,1.69E-28
4.55807,0.227697225,1.47E-28
4.558675,0.260790906,1.28E-28
4.55928,0.287885195,1.12E-28
4.559885,0.310982233,9.75E-29
4.56049,0.333799265,8.50E-29
4.561095,0.358039443,7.40E-29
4.5617,0.382371043,6.45E-29
4.562305,0.404502751,5.62E-29
4.56291,0.423441454,4.89E-29
4.563515,0.439700086,4.26E-29
4.56412,0.45409569,3.71E-29
4.564725,0.466996424,3.23E-29
4.56533,0.47847203,2.81E-29
4.565935,0.488458931,2.44E-29
4.56654,0.496515604,2.13E-29
4.567145,0.501823075,1.85E-29
4.56775,0.503926091,1.61E-29
4.568355,0.50340867,1.40E-29
4.56896,0.501508874,1.22E-29
4.569565,0.499110659,1.06E-29
4.57017,0.496222851,9.20E-30
4.570775,0.492259762,7.99E-30
4.57138,0.486720875,6.95E-30
4.571985,0.479735921,6.03E-30
4.57259,0.472072898,5.24E-30
4.573195,0.464614262,4.55E-30
4.5738,0.457798548,3.96E-30
4.574405,0.451497669,3.43E-30
4.57501,0.445179535,2.98E-30
4.575615,0.438047092,2.59E-30
4.57622,0.429426707,2.25E-30
4.576825,0.419537738,1.95E-30
4.57743,0.409782786,1.69E-30
4.578035,0.401783215,1.47E-30
4.57864,0.395903132,1.27E-30
4.579245,0.390902104,1.10E-30
4.57985,0.385246202,9.58E-31
4.580455,0.378709717,8.31E-31
4.58106,0.372565074,7.20E-31
4.581665,0.368300681,6.24E-31
4.58227,0.366283897,5.41E-31
4.582875,0.365441603,4.69E-31
4.58348,0.36391005,4.06E-31
4.584085,0.36025573,3.52E-31
4.58469,0.354755842,3.05E-31
4.585295,0.349598933,2.64E-31
4.5859,0.347120877,2.29E-31
4.586505,0.347437839,1.98E-31
4.58711,0.348474936,1.71E-31
4.587715,0.348840947,1.48E-31
4.58832,0.349663874,1.28E-31
4.588925,0.352508828,1.11E-31
4.58953,0.35658371,9.62E-32
4.590135,0.359764742,8.32E-32
4.59074,0.361747744,7.19E-32
4.591345,0.364201104,6.22E-32
4.59195,0.367748752,5.38E-32
4.592555,0.370560011,4.65E-32
4.59316,0.370674633,4.02E-32
4.593765,0.368618692,3.48E-32
4.59437,0.366861524,3.00E-32
4.594975,0.367367299,2.60E-32
4.59558,0.370243301,2.24E-32
4.596185,0.374079196,1.94E-32
4.59679,0.377089744,1.67E-32
4.597395,0.378449193,1.44E-32
4.598,0.379010776,1.25E-32
4.598605,0.380614728,1.08E-32
4.59921,0.384318821,9.29E-33
4.599815,0.389024921,8.02E-33
4.60042,0.39200496,6.92E-33
4.601025,0.391231205,5.97E-33
4.60163,0.3872036,5.15E-33
4.602235,0.382198865,4.44E-33
4.60284,0.378068778,3.83E-33
4.603445,0.375351411,3.30E-33
4.60405,0.374045112,2.85E-33
4.604655,0.374132383,2.46E-33
4.60526,0.37513076,2.12E-33
4.605865,0.375877545,1.82E-33
4.60647,0.375445252,1.57E-33
4.607075,0.374246238,1.35E-33
4.60768,0.373569401,1.17E-33
4.608285,0.373677067,1.00E-33
4.60889,0.372930437,8.65E-34
4.609495,0.369308373,7.45E-34
4.6101,0.362518714,6.41E-34
4.610705,0.354331913,5.52E-34
4.61131,0.347003643,4.75E-34
4.611915,0.341560812,4.09E-34
4.61252,0.337625827,3.52E-34
4.613125,0.334515131,3.03E-34
4.61373,0.331884281,2.60E-34
4.614335,0.329464325,2.24E-34
4.61494,0.326989543,1.92E-34
4.615545,0.324473645,1.65E-34
4.61615,0.322170696,1.42E-34
4.616755,0.320337456,1.22E-34
4.61736,0.318826252,1.05E-34
4.617965,0.316443199,9.03E-35
4.61857,0.311390195,7.75E-35
4.619175,0.303376682,6.66E-35
4.61978,0.294801404,5.72E-35
4.620385,0.288773343,4.91E-35
4.62099,0.286153799,4.22E-35
4.621595,0.285271241,3.62E-35
4.6222,0.284202054,3.11E-35
4.622805,0.282394567,2.67E-35
4.62341,0.280236379,2.29E-35
4.624015,0.278272998,1.96E-35
4.62462,0.277123502,1.68E-35
4.625225,0.277013349,1.45E-35
4.62583,0.276927142,1.24E-35
4.626435,0.275085996,1.06E-35
4.62704,0.270624663,9.11E-36
4.627645,0.264262138,7.81E-36
4.62825,0.25734549,6.69E-36
4.628855,0.250933519,5.74E-36
4.62946,0.245831195,4.92E-36
4.630065,0.242579146,4.21E-36
4.63067,0.240880872,3.61E-36
4.631275,0.239538458,3.09E-36
4.63188,0.237341641,2.65E-36
4.632485,0.233919174,2.27E-36
4.63309,0.229937425,1.94E-36
4.633695,0.226643477,1.66E-36
4.6343,0.224614481,1.42E-36
4.634905,0.222399357,1.22E-36
4.63551,0.216953799,1.04E-36
4.636115,0.20692572,8.90E-37
4.63672,0.196166831,7.61E-37
4.637325,0.191334911,6.51E-37
4.63793,0.192578185,5.57E-37
4.638535,0.189972633,4.76E-37
4.63914,0.176357896,4.07E-37
4.639745,0.160382827,3.48E-37
4.64035,0.156571817,2.97E-37
4.640955,0.164756068,2.54E-37
4.64156,0.170222329,2.17E-37
4.642165,0.163495949,1.85E-37
4.64277,0.150621503,1.58E-37
4.643375,0.142358315,1.35E-37
4.64398,0.140149167,1.15E-37
4.644585,0.137254483,9.85E-38
4.64519,0.130175524,8.41E-38
4.645795,0.122602973,7.18E-38
4.6464,0.117709563,6.12E-38
4.647005,0.112628471,5.23E-38
4.64761,0.104443702,4.46E-38
4.648215,0.097134411,3.80E-38
4.64882,0.096404317,3.24E-38
4.649425,0.099833429,2.77E-38
4.65003,0.098436937,2.36E-38
4.650635,0.088119848,2.01E-38
4.65124,0.074983352,1.71E-38
4.651845,0.067746682,1.46E-38
4.65245,0.068054278,1.24E-38
4.653055,0.070307122,1.06E-38
4.65366,0.068497529,9.03E-39
4.654265,0.061094449,7.69E-39
4.65487,0.050992364,6.55E-39
4.655475,0.042498522,5.57E-39
4.65608,0.038040191,4.75E-39
4.656685,0.03680049,4.04E-39
4.65729,0.035940383,3.44E-39
4.657895,0.033155327,2.93E-39
4.6585,0.028205833,2.49E-39
4.659105,0.022479626,2.12E-39
4.65971,0.017939145,1.80E-39
4.660315,0.016089499,1.53E-39
4.66092,0.016634603,1.30E-39
4.661525,0.016942784,1.11E-39
4.66213,0.013831322,9.41E-40
4.662735,0.006717162,8.00E-40
4.66334,-0.001472164,6.80E-40
4.663945,-0.007373959,5.78E-40
4.66455,-0.010573006,4.91E-40
4.665155,-0.013216121,4.17E-40
4.66576,-0.017107789,3.54E-40
4.666365,-0.022208778,3.01E-40
4.66697,-0.027898855,2.55E-40
4.667575,-0.034498032,2.17E-40
4.66818,-0.042466444,1.84E-40
4.668785,-0.050867322,1.56E-40
4.66939,-0.058161712,1.33E-40
4.669995,-0.06466006,1.12E-40
4.6706,-0.073116619,9.54E-41
4.671205,-0.086148997,8.09E-41
4.67181,-0.103518615,6.86E-41
4.672415,-0.122542377,5.82E-41
4.67302,-0.140646473,4.93E-41
4.673625,-0.15712515,4.18E-41
4.67423,-0.173099266,3.54E-41
4.674835,-0.190434064,3.00E-41
4.67544,-0.210705146,2.55E-41
4.676045,-0.23437408,2.16E-41
4.67665,-0.259784344,1.83E-41
4.677255,-0.283326035,1.55E-41
4.67786,-0.302616955,1.31E-41
4.678465,-0.320469734,1.11E-41
4.67907,-0.343988505,9.39E-42
4.679675,-0.37776494,7.95E-42
4.68028,-0.418649975,6.73E-42
4.680885,-0.458711396,5.69E-42
4.68149,-0.492600069,4.82E-42
4.682095,-0.52092217,4.08E-42
4.6827,-0.547501112,3.45E-42
4.683305,-0.575136022,2.92E-42
4.68391,-0.604036188,2.47E-42
4.684515,-0.632514428,2.08E-42
4.68512,-0.657696409,1.76E-42
4.685725,-0.676394609,1.49E-42
4.68633,-0.687527932,1.26E-42
4.686935,-0.694666773,1.06E-42
4.68754,-0.704746511,8.98E-43
4.688145,-0.7221827,7.59E-43
4.68875,-0.744181752,6.41E-43
4.689355,-0.763143145,5.41E-43
4.68996,-0.773666809,4.57E-43
4.690565,-0.776296959,3.86E-43
4.69117,-0.77502568,3.26E-43
4.691775,-0.773041646,2.75E-43
4.69238,-0.77130049,2.32E-43
4.692985,-0.769037531,1.96E-43
4.69359,-0.763594769,1.65E-43
4.694195,-0.750749942,1.39E-43
4.6948,-0.728266463,1.17E-43
4.695405,-0.700429602,9.90E-44
4.69601,-0.677111686,8.35E-44
4.696615,-0.665892814,7.04E-44
4.69722,-0.664994927,5.93E-44
4.697825,-0.665012199,5.00E-44
4.69843,-0.657461603,4.21E-44
4.699035,-0.640999464,3.55E-44
4.69964,-0.620125711,2.99E-44
4.700245,-0.599956212,2.52E-44
4.70085,-0.582923607,2.12E-44
4.701455,-0.568422163,1.79E-44
4.70206,-0.553293572,1.50E-44
4.702665,-0.532954424,1.27E-44
4.70327,-0.504639615,1.07E-44
4.703875,-0.471531676,8.96E-45
4.70448,-0.442779808,7.54E-45
4.705085,-0.427014357,6.34E-45
4.70569,-0.424853504,5.34E-45
4.706295,-0.428237042,4.49E-45
4.7069,-0.42735319,3.77E-45
4.707505,-0.418027592,3.17E-45
4.70811,-0.402951238,2.67E-45
4.708715,-0.387738609,2.24E-45
4.70932,-0.376771407,1.88E-45
4.709925,-0.370684091,1.58E-45
4.71053,-0.365535036,1.33E-45
4.711135,-0.355045342,1.12E-45
4.71174,-0.335806217,9.38E-46
4.712345,-0.311568222,7.88E-46
4.71295,-0.292036669,6.62E-46
4.713555,-0.28604732,5.55E-46
4.71416,-0.294710209,4.66E-46
4.714765,-0.310646203,3.91E-46
4.71537,-0.323941291,3.28E-46
4.715975,-0.329287467,2.76E-46
4.71658,-0.328032666,2.31E-46
4.717185,-0.324826413,1.94E-46
4.71779,-0.323663703,1.63E-46
4.718395,-0.326102028,1.36E-46
4.719,-0.330643111,1.14E-46
4.719605,-0.332768311,9.58E-47
4.72021,-0.327334787,8.03E-47
4.720815,-0.313719378,6.73E-47
4.72142,-0.299071704,5.64E-47
4.722025,-0.294166994,4.73E-47
4.72263,-0.304141381,3.96E-47
4.723235,-0.323478041,3.32E-47
4.72384,-0.340959052,2.78E-47
4.724445,-0.349474984,2.32E-47
4.72505,-0.350387558,1.95E-47
4.725655,-0.349438266,1.63E-47
4.72626,-0.350840908,1.36E-47
4.726865,-0.355379303,1.14E-47
4.72747,-0.36138047,9.55E-48
4.728075,-0.365362324,7.99E-48
4.72868,-0.362869328,6.68E-48
4.729285,-0.352014388,5.59E-48
4.72989,-0.337558677,4.67E-48
4.730495,-0.329253306,3.91E-48
4.7311,-0.333875269,3.27E-48
4.731705,-0.348971365,2.73E-48
4.73231,-0.365228001,2.28E-48
4.732915,-0.374841096,1.91E-48
4.73352,-0.376951128,1.59E-48
4.734125,-0.375611206,1.33E-48
4.73473,-0.374598611,1.11E-48
4.735335,-0.37500615,9.28E-49
4.73594,-0.376068467,7.75E-49
4.736545,-0.376071092,6.47E-49
4.73715,-0.372311172,5.40E-49
4.737755,-0.362538379,4.51E-49
4.73836,-0.348462497,3.76E-49
4.738965,-0.33669663,3.14E-49
4.73957,-0.333750591,2.62E-49
4.740175,-0.339683225,2.18E-49
4.74078,-0.347928702,1.82E-49
4.741385,-0.351558598,1.52E-49
4.74199,-0.348623219,1.27E-49
4.742595,-0.341500953,1.06E-49
4.7432,-0.333100679,8.80E-50
4.743805,-0.324897251,7.33E-50
4.74441,-0.317222464,6.11E-50
4.745015,-0.309250393,5.09E-50
4.74562,-0.298356416,4.24E-50
4.746225,-0.281392628,3.53E-50
4.74683,-0.258357551,2.94E-50
4.747435,-0.234205634,2.45E-50
4.74804,-0.215212797,2.04E-50
4.748645,-0.203057084,1.70E-50
4.74925,-0.193271472,1.41E-50
4.749855,-0.179687176,1.18E-50
4.75046,-0.159603056,9.78E-51
4.751065,-0.134538526,8.13E-51
4.75167,-0.107303336,6.77E-51
4.752275,-0.079498373,5.63E-51
4.75288,-0.051362556,4.68E-51
4.753485,-0.022552143,3.89E-51
4.75409,0.007722836,3.23E-51
4.754695,0.040629505,2.69E-51
4.7553,0.07652654,2.23E-51
4.755905,0.11359404,1.86E-51
4.75651,0.148549854,1.54E-51
4.757115,0.179418722,1.28E-51
4.75772,0.207253049,1.06E-51
4.758325,0.234699768,8.84E-52
4.75893,0.263287763,7.34E-52
4.759535,0.292535445,6.09E-52
4.76014,0.321169732,5.06E-52
4.760745,0.348368668,4.20E-52
4.76135,0.37373019,3.48E-52
4.761955,0.396775222,2.89E-52
4.76256,0.417245508,2.40E-52
4.763165,0.435797852,1.99E-52
4.76377,0.453574714,1.65E-52
4.764375,0.47059186,1.37E-52
4.76498,0.485018196,1.13E-52
4.765585,0.494814405,9.40E-53
4.76619,0.500036076,7.79E-53
4.766795,0.502849548,6.46E-53
4.7674,0.505266794,5.35E-53
4.768005,0.507528314,4.43E-53
4.76861,0.508743712,3.67E-53
4.769215,0.508307522,3.04E-53
4.76982,0.506172742,2.52E-53
4.770425,0.502255028,2.09E-53
4.77103,0.496537861,1.73E-53
4.771635,0.489871596,1.43E-53
4.77224,0.483663923,1.18E-53
4.772845,0.478123609,9.79E-54
4.77345,0.471493131,8.10E-54
4.774055,0.461947376,6.70E-54
4.77466,0.450043167,5.54E-54
4.775265,0.438489322,4.58E-54
4.77587,0.429492459,3.79E-54
4.776475,0.422928329,3.13E-54
4.77708,0.417085706,2.59E-54
4.777685,0.41056861,2.14E-54
4.77829,0.40331727,1.77E-54
4.778895,0.39626935,1.46E-54
4.7795,0.390387363,1.21E-54
4.780105,0.385855874,9.98E-55
4.78071,0.381923083,8.24E-55
4.781315,0.377517071,6.81E-55
4.78192,0.372246853,5.62E-55
4.782525,0.366856746,4.64E-55
4.78313,0.36242106,3.83E-55
4.783735,0.359021352,3.16E-55
4.78434,0.355837641,2.61E-55
4.784945,0.35294367,2.15E-55
4.78555,0.352024907,1.78E-55
4.786155,0.354115452,1.46E-55
4.78676,0.357270063,1.21E-55
4.787365,0.358263376,9.96E-56
4.78797,0.356892018,8.21E-56
4.788575,0.356801321,6.77E-56
4.78918,0.360716772,5.58E-56
4.789785,0.366263063,4.60E-56
4.79039,0.368565792,3.79E-56
4.790995,0.36618559,3.12E-56
4.7916,0.362377507,2.57E-56
4.792205,0.360872837,2.12E-56
4.79281,0.362371477,1.74E-56
4.793415,0.365365767,1.44E-56
4.79402,0.368604844,1.18E-56
4.794625,0.371713923,9.74E-57
4.79523,0.374590361,8.01E-57
4.795835,0.37738264,6.59E-57
4.79644,0.380440267,5.43E-57
4.797045,0.383626355,4.46E-57
4.79765,0.386090255,3.67E-57
4.798255,0.387001533,3.02E-57
4.79886,0.386379228,2.48E-57
4.799465,0.385047593,2.04E-57
4.80007,0.383678484,1.68E-57
4.800675,0.382209961,1.38E-57
4.80128,0.380629712,1.13E-57
4.801885,0.379815907,9.32E-58
4.80249,0.380570998,7.65E-58
4.803095,0.38197701,6.29E-58
4.8037,0.382049199,5.16E-58
4.804305,0.38032489,4.24E-58
4.80491,0.378616099,3.48E-58
4.805515,0.378721988,2.86E-58
4.80612,0.380158358,2.35E-58
4.806725,0.38058178,1.93E-58
4.80733,0.378072941,1.58E-58
4.807935,0.372529415,1.30E-58
4.80854,0.365120155,1.06E-58
4.809145,0.357340536,8.73E-59
4.80975,0.35071013,7.16E-59
4.810355,0.346390274,5.87E-59
4.81096,0.344466883,4.81E-59
4.811565,0.343680095,3.95E-59
4.81217,0.342140832,3.23E-59
4.812775,0.338841815,2.65E-59
4.81338,0.334702573,2.17E-59
4.813985,0.331679008,1.78E-59
4.81459,0.330636405,1.46E-59
4.815195,0.330382276,1.19E-59
4.8158,0.328649616,9.78E-60
4.816405,0.323832064,8.01E-60
4.81701,0.316333898,6.55E-60
4.817615,0.308516478,5.36E-60
4.81822,0.302715595,4.39E-60
4.818825,0.299248919,3.59E-60
4.81943,0.296902308,2.94E-60
4.820035,0.294897336,2.41E-60
4.82064,0.29341953,1.97E-60
4.821245,0.292495582,1.61E-60
4.82185,0.291470365,1.32E-60
4.822455,0.289904495,1.08E-60
4.82306,0.288193155,8.80E-61
4.823665,0.286688061,7.19E-61
4.82427,0.284700599,5.88E-61
4.824875,0.280991492,4.80E-61
4.82548,0.275019205,3.92E-61
4.826085,0.267539634,3.20E-61
4.82669,0.260362391,2.62E-61
4.827295,0.255362301,2.14E-61
4.8279,0.253003742,1.75E-61
4.828505,0.251774957,1.42E-61
4.82911,0.249650051,1.16E-61
4.829715,0.246194049,9.49E-62
4.83032,0.242732716,7.75E-62
4.830925,0.240484424,6.32E-62
4.83153,0.239223103,5.16E-62
4.832135,0.23777153,4.21E-62
4.83274,0.235030173,3.43E-62
4.833345,0.230486034,2.80E-62
4.83395,0.22435246,2.28E-62
4.834555,0.217254308,1.86E-62
4.83516,0.209478464,1.52E-62
4.835765,0.2011188,1.24E-62
4.83637,0.193969328,1.01E-62
4.836975,0.191783624,8.20E-63
4.83758,0.194750403,6.68E-63
4.838185,0.194806044,5.44E-63
4.83879,0.183942708,4.43E-63
4.839395,0.167602362,3.61E-63
4.84,0.160156094,2.94E-63
4.840605,0.165495584,2.39E-63
4.84121,0.171781598,1.95E-63
4.841815,0.167448541,1.58E-63
4.84242,0.154238313,1.29E-63
4.843025,0.141567187,1.05E-63
4.84363,0.133870881,8.53E-64
4.844235,0.128297492,6.94E-64
4.84484,0.122490496,5.64E-64
4.845445,0.11852033,4.59E-64
4.84605,0.117353134,3.73E-64
4.846655,0.11451035,3.03E-64
4.84726,0.10612441,2.46E-64
4.847865,0.096651097,2.00E-64
4.84847,0.094324093,1.63E-64
4.849075,0.099264688,1.32E-64
4.84968,0.10194266,1.07E-64
4.850285,0.094838391,8.71E-65
4.85089,0.08131714,7.07E-65
4.851495,0.070653467,5.74E-65
4.8521,0.067342001,4.66E-65
4.852705,0.068160764,3.78E-65
4.85331,0.067585757,3.07E-65
4.853915,0.06309801,2.49E-65
4.85452,0.056024681,2.02E-65
4.855125,0.049278844,1.64E-65
4.85573,0.044664595,1.33E-65
4.856335,0.041738271,1.08E-65
4.85694,0.038938563,8.74E-66
4.857545,0.035800125,7.09E-66
4.85815,0.033211188,5.75E-66
4.858755,0.031023275,4.66E-66
4.85936,0.027333352,3.77E-66
4.859965,0.021501718,3.06E-66
4.86057,0.015935187,2.48E-66
4.861175,0.012953594,2.01E-66
4.86178,0.01114603,1.62E-66
4.862385,0.00709469,1.32E-66
4.86299,0.000301396,1.06E-66
4.863595,-0.006028745,8.62E-67
4.8642,-0.009515096,6.98E-67
4.864805,-0.011829397,5.65E-67
4.86541,-0.016235992,4.57E-67
4.866015,-0.023029396,3.70E-67
4.86662,-0.029155172,2.99E-67
4.867225,-0.032549875,2.42E-67
4.86783,-0.035334281,1.96E-67
4.868435,-0.041691899,1.58E-67
4.86904,-0.053241451,1.28E-67
4.869645,-0.067635167,1.03E-67
4.87025,-0.081796711,8.35E-68
4.870855,-0.095306716,6.75E-68
4.87146,-0.10988787,5.45E-68
4.872065,-0.12659945,4.40E-68
4.87267,-0.144655381,3.56E-68
4.873275,-0.162848509,2.87E-68
4.87388,-0.181232157,2.32E-68
4.874485,-0.200570471,1.87E-68
4.87509,-0.220509286,1.51E-68
4.875695,-0.239804989,1.22E-68
4.8763,-0.258915302,9.85E-69
4.876905,-0.281072504,7.94E-69
4.87751,-0.309456875,6.41E-69
4.878115,-0.343663518,5.17E-69
4.87872,-0.379934426,4.17E-69
4.879325,-0.414451699,3.36E-69
4.87993,-0.445671178,2.71E-69
4.880535,-0.474350225,2.19E-69
4.88114,-0.502545757,1.76E-69
4.881745,-0.532279938,1.42E-69
4.88235,-0.563846524,1.14E-69
4.882955,-0.594497046,9.22E-70
4.88356,-0.619385268,7.43E-70
4.884165,-0.635616457,5.98E-70
4.88477,-0.646285881,4.82E-70
4.885375,-0.659336803,3.88E-70
4.88598,-0.680735754,3.12E-70
4.886585,-0.708687672,2.51E-70
4.88719,-0.735459728,2.02E-70
4.887795,-0.754575508,1.63E-70
4.8884,-0.765272544,1.31E-70
4.889005,-0.770748075,1.05E-70
4.88961,-0.774145861,8.48E-71
4.890215,-0.776782672,6.82E-71
4.89082,-0.778482011,5.48E-71
4.891425,-0.777648646,4.41E-71
4.89203,-0.771180339,3.54E-71
4.892635,-0.756525907,2.85E-71
4.89324,-0.735531877,2.29E-71
4.893845,-0.71537034,1.84E-71
4.89445,-0.703423144,1.48E-71
4.895055,-0.700508065,1.19E-71
4.89566,-0.700111107,9.54E-72
4.896265,-0.694614589,7.66E-72
4.89687,-0.681431626,6.15E-72
4.897475,-0.66317502,4.94E-72
4.89808,-0.64381797,3.96E-72
4.898685,-0.625968266,3.18E-72
4.89929,-0.610242651,2.55E-72
4.899895,-0.594703078,2.05E-72
4.9005,-0.574791001,1.64E-72
4.901105,-0.546407867,1.32E-72
4.90171,-0.511291232,1.06E-72
4.902315,-0.478606693,8.48E-73
4.90292,-0.458714556,6.80E-73
4.903525,-0.454181711,5.45E-73
4.90413,-0.457405828,4.37E-73
4.904735,-0.45738716,3.50E-73
4.90534,-0.448525056,2.81E-73
4.905945,-0.43306669,2.25E-73
4.90655,-0.416727238,1.80E-73
4.907155,-0.403592118,1.44E-73
4.90776,-0.394342481,1.16E-73
4.908365,-0.386686815,9.25E-74
4.90897,-0.376268088,7.41E-74
4.909575,-0.35896308,5.93E-74
4.91018,-0.335112588,4.74E-74
4.910785,-0.311792765,3.80E-74
4.91139,-0.298789124,3.04E-74
4.911995,-0.30085467,2.43E-74
4.9126,-0.313626986,1.94E-74
4.913205,-0.327033149,1.56E-74
4.91381,-0.332983265,1.24E-74
4.914415,-0.330450481,9.94E-75
4.91502,-0.324303192,7.95E-75
4.915625,-0.320511733,6.35E-75
4.91623,-0.321958735,5.08E-75
4.916835,-0.326674227,4.06E-75
4.91744,-0.32875815,3.24E-75
4.918045,-0.322149506,2.59E-75
4.91865,-0.306284328,2.07E-75
4.919255,-0.289042293,1.65E-75
4.91986,-0.281958055,1.32E-75
4.920465,-0.290609428,1.05E-75
4.92107,-0.30979568,8.41E-76
4.921675,-0.328422561,6.71E-76
4.92228,-0.338852684,5.36E-76
4.922885,-0.341462253,4.27E-76
4.92349,-0.341278638,3.41E-76
4.924095,-0.342322318,2.72E-76
4.9247,-0.345595857,2.17E-76
4.925305,-0.350152484,1.73E-76
4.92591,-0.353754277,1.38E-76
4.926515,-0.352919786,1.10E-76
4.92712,-0.345194309,8.76E-77
4.927725,-0.333263525,6.98E-77
4.92833,-0.32525693,5.57E-77
4.928935,-0.328413232,4.43E-77
4.92954,-0.342108731,3.53E-77
4.930145,-0.358196708,2.81E-77
4.93075,-0.368420407,2.24E-77
4.931355,-0.370793999,1.78E-77
4.93196,-0.369048741,1.42E-77
4.932565,-0.367779308,1.13E-77
4.93317,-0.369124777,9.00E-78
4.933775,-0.372570785,7.16E-78
4.93438,-0.375648778,5.70E-78
4.934985,-0.374432285,4.53E-78
4.93559,-0.365607281,3.61E-78
4.936195,-0.350485601,2.87E-78
4.9368,-0.336459022,2.28E-78
4.937405,-0.332010625,1.81E-78
4.93801,-0.339139581,1.44E-78
4.938615,-0.351419365,1.15E-78
4.93922,-0.360041809,9.11E-79
4.939825,-0.361053287,7.24E-79
4.94043,-0.35650735,5.75E-79
4.941035,-0.350402901,4.57E-79
4.94164,-0.345134384,3.63E-79
4.942245,-0.34100188,2.88E-79
4.94285,-0.336958497,2.29E-79
4.943455,-0.330717556,1.82E-79
4.94406,-0.31931361,1.44E-79
4.944665,-0.301811391,1.14E-79
4.94527,-0.281877609,9.09E-80
4.945875,-0.265853031,7.21E-80
4.94648,-0.256972602,5.72E-80
4.947085,-0.252073119,4.54E-80
4.94769,-0.244698883,3.60E-80
4.948295,-0.230788587,2.85E-80
4.9489,-0.210852738,2.26E-80
4.949505,-0.18785071,1.79E-80
4.95011,-0.16430031,1.42E-80
4.950715,-0.141084238,1.13E-80
4.95132,-0.117610481,8.93E-81
4.951925,-0.092108042,7.08E-81
4.95253,-0.062218199,5.60E-81
4.953135,-0.026867619,4.44E-81
4.95374,0.011628053,3.52E-81
4.954345,0.048202392,2.78E-81
4.95495,0.079055404,2.20E-81
4.955555,0.105129169,1.74E-81
4.95616,0.130923444,1.38E-81
4.956765,0.160056376,1.09E-81
4.95737,0.192602413,8.65E-82
4.957975,0.226162587,6.84E-82
4.95858,0.258350004,5.41E-82
4.959185,0.288138735,4.28E-82
4.95979,0.315676097,3.39E-82
4.960395,0.341640293,2.68E-82
4.961,0.366883175,2.12E-82
4.961605,0.391986566,1.67E-82
4.96221,0.416476517,1.32E-82
4.962815,0.438539801,1.04E-82
4.96342,0.456184059,8.25E-83
4.964025,0.469100314,6.52E-83
4.96463,0.479044038,5.15E-83
4.965235,0.488087332,4.07E-83
4.96584,0.496840148,3.21E-83
4.966445,0.504490501,2.54E-83
4.96705,0.510041087,2.00E-83
4.967655,0.513140623,1.58E-83
4.96826,0.513999522,1.25E-83
4.968865,0.513074506,9.84E-84
4.96947,0.5110228,7.76E-84
4.970075,0.508515592,6.12E-84
4.97068,0.505617814,4.83E-84
4.971285,0.501455411,3.81E-84
4.97189,0.494971374,3.00E-84
4.972495,0.486138926,2.37E-84
4.9731,0.476089777,1.87E-84
4.973705,0.466055015,1.47E-84
4.97431,0.456636442,1.16E-84
4.974915,0.448039226,9.13E-85
4.97552,0.440352635,7.19E-85
4.976125,0.433305022,5.67E-85
4.97673,0.426165317,4.46E-85
4.977335,0.418487209,3.51E-85
4.97794,0.410904907,2.77E-85
4.978545,0.404509281,2.18E-85
4.97915,0.399219659,1.71E-85
4.979755,0.393403315,1.35E-85
4.98036,0.38558124,1.06E-85
4.980965,0.376239146,8.35E-86
4.98157,0.367616759,6.57E-86
4.982175,0.361854432,5.17E-86
4.98278,0.359378774,4.06E-86
4.983385,0.358689104,3.19E-86
4.98399,0.357663724,2.51E-86
4.984595,0.355573744,1.97E-86
4.9852,0.35392275,1.55E-86
4.985805,0.354774099,1.22E-86
4.98641,0.358006396,9.58E-87
4.987015,0.360900233,7.53E-87
4.98762,0.361165963,5.91E-87
4.988225,0.359694857,4.64E-87
4.98883,0.359024846,3.65E-87
4.989435,0.359690531,2.86E-87
4.99004,0.359985015,2.25E-87
4.990645,0.35919616,1.76E-87
4.99125,0.359013342,1.38E-87
4.991855,0.361138308,1.09E-87
4.99246,0.364999561,8.52E-88
4.993065,0.368741815,6.68E-88
4.99367,0.371575712,5.24E-88
4.994275,0.374227624,4.11E-88
4.99488,0.377677041,3.22E-88
4.995485,0.382207404,2.53E-88
4.99609,0.3870352,1.98E-88
4.996695,0.390216003,1.55E-88
4.9973,0.389731235,1.22E-88
4.997905,0.385618391,9.53E-89
4.99851,0.380719967,7.47E-89
4.999115,0.378461774,5.85E-89
4.99972,0.379723828,4.58E-89
5.000325,0.38242565,3.59E-89
5.00093,0.384248521,2.81E-89
5.001535,0.384983047,2.20E-89
5.00214,0.385807384,1.72E-89
5.002745,0.387107973,1.35E-89
5.00335,0.38806486,1.05E-89
5.003955,0.388105754,8.24E-90
5.00456,0.387554653,6.45E-90
5.005165,0.386521683,5.04E-90
5.00577,0.384000129,3.94E-90
5.006375,0.37880484,3.08E-90
5.00698,0.371430052,2.41E-90
5.007585,0.364351791,1.88E-90
5.00819,0.359819794,1.47E-90
5.008795,0.357658668,1.15E-90
5.0094,0.355942066,8.99E-91
5.010005,0.353419108,7.03E-91
5.01061,0.350439127,5.49E-91
5.011215,0.34777254,4.29E-91
5.01182,0.345470724,3.35E-91
5.012425,0.34311374,2.61E-91
5.01303,0.340434009,2.04E-91
5.013635,0.337043326,1.59E-91
5.01424,0.332062708,1.24E-91
5.014845,0.32500942,9.69E-92
5.01545,0.316896612,7.56E-92
5.016055,0.309621695,5.90E-92
5.01666,0.304405701,4.60E-92
5.017265,0.301336661,3.59E-92
5.01787,0.299863494,2.80E-92
5.018475,0.299036548,2.18E-92
5.01908,0.297756571,1.70E-92
5.019685,0.295580561,1.33E-92
5.02029,0.29329259,1.03E-92
5.020895,0.292187425,8.05E-93
5.0215,0.292484344,6.27E-93
5.022105,0.292624767,4.88E-93
5.02271,0.290391281,3.80E-93
5.023315,0.28475744,2.96E-93
5.02392,0.276898618,2.31E-93
5.024525,0.269626335,1.79E-93
5.02513,0.265322879,1.40E-93
5.025735,0.263928777,1.09E-93
5.02634,0.263286297,8.46E-94
5.026945,0.261632675,6.58E-94
5.02755,0.259149236,5.12E-94
5.028155,0.256841377,3.98E-94
5.02876,0.254792895,3.10E-94
5.029365,0.25237583,2.41E-94
5.02997,0.249588463,1.87E-94
5.030575,0.246877333,1.46E-94
5.03118,0.243705194,1.13E-94
5.031785,0.238622879,8.79E-95
5.03239,0.231158112,6.83E-95
5.032995,0.222825318,5.30E-95
5.0336,0.215811519,4.12E-95
5.034205,0.210848624,3.20E-95
5.03481,0.206587374,2.48E-95
5.035415,0.201488163,1.93E-95
5.03602,0.196727588,1.50E-95
5.036625,0.195670684,1.16E-95
5.03723,0.19778731,9.02E-96
5.037835,0.195527529,7.00E-96
5.03844,0.183679153,5.43E-96
5.039045,0.16975928,4.21E-96
5.03965,0.16581933,3.27E-96
5.040255,0.171065704,2.53E-96
5.04086,0.172428411,1.96E-96
5.041465,0.162300434,1.52E-96
5.04207,0.147247338,1.18E-96
5.042675,0.137569222,9.15E-97
5.04328,0.134605711,7.09E-97
5.043885,0.132353556,5.49E-97
5.04449,0.127903074,4.26E-97
5.045095,0.124140581,3.30E-97
5.0457,0.122228344,2.55E-97
5.046305,0.117839596,1.98E-97
5.04691,0.108604163,1.53E-97
5.047515,0.100457354,1.19E-97
5.04812,0.100364451,9.17E-98
5.048725,0.105153951,7.10E-98
5.04933,0.103970313,5.49E-98
5.049935,0.091712843,4.25E-98
5.05054,0.075269803,3.29E-98
5.051145,0.065215129,2.54E-98
5.05175,0.064739752,1.97E-98
5.052355,0.068516739,1.52E-98
5.05296,0.069517345,1.18E-98
5.053565,0.064833353,9.09E-99
5.05417,0.05670724,7.02E-99
5.054775,0.049578488,5.43E-99
5.05538,0.045907408,4.19E-99
5.055985,0.044581593,3.24E-99
5.05659,0.043211751,2.50E-99
5.057195,0.041108925,1.93E-99
5.0578,0.038788069,1.49E-99
5.058405,0.035322758,1.15E-99
5.05901,0.02904031,8.90E-100
5.059615,0.021183168,6.87E-100
5.06022,0.015895042,5.30E-100
5.060825,0.015159328,4.09E-100
5.06143,0.015683111,3.15E-100
5.062035,0.012684023,2.43E-100
5.06264,0.005680775,1.88E-100
5.063245,-0.001581206,1.45E-100
5.06385,-0.00620895,1.12E-100
5.064455,-0.008834944,8.60E-101
5.06506,-0.011414524,6.63E-101
5.065665,-0.014778003,5.11E-101
5.06627,-0.019450613,3.94E-101
5.066875,-0.027011162,3.04E-101
5.06748,-0.038495132,2.34E-101
5.068085,-0.052219191,1.80E-101
5.06869,-0.064987143,1.39E-101
5.069295,-0.075370167,1.07E-101
5.0699,-0.084998499,8.22E-102
5.070505,-0.096733009,6.33E-102
5.07111,-0.11211847,4.87E-102
5.071715,-0.130504645,3.75E-102
5.07232,-0.149619093,2.89E-102
5.072925,-0.166674409,2.22E-102
5.07353,-0.180265686,1.71E-102
5.074135,-0.192473537,1.31E-102
5.07474,-0.208657545,1.01E-102
5.075345,-0.233519818,7.77E-103
5.07595,-0.266597777,5.97E-103
5.076555,-0.302503568,4.59E-103
5.07716,-0.33593731,3.53E-103
5.077765,-0.36557092,2.71E-103
5.07837,-0.393270356,2.08E-103
5.078975,-0.421323565,1.60E-103
5.07958,-0.451249629,1.23E-103
5.080185,-0.483724571,9.44E-104
5.08079,-0.517518515,7.25E-104
5.081395,-0.548690239,5.57E-104
5.082,-0.573029292,4.27E-104
5.082605,-0.590633879,3.28E-104
5.08321,-0.607356622,2.52E-104
5.083815,-0.630158859,1.93E-104
5.08442,-0.660471998,1.48E-104
5.085025,-0.692752719,1.14E-104
5.08563,-0.719649567,8.72E-105
5.086235,-0.73793008,6.69E-105
5.08684,-0.749586028,5.13E-105
5.087445,-0.758576837,3.93E-105
5.08805,-0.767522392,3.01E-105
5.088655,-0.776577241,2.31E-105
5.08926,-0.783334218,1.77E-105
5.089865,-0.783385812,1.36E-105
5.09047,-0.773172798,1.04E-105
5.091075,-0.754501447,7.96E-106
5.09168,-0.735780574,6.09E-106
5.092285,-0.726276762,4.67E-106
5.09289,-0.727875381,3.57E-106
5.093495,-0.733340487,2.74E-106
5.0941,-0.733112262,2.09E-106
5.094705,-0.723120389,1.60E-106
5.09531,-0.706155953,1.23E-106
5.095915,-0.687497764,9.38E-107
5.09652,-0.670647983,7.18E-107
5.097125,-0.656142777,5.49E-107
5.09773,-0.641905848,4.20E-107
5.098335,-0.623820966,3.21E-107
5.09894,-0.597794252,2.45E-107
5.099545,-0.564086726,1.88E-107
5.10015,-0.53009805,1.43E-107
5.100755,-0.506258937,1.10E-107
5.10136,-0.497110689,8.37E-108
5.101965,-0.496960261,6.39E-108
5.10257,-0.495174475,4.88E-108
5.103175,-0.485294624,3.73E-108
5.10378,-0.468558029,2.85E-108
5.104385,-0.450096521,2.17E-108
5.10499,-0.434074149,1.66E-108
5.105595,-0.421995707,1.27E-108
5.1062,-0.412497349,9.67E-109
5.106805,-0.401169903,7.38E-109
5.10741,-0.382571855,5.63E-109
5.108015,-0.355567509,4.30E-109
5.10862,-0.327331216,3.28E-109
5.109225,-0.309643865,2.50E-109
5.10983,-0.308954246,1.91E-109
5.110435,-0.320168118,1.45E-109
5.11104,-0.331381854,1.11E-109
5.111645,-0.334718514,8.44E-110
5.11225,-0.331354547,6.43E-110
5.112855,-0.326688401,4.90E-110
5.11346,-0.323868211,3.73E-110
5.114065,-0.323064384,2.84E-110
5.11467,-0.32375081,2.17E-110
5.115275,-0.324457688,1.65E-110
5.11588,-0.321252125,1.26E-110
5.116485,-0.310380732,9.56E-111
5.11709,-0.294290995,7.28E-111
5.117695,-0.282729713,5.54E-111
5.1183,-0.285027333,4.21E-111
5.118905,-0.301035942,3.21E-111
5.11951,-0.320868041,2.44E-111
5.120115,-0.333955526,1.85E-111
5.12072,-0.337482119,1.41E-111
5.121325,-0.33600645,1.07E-111
5.12193,-0.33527308,8.15E-112
5.122535,-0.337906152,6.20E-112
5.12314,-0.343100425,4.71E-112
5.123745,-0.347631163,3.58E-112
5.12435,-0.346976049,2.72E-112
5.124955,-0.338133608,2.07E-112
5.12556,-0.323771516,1.57E-112
5.126165,-0.312744709,1.19E-112
5.12677,-0.313882334,9.05E-113
5.127375,-0.328212721,6.87E-113
5.12798,-0.347852876,5.22E-113
5.128585,-0.362842133,3.96E-113
5.12919,-0.368746149,3.01E-113
5.129795,-0.367984448,2.28E-113
5.1304,-0.365698486,1.73E-113
5.131005,-0.365730042,1.31E-113
5.13161,-0.369180021,9.96E-114
5.132215,-0.374146793,7.55E-114
5.13282,-0.376071396,5.73E-114
5.133425,-0.37032672,4.34E-114
5.13403,-0.356882187,3.29E-114
5.134635,-0.342436181,2.49E-114
5.13524,-0.336019707,1.89E-114
5.135845,-0.341256929,1.43E-114
5.13645,-0.353185847,1.08E-114
5.137055,-0.363024544,8.22E-115
5.13766,-0.365617225,6.22E-115
5.138265,-0.362120143,4.71E-115
5.13887,-0.356834997,3.57E-115
5.139475,-0.35294946,2.70E-115
5.14008,-0.350999603,2.04E-115
5.140685,-0.349592099,1.55E-115
5.14129,-0.346156732,1.17E-115
5.141895,-0.337652741,8.86E-116
5.1425,-0.322849717,6.70E-116
5.143105,-0.305011404,5.07E-116
5.14371,-0.290855547,3.83E-116
5.144315,-0.284977241,2.90E-116
5.14492,-0.285222851,2.19E-116
5.145525,-0.284533851,1.66E-116
5.14613,-0.27736401,1.25E-116
5.146735,-0.263588967,9.46E-117
5.14734,-0.246543773,7.15E-117
5.147945,-0.228777121,5.40E-117
5.14855,-0.210494746,4.08E-117
5.149155,-0.190995762,3.08E-117
5.14976,-0.16969982,2.33E-117
5.150365,-0.145496951,1.76E-117
5.15097,-0.116885739,1.33E-117
5.151575,-0.084150292,1.00E-117
5.15218,-0.050677405,7.56E-118
5.152785,-0.020540085,5.70E-118
5.15339,0.005488343,4.30E-118
5.153995,0.030574493,3.25E-118
5.1546,0.058391323,2.45E-118
5.155205,0.089912429,1.85E-118
5.15581,0.123547507,1.39E-118
5.156415,0.157317729,1.05E-118
5.15702,0.19025229,7.91E-119
5.157625,0.222140957,5.96E-119
5.15823,0.253002816,4.49E-119
5.158835,0.283297776,3.39E-119
5.15944,0.313943919,2.55E-119
5.160045,0.345108765,1.92E-119
5.16065,0.374917524,1.45E-119
5.161255,0.40031404,1.09E-119
5.16186,0.419897533,8.20E-120
5.162465,0.435405347,6.18E-120
5.16307,0.449848897,4.65E-120
5.163675,0.46465794,3.50E-120
5.16428,0.478988175,2.63E-120
5.164885,0.491218844,1.98E-120
5.16549,0.500510611,1.49E-120
5.166095,0.507031489,1.12E-120
5.1667,0.511333118,8.43E-121
5.167305,0.513978807,6.34E-121
5.16791,0.515523156,4.76E-121
5.168515,0.516242379,3.58E-121
5.16912,0.515635214,2.69E-121
5.169725,0.512557872,2.02E-121
5.17033,0.506398289,1.52E-121
5.170935,0.498141441,1.14E-121
5.17154,0.489863914,8.58E-122
5.172145,0.482957017,6.44E-122
5.17275,0.476936649,4.84E-122
5.173355,0.470175136,3.63E-122
5.17396,0.461803368,2.73E-122
5.174565,0.452654359,2.05E-122
5.17517,0.444273571,1.54E-122
5.175775,0.437266393,1.15E-122
5.17638,0.430817431,8.65E-123
5.176985,0.423763452,6.49E-123
5.17759,0.415839704,4.87E-123
5.178195,0.407634731,3.65E-123
5.1788,0.39960755,2.74E-123
5.179405,0.39169298,2.05E-123
5.18001,0.383906664,1.54E-123
5.180615,0.376882893,1.15E-123
5.18122,0.371526779,8.64E-124
5.181825,0.368193384,6.47E-124
5.18243,0.366257149,4.85E-124
5.183035,0.364473521,3.63E-124
5.18364,0.362015924,2.72E-124
5.184245,0.359491655,2.04E-124
5.18485,0.358650758,1.53E-124
5.185455,0.360268832,1.14E-124
5.18606,0.362202338,8.55E-125
5.186665,0.360789667,6.40E-125
5.18727,0.355214115,4.79E-125
5.187875,0.349402273,3.58E-125
5.18848,0.347916373,2.68E-125
5.189085,0.350770304,2.00E-125
5.18969,0.354286764,1.50E-125
5.190295,0.356325942,1.12E-125
5.1909,0.358261259,8.38E-126
5.191505,0.361899143,6.26E-126
5.19211,0.366751035,4.68E-126
5.192715,0.371199256,3.50E-126
5.19332,0.374785073,2.61E-126
5.193925,0.377957913,1.95E-126
5.19453,0.380438715,1.46E-126
5.195135,0.381281128,1.09E-126
5.19574,0.380271279,8.14E-127
5.196345,0.378364681,6.08E-127
5.19695,0.376891604,4.54E-127
5.197555,0.376820595,3.39E-127
5.19816,0.378566076,2.53E-127
5.198765,0.381773159,1.89E-127
5.19937,0.385078922,1.41E-127
5.199975,0.386854489,1.05E-127
5.20058,0.386840478,7.83E-128
5.201185,0.386696988,5.84E-128
5.20179,0.388235474,4.35E-128
5.202395,0.391030007,3.24E-128
5.203,0.392351283,2.42E-128
5.203605,0.389801391,1.80E-128
5.20421,0.383728015,1.34E-128
5.204815,0.376838054,1.00E-128
5.20542,0.371628905,7.46E-129
5.206025,0.368500001,5.56E-129
5.20663,0.366426323,4.14E-129
5.207235,0.364697122,3.08E-129
5.20784,0.363133111,2.29E-129
5.208445,0.361250341,1.71E-129
5.20905,0.358510218,1.27E-129
5.209655,0.355356721,9.46E-130
5.21026,0.353022635,7.04E-130
5.210865,0.351876704,5.24E-130
5.21147,0.350375369,3.90E-130
5.212075,0.346237815,2.90E-130
5.21268,0.338743694,2.16E-130
5.213285,0.329580993,1.60E-130
5.21389,0.32147093,1.19E-130
5.214495,0.316211008,8.86E-131
5.2151,0.313717896,6.58E-131
5.215705,0.312401656,4.89E-131
5.21631,0.310623784,3.64E-131
5.216915,0.308084635,2.70E-131
5.21752,0.305569093,2.01E-131
5.218125,0.303568967,1.49E-131
5.21873,0.301873173,1.11E-131
5.219335,0.300283437,8.22E-132
5.21994,0.298746174,6.10E-132
5.220545,0.296595045,4.53E-132
5.22115,0.2925582,3.36E-132
5.221755,0.286214138,2.49E-132
5.22236,0.278972772,1.85E-132
5.222965,0.272920417,1.37E-132
5.22357,0.269062055,1.02E-132
5.224175,0.26712101,7.55E-133
5.22478,0.266270659,5.60E-133
5.225385,0.265424266,4.15E-133
5.22599,0.26363282,3.08E-133
5.226595,0.261029085,2.28E-133
5.2272,0.258857614,1.69E-133
5.227805,0.257840285,1.25E-133
5.22841,0.256855412,9.28E-134
5.229015,0.253943349,6.87E-134
5.22962,0.248462727,5.09E-134
5.230225,0.241626529,3.77E-134
5.23083,0.235082699,2.79E-134
5.231435,0.229630488,2.07E-134
5.23204,0.225212123,1.53E-134
5.232645,0.221521505,1.13E-134
5.23325,0.218362158,8.38E-135
5.233855,0.21540058,6.20E-135
5.23446,0.211728521,4.58E-135
5.235065,0.206428885,3.39E-135
5.23567,0.200580936,2.51E-135
5.236275,0.197916746,1.85E-135
5.23688,0.20006898,1.37E-135
5.237485,0.200699141,1.01E-135
5.23809,0.190777788,7.49E-136
5.238695,0.172459305,5.54E-136
5.2393,0.159415162,4.09E-136
5.239905,0.159079018,3.02E-136
5.24051,0.163058738,2.23E-136
5.241115,0.159784614,1.65E-136
5.24172,0.149241243,1.22E-136
5.242325,0.139949065,8.99E-137
5.24293,0.136074244,6.64E-137
5.243535,0.133716696,4.90E-137
5.24414,0.129165579,3.62E-137
5.244745,0.124729306,2.67E-137
5.24535,0.123395325,1.97E-137
5.245955,0.121924812,1.45E-137
5.24656,0.114844748,1.07E-137
5.247165,0.104021725,7.90E-138
5.24777,0.097740408,5.83E-138
5.248375,0.098912586,4.29E-138
5.24898,0.099983919,3.17E-138
5.249585,0.092642053,2.33E-138
5.25019,0.078786685,1.72E-138
5.250795,0.068034191,1.27E-138
5.2514,0.066148503,9.34E-139
5.252005,0.069684929,6.88E-139
5.25261,0.071318634,5.06E-139
5.253215,0.067275619,3.73E-139
5.25382,0.059532554,2.75E-139
5.254425,0.052611458,2.02E-139
5.25503,0.04885072,1.49E-139
5.255635,0.046653447,1.10E-139
5.25624,0.043089916,8.06E-140
5.256845,0.037622373,5.93E-140
5.25745,0.032246298,4.36E-140
5.258055,0.027999191,3.21E-140
5.25866,0.023632009,2.36E-140
5.259265,0.018708824,1.74E-140
5.25987,0.015288621,1.28E-140
5.260475,0.014596514,9.38E-141
5.26108,0.013962154,6.89E-141
5.261685,0.00967195,5.07E-141
5.26229,0.002428098,3.72E-141
5.262895,-0.002771652,2.73E-141
5.2635,-0.003062102,2.01E-141
5.264105,-0.001850341,1.48E-141
5.26471,-0.0050054,1.08E-141
5.265315,-0.014152596,7.96E-142
5.26592,-0.025659901,5.84E-142
5.266525,-0.03583663,4.29E-142
5.26713,-0.044697285,3.15E-142
5.267735,-0.054078146,2.31E-142
5.26834,-0.064384369,1.69E-142
5.268945,-0.074737204,1.24E-142
5.26955,-0.085379941,9.12E-143
5.270155,-0.098194071,6.69E-143
5.27076,-0.114247562,4.90E-143
5.271365,-0.131912617,3.59E-143
5.27197,-0.148626528,2.63E-143
5.272575,-0.164402777,1.93E-143
5.27318,-0.18251769,1.42E-143
5.273785,-0.206003883,1.04E-143
5.27439,-0.234152805,7.60E-144
5.274995,-0.263365198,5.57E-144
5.2756,-0.290750282,4.08E-144
5.276205,-0.316075824,2.98E-144
5.27681,-0.341032608,2.19E-144
5.277415,-0.367720373,1.60E-144
5.27802,-0.397487812,1.17E-144
5.278625,-0.429726535,8.57E-145
5.27923,-0.461137388,6.27E-145
5.279835,-0.487505057,4.59E-145
5.28044,-0.507845411,3.36E-145
5.281045,-0.52678697,2.46E-145
5.28165,-0.551343123,1.80E-145
5.282255,-0.584193229,1.31E-145
5.28286,-0.620722047,9.60E-146
5.283465,-0.653440854,7.02E-146
5.28407,-0.678544087,5.13E-146
5.284675,-0.6975065,3.75E-146
5.28528,-0.713618304,2.74E-146
5.285885,-0.728748093,2.00E-146
5.28649,-0.743172363,1.46E-146
5.287095,-0.756207555,1.07E-146
5.2877,-0.76553477,7.80E-147
5.288305,-0.767376933,5.69E-147
5.28891,-0.760028899,4.16E-147
5.289515,-0.747855746,3.03E-147
5.29012,-0.739728829,2.21E-147
5.290725,-0.741498347,1.62E-147
5.29133,-0.7502958,1.18E-147
5.291935,-0.75721305,8.60E-148
5.29254,-0.755180173,6.27E-148
5.293145,-0.743735472,4.58E-148
5.29375,-0.727372806,3.34E-148
5.294355,-0.711149799,2.43E-148
5.29496,-0.697734234,1.77E-148
5.295565,-0.6862195,1.29E-148
5.29617,-0.67207858,9.42E-149
5.296775,-0.649659443,6.86E-149
5.29738,-0.617587067,5.00E-149
5.297985,-0.582516446,3.64E-149
5.29859,-0.555605815,2.65E-149
5.299195,-0.543416347,1.93E-149
5.2998,-0.542203633,1.41E-149
5.300405,-0.541493812,1.02E-149
5.30101,-0.533005421,7.46E-150
5.301615,-0.516093566,5.43E-150
5.30222,-0.495790622,3.95E-150
5.302825,-0.47743716,2.87E-150
5.30343,-0.463339439,2.09E-150
5.304035,-0.452366265,1.52E-150
5.30464,-0.44064985,1.11E-150
5.305245,-0.423116103,8.04E-151
5.30585,-0.397219003,5.85E-151
5.306455,-0.367355241,4.25E-151
5.30706,-0.344117005,3.09E-151
5.307665,-0.336234943,2.24E-151
5.30827,-0.342545257,1.63E-151
5.308875,-0.352638912,1.18E-151
5.30948,-0.355705225,8.61E-152
5.310085,-0.348942697,6.25E-152
5.31069,-0.338023287,4.54E-152
5.311295,-0.330488719,3.30E-152
5.3119,-0.329277494,2.39E-152
5.312505,-0.331506282,1.74E-152
5.31311,-0.331472086,1.26E-152
5.313715,-0.324260401,9.15E-153
5.31432,-0.308669308,6.64E-153
5.314925,-0.28945727,4.82E-153
5.31553,-0.276206652,3.49E-153
5.316135,-0.27686745,2.53E-153
5.31674,-0.291012427,1.84E-153
5.317345,-0.310053027,1.33E-153
5.31795,-0.324399445,9.66E-154
5.318555,-0.33032519,7.00E-154
5.31916,-0.330531978,5.07E-154
5.319765,-0.329794602,3.68E-154
5.32037,-0.331184959,2.66E-154
5.320975,-0.335179358,1.93E-154
5.32158,-0.339884705,1.40E-154
5.322185,-0.341262677,1.01E-154
5.32279,-0.33516074,7.33E-155
5.323395,-0.32197345,5.30E-155
5.324,-0.309179929,3.84E-155
5.324605,-0.306486791,2.78E-155
5.32521,-0.31714002,2.01E-155
5.325815,-0.33495634,1.45E-155
5.32642,-0.350369289,1.05E-155
5.327025,-0.358433809,7.61E-156
5.32763,-0.360609168,5.51E-156
5.328235,-0.360806465,3.98E-156
5.32884,-0.36180663,2.88E-156
5.329445,-0.364500819,2.08E-156
5.33005,-0.367978551,1.50E-156
5.330655,-0.369323898,1.09E-156
5.33126,-0.364718779,7.85E-157
5.331865,-0.353207634,5.67E-157
5.33247,-0.339967227,4.10E-157
5.333075,-0.333721043,2.96E-157
5.33368,-0.339159273,2.14E-157
5.334285,-0.352335419,1.54E-157
5.33489,-0.364405617,1.11E-157
5.335495,-0.369527258,8.04E-158
5.3361,-0.368324284,5.81E-158
5.336705,-0.364679251,4.19E-158
5.33731,-0.361443906,3.02E-158
5.337915,-0.359442514,2.18E-158
5.33852,-0.358290738,1.57E-158
5.339125,-0.356397778,1.13E-158
5.33973,-0.350854542,8.18E-159
5.340335,-0.339551402,5.90E-159
5.34094,-0.324546747,4.25E-159
5.341545,-0.312049362,3.06E-159
5.34215,-0.307351921,2.21E-159
5.342755,-0.309778278,1.59E-159
5.34336,-0.313395704,1.15E-159
5.343965,-0.312387076,8.26E-160
5.34457,-0.304968346,5.95E-160
5.345175,-0.292842323,4.28E-160
5.34578,-0.278594711,3.08E-160
5.346385,-0.263939688,2.22E-160
5.34699,-0.24919541,1.60E-160
5.347595,-0.233215064,1.15E-160
5.3482,-0.213635387,8.28E-161
5.348805,-0.188255705,5.96E-161
5.34941,-0.157578531,4.29E-161
5.350015,-0.125986241,3.08E-161
5.35062,-0.098885763,2.22E-161
5.351225,-0.077725538,1.59E-161
5.35183,-0.058492353,1.15E-161
5.352435,-0.035724162,8.24E-162
5.35304,-0.007334702,5.92E-162
5.353645,0.02484298,4.26E-162
5.35425,0.058058828,3.06E-162
5.354855,0.090992199,2.20E-162
5.35546,0.12358184,1.58E-162
5.356065,0.155985743,1.13E-162
5.35667,0.188406014,8.14E-163
5.357275,0.221326129,5.85E-163
5.35788,0.255000362,4.20E-163
5.358485,0.288463603,3.01E-163
5.35909,0.3195584,2.16E-163
5.359695,0.346531166,1.55E-163
5.3603,0.369541594,1.11E-163
5.360905,0.390302502,7.99E-164
5.36151,0.410428388,5.73E-164
5.362115,0.430312819,4.11E-164
5.36272,0.449233427,2.95E-164
5.363325,0.466091519,2.11E-164
5.36393,0.480046004,1.51E-164
5.364535,0.490871416,1.09E-164
5.36514,0.499158654,7.78E-165
5.365745,0.506132508,5.57E-165
5.36635,0.512757089,3.99E-165
5.366955,0.518617076,2.86E-165
5.36756,0.521971113,2.05E-165
5.368165,0.521503418,1.47E-165
5.36877,0.517853647,1.05E-165
5.369375,0.512809931,7.52E-166
5.36998,0.507311029,5.38E-166
5.370585,0.501083106,3.85E-166
5.37119,0.494023151,2.76E-166
5.371795,0.486855838,1.97E-166
5.3724,0.480105566,1.41E-166
5.373005,0.473241375,1.01E-166
5.37361,0.465449044,7.22E-167
5.374215,0.456805576,5.16E-167
5.37482,0.448103335,3.69E-167
5.375425,0.439716343,2.64E-167
5.37603,0.431176326,1.89E-167
5.376635,0.421940598,1.35E-167
5.37724,0.412226228,9.64E-168
5.377845,0.402933064,6.88E-168
5.37845,0.39494785,4.92E-168
5.379055,0.388538982,3.51E-168
5.37966,0.383193215,2.51E-168
5.380265,0.37809524,1.79E-168
5.38087,0.373026877,1.28E-168
5.381475,0.368781414,9.13E-169
5.38208,0.366422782,6.51E-169
5.382685,0.365879451,4.65E-169
5.38329,0.36539588,3.32E-169
5.383895,0.363026657,2.37E-169
5.3845,0.358965589,1.69E-169
5.385105,0.355605108,1.20E-169
5.38571,0.354615934,8.58E-170
5.386315,0.35476091,6.12E-170
5.38692,0.353825196,4.36E-170
5.387525,0.352301767,3.11E-170
5.38813,0.353218831,2.22E-170
5.388735,0.35766872,1.58E-170
5.38934,0.362649881,1.13E-170
5.389945,0.364934258,8.02E-171
5.39055,0.365285093,5.71E-171
5.391155,0.366908756,4.07E-171
5.39176,0.370844744,2.90E-171
5.392365,0.374710528,2.06E-171
5.39297,0.375737474,1.47E-171
5.393575,0.373637642,1.04E-171
5.39418,0.370359818,7.43E-172
5.394785,0.3683121,5.29E-172
5.39539,0.369055028,3.76E-172
5.395995,0.372499821,2.68E-172
5.3966,0.376900907,1.90E-172
5.397205,0.380152002,1.35E-172
5.39781,0.381501912,9.62E-173
5.398415,0.382167061,6.84E-173
5.39902,0.384005423,4.86E-173
5.399625,0.38732659,3.45E-173
5.40023,0.390442454,2.46E-173
5.400835,0.391556617,1.74E-173
5.40144,0.390341647,1.24E-173
5.402045,0.387326,8.80E-174
5.40265,0.38285728,6.25E-174
5.403255,0.377740735,4.44E-174
5.40386,0.373925983,3.15E-174
5.404465,0.372946144,2.24E-174
5.40507,0.373967863,1.59E-174
5.405675,0.374528508,1.13E-174
5.40628,0.373143747,7.99E-175
5.406885,0.370478181,5.67E-175
5.40749,0.367961728,4.02E-175
5.408095,0.366116739,2.85E-175
5.4087,0.364498899,2.02E-175
5.409305,0.362279193,1.43E-175
5.40991,0.358498295,1.02E-175
5.410515,0.352517963,7.21E-176
5.41112,0.344540531,5.11E-176
5.411725,0.335687973,3.62E-176
5.41233,0.327767285,2.56E-176
5.412935,0.3224972,1.82E-176
5.41354,0.320210384,1.29E-176
5.414145,0.31936172,9.11E-177
5.41475,0.317810604,6.45E-177
5.415355,0.314748719,4.57E-177
5.41596,0.311310273,3.23E-177
5.416565,0.309321308,2.29E-177
5.41717,0.309251188,1.62E-177
5.417775,0.309221411,1.15E-177
5.41838,0.306577337,8.11E-178
5.418985,0.300691351,5.73E-178
5.41959,0.29355221,4.06E-178
5.420195,0.287586789,2.87E-178
5.4208,0.283650534,2.03E-178
5.421405,0.281114083,1.43E-178
5.42201,0.279128825,1.01E-178
5.422615,0.277233987,7.16E-179
5.42322,0.275110788,5.06E-179
5.423825,0.272700342,3.57E-179
5.42443,0.270440634,2.53E-179
5.425035,0.268692125,1.78E-179
5.42564,0.267320543,1.26E-179
5.426245,0.266048003,8.89E-180
5.42685,0.264355591,6.28E-180
5.427455,0.260983639,4.43E-180
5.42806,0.254656601,3.13E-180
5.428665,0.245925116,2.21E-180
5.42927,0.237598455,1.56E-180
5.429875,0.232355416,1.10E-180
5.43048,0.230128092,7.75E-181
5.431085,0.228599681,5.47E-181
5.43169,0.225930258,3.86E-181
5.432295,0.222266602,2.72E-181
5.4329,0.218811116,1.92E-181
5.433505,0.21605161,1.35E-181
5.43411,0.213072803,9.52E-182
5.434715,0.208634842,6.71E-182
5.43532,0.20341081,4.73E-182
5.435925,0.200360682,3.33E-182
5.43653,0.199915126,2.34E-182
5.437135,0.195699855,1.65E-182
5.43774,0.181754081,1.16E-182
5.438345,0.164222227,8.19E-183
5.43895,0.15662539,5.76E-183
5.439555,0.161858988,4.06E-183
5.44016,0.167967811,2.85E-183
5.440765,0.16397606,2.01E-183
5.44137,0.152334864,1.41E-183
5.441975,0.142681661,9.94E-184
5.44258,0.138847988,6.99E-184
5.443185,0.13685247,4.92E-184
5.44379,0.133149327,3.46E-184
5.444395,0.12894639,2.43E-184
5.445,0.12529378,1.71E-184
5.445605,0.118987406,1.20E-184
5.44621,0.10775769,8.43E-185
5.446815,0.096752248,5.93E-185
5.44742,0.093730537,4.16E-185
5.448025,0.098052722,2.92E-185
5.44863,0.099968675,2.05E-185
5.449235,0.092252462,1.44E-185
5.44984,0.078753864,1.01E-185
5.450445,0.069201094,7.11E-186
5.45105,0.068146058,4.99E-186
5.451655,0.07180321,3.50E-186
5.45226,0.073696027,2.46E-186
5.452865,0.070394275,1.72E-186
5.45347,0.062864764,1.21E-186
5.454075,0.054572775,8.48E-187
5.45468,0.048404252,5.94E-187
5.455285,0.044551395,4.17E-187
5.45589,0.041179599,2.92E-187
5.456495,0.037269449,2.05E-187
5.4571,0.033737614,1.44E-187
5.457705,0.030988705,1.01E-187
5.45831,0.027423001,7.05E-188
5.458915,0.022136768,4.94E-188
5.45952,0.017231649,3.46E-188
5.460125,0.015217582,2.42E-188
5.46073,0.015062751,1.70E-188
5.461335,0.013086513,1.19E-188
5.46194,0.007678439,8.31E-189
5.462545,0.000923216,5.81E-189
5.46315,-0.004851366,4.07E-189
5.463755,-0.010030495,2.85E-189
5.46436,-0.016175562,1.99E-189
5.464965,-0.023046433,1.39E-189
5.46557,-0.029079025,9.75E-190
5.466175,-0.034555119,6.81E-190
5.46678,-0.042176948,4.76E-190
5.467385,-0.053728038,3.33E-190
5.46799,-0.067417458,2.33E-190
5.468595,-0.079287764,1.63E-190
5.4692,-0.087026022,1.14E-190
5.469805,-0.092530526,7.94E-191
5.47041,-0.101032369,5.55E-191
5.471015,-0.117149321,3.88E-191
5.47162,-0.140971238,2.71E-191
5.472225,-0.168182912,1.89E-191
5.47283,-0.194294817,1.32E-191
5.473435,-0.218023647,9.21E-192
5.47404,-0.240637237,6.43E-192
5.474645,-0.26369167,4.49E-192
5.47525,-0.28818695,3.13E-192
5.475855,-0.31484027,2.18E-192
5.47646,-0.343870806,1.52E-192
5.477065,-0.374118226,1.06E-192
5.47767,-0.402956196,7.41E-193
5.478275,-0.428236641,5.17E-193
5.47888,-0.451138685,3.60E-193
5.479485,-0.476471395,2.51E-193
5.48009,-0.508554868,1.75E-193
5.480695,-0.546438981,1.22E-193
5.4813,-0.584189033,8.50E-194
5.481905,-0.61601496,5.92E-194
5.48251,-0.640544876,4.12E-194
5.483115,-0.660625135,2.87E-194
5.48372,-0.680129167,2.00E-194
5.484325,-0.700999749,1.39E-194
5.48493,-0.721994409,9.69E-195
5.485535,-0.739063134,6.74E-195
5.48614,-0.747580831,4.69E-195
5.486745,-0.746223108,3.27E-195
5.48735,-0.739767357,2.27E-195
5.487955,-0.736960264,1.58E-195
5.48856,-0.743575363,1.10E-195
5.489165,-0.757022287,7.64E-196
5.48977,-0.768673208,5.31E-196
5.490375,-0.771687916,3.69E-196
5.49098,-0.766021294,2.57E-196
5.491585,-0.756335351,1.78E-196
5.49219,-0.746731236,1.24E-196
5.492795,-0.738123642,8.62E-197
5.4934,-0.728982824,5.98E-197
5.494005,-0.716486624,4.16E-197
5.49461,-0.697298148,2.89E-197
5.495215,-0.669939144,2.00E-197
5.49582,-0.638207869,1.39E-197
5.496425,-0.610842365,9.66E-198
5.49703,-0.595179821,6.71E-198
5.497635,-0.590471469,4.65E-198
5.49824,-0.588327452,3.23E-198
5.498845,-0.580093012,2.24E-198
5.49945,-0.563500696,1.55E-198
5.500055,-0.5425474,1.08E-198
5.50066,-0.522545595,7.47E-199
5.501265,-0.506260404,5.18E-199
5.50187,-0.493203745,3.59E-199
5.502475,-0.480105365,2.49E-199
5.50308,-0.46190176,1.73E-199
5.503685,-0.435084184,1.20E-199
5.50429,-0.402658463,8.29E-200
5.504895,-0.374770457,5.74E-200
5.5055,-0.361367922,3.98E-200
5.506105,-0.36322599,2.75E-200
5.50671,-0.371186124,1.91E-200
5.507315,-0.374519398,1.32E-200
5.50792,-0.369366984,9.14E-201
5.508525,-0.359296731,6.32E-201
5.50913,-0.349663304,4.38E-201
5.509735,-0.343005692,3.03E-201
5.51034,-0.338892537,2.10E-201
5.510945,-0.335602924,1.45E-201
5.51155,-0.330380076,1.00E-201
5.512155,-0.319657351,6.93E-202
5.51276,-0.302615885,4.79E-202
5.513365,-0.285275589,3.31E-202
5.51397,-0.277900688,2.29E-202
5.514575,-0.285875882,1.58E-202
5.51518,-0.303846768,1.09E-202
5.515785,-0.320302936,7.56E-203
5.51639,-0.327624003,5.22E-203
5.516995,-0.326849905,3.61E-203
5.5176,-0.324019601,2.49E-203
5.518205,-0.324075558,1.72E-203
5.51881,-0.327958166,1.19E-203
5.519415,-0.333064739,8.20E-204
5.52002,-0.334819349,5.66E-204
5.520625,-0.328940388,3.90E-204
5.52123,-0.315285015,2.69E-204
5.521835,-0.30057581,1.86E-204
5.52244,-0.2949596,1.28E-204
5.523045,-0.303648705,8.84E-205
5.52365,-0.322119607,6.10E-205
5.524255,-0.340257654,4.20E-205
5.52486,-0.35092463,2.90E-205
5.525465,-0.354124394,2.00E-205
5.52607,-0.354183456,1.38E-205
5.526675,-0.35509851,9.49E-206
5.52728,-0.358556054,6.54E-206
5.527885,-0.363905144,4.50E-206
5.52849,-0.36812134,3.10E-206
5.529095,-0.366633321,2.14E-206
5.5297,-0.356971455,1.47E-206
5.530305,-0.343099595,1.01E-206
5.53091,-0.334416444,6.97E-207
5.531515,-0.338040646,4.80E-207
5.53212,-0.351931679,3.30E-207
5.532725,-0.366764763,2.27E-207
5.53333,-0.374495948,1.56E-207
5.533935,-0.374136994,1.08E-207
5.53454,-0.369919009,7.39E-208
5.535145,-0.366202245,5.09E-208
5.53575,-0.364848774,3.50E-208
5.536355,-0.365410295,2.40E-208
5.53696,-0.365574685,1.65E-208
5.537565,-0.361610993,1.14E-208
5.53817,-0.350795695,7.80E-209
5.538775,-0.335090725,5.36E-209
5.53938,-0.321442082,3.68E-209
5.539985,-0.316546624,2.53E-209
5.54059,-0.32084732,1.74E-209
5.541195,-0.328272584,1.19E-209
5.5418,-0.331854546,8.19E-210
5.542405,-0.328895599,5.62E-210
5.54301,-0.321029243,3.86E-210
5.543615,-0.311051598,2.65E-210
5.54422,-0.300650402,1.82E-210
5.544825,-0.290147882,1.25E-210
5.54543,-0.278834607,8.55E-211
5.546035,-0.265003057,5.87E-211
5.54664,-0.246514019,4.02E-211
5.547245,-0.222737502,2.76E-211
5.54785,-0.19637515,1.89E-211
5.548455,-0.172271487,1.30E-211
5.54906,-0.153173709,8.88E-212
5.549665,-0.136842789,6.09E-212
5.55027,-0.118172912,4.17E-212
5.550875,-0.093928427,2.86E-212
5.55148,-0.064834321,1.96E-212
5.552085,-0.033664194,1.34E-212
5.55269,-0.002419046,9.18E-213
5.553295,0.028530401,6.28E-213
5.5539,0.059632377,4.30E-213
5.554505,0.091602091,2.94E-213
5.55511,0.12547868,2.01E-213
5.555715,0.161947088,1.38E-213
5.55632,0.199812781,9.43E-214
5.556925,0.235754215,6.45E-214
5.55753,0.266736923,4.41E-214
5.558135,0.292830517,3.02E-214
5.55874,0.316903854,2.06E-214
5.559345,0.341520456,1.41E-214
5.55995,0.366814163,9.64E-215
5.560555,0.391270472,6.59E-215
5.56116,0.413640037,4.50E-215
5.561765,0.433636328,3.08E-215
5.56237,0.451310899,2.10E-215
5.562975,0.466603621,1.44E-215
5.56358,0.479673086,9.80E-216
5.564185,0.491104441,6.69E-216
5.56479,0.501285624,4.57E-216
5.565395,0.509611872,3.12E-216
5.566,0.514826129,2.13E-216
5.566605,0.516499277,1.45E-216
5.56721,0.515795604,9.92E-217
5.567815,0.514382548,6.77E-217
5.56842,0.512864245,4.62E-217
5.569025,0.510566471,3.15E-217
5.56963,0.506643257,2.15E-217
5.570235,0.501125283,1.46E-217
5.57084,0.4948684,9.98E-218
5.571445,0.488614492,6.80E-218
5.57205,0.482269857,4.64E-218
5.572655,0.475182068,3.16E-218
5.57326,0.466967692,2.15E-218
5.573865,0.457832645,1.47E-218
5.57447,0.448232113,9.99E-219
5.575075,0.438561965,6.80E-219
5.57568,0.429107785,4.63E-219
5.576285,0.42011905,3.15E-219
5.57689,0.412009211,2.15E-219
5.577495,0.405248291,1.46E-219
5.5781,0.399664287,9.94E-220
5.578705,0.394168968,6.77E-220
5.57931,0.387819735,4.60E-220
5.579915,0.381130592,3.13E-220
5.58052,0.375820088,2.13E-220
5.581125,0.373021901,1.45E-220
5.58173,0.371847114,9.85E-221
5.582335,0.369832888,6.69E-221
5.58294,0.365037072,4.55E-221
5.583545,0.358096782,3.09E-221
5.58415,0.352222108,2.10E-221
5.584755,0.35048694,1.43E-221
5.58536,0.352659607,9.70E-222
5.585965,0.355252431,6.59E-222
5.58657,0.355460362,4.48E-222
5.587175,0.354456894,3.04E-222
5.58778,0.355498292,2.06E-222
5.588385,0.359379861,1.40E-222
5.58899,0.36374341,9.51E-223
5.589595,0.366582201,6.45E-223
5.5902,0.368123849,4.38E-223
5.590805,0.368955646,2.97E-223
5.59141,0.368468351,2.01E-223
5.592015,0.366315774,1.37E-223
5.59262,0.364080663,9.27E-224
5.593225,0.364073899,6.28E-224
5.59383,0.367032648,4.26E-224
5.594435,0.371835333,2.89E-224
5.59504,0.376744578,1.96E-224
5.595645,0.380289269,1.33E-224
5.59625,0.381839168,8.98E-225
5.596855,0.382231109,6.09E-225
5.59746,0.38343552,4.12E-225
5.598065,0.386651762,2.79E-225
5.59867,0.390519634,1.89E-225
5.599275,0.391926078,1.28E-225
5.59988,0.389089084,8.67E-226
5.600485,0.383536821,5.87E-226
5.60109,0.378643015,3.97E-226
5.601695,0.376391396,2.69E-226
5.6023,0.376069375,1.82E-226
5.602905,0.376001461,1.23E-226
5.60351,0.37563427,8.31E-227
5.604115,0.375457368,5.62E-227
5.60472,0.375533801,3.80E-227
5.605325,0.375086616,2.57E-227
5.60593,0.373804118,1.74E-227
5.606535,0.372579869,1.17E-227
5.60714,0.371886528,7.93E-228
5.607745,0.370100027,5.36E-228
5.60835,0.364914674,3.62E-228
5.608955,0.356365909,2.45E-228
5.60956,0.347355576,1.65E-228
5.610165,0.340913685,1.12E-228
5.61077,0.337528332,7.53E-229
5.611375,0.335432646,5.08E-229
5.61198,0.332906115,3.43E-229
5.612585,0.329618351,2.32E-229
5.61319,0.326133473,1.56E-229
5.613795,0.323128382,1.05E-229
5.6144,0.321105848,7.11E-230
5.615005,0.319994364,4.80E-230
5.61561,0.318856253,3.24E-230
5.616215,0.316412776,2.18E-230
5.61682,0.311840332,1.47E-230
5.617425,0.305128081,9.91E-231
5.61803,0.297237171,6.68E-231
5.618635,0.290022965,4.50E-231
5.61924,0.285364077,3.03E-231
5.619845,0.283787647,2.04E-231
5.62045,0.283958808,1.38E-231
5.621055,0.283875019,9.27E-232
5.62166,0.282539904,6.24E-232
5.622265,0.280260619,4.20E-232
5.62287,0.277867306,2.83E-232
5.623475,0.276216829,1.90E-232
5.62408,0.275682388,1.28E-232
5.624685,0.275229665,8.62E-233
5.62529,0.272687318,5.80E-233
5.625895,0.26695069,3.90E-233
5.6265,0.259511879,2.63E-233
5.627105,0.252977007,1.77E-233
5.62771,0.248417712,1.19E-233
5.628315,0.244998288,7.98E-234
5.62892,0.241826774,5.36E-234
5.629525,0.238946308,3.61E-234
5.63013,0.236438808,2.42E-234
5.630735,0.233801476,1.63E-234
5.63134,0.230701207,1.09E-234
5.631945,0.227575143,7.35E-235
5.63255,0.224906879,4.93E-235
5.633155,0.221969506,3.31E-235
5.63376,0.216751024,2.22E-235
5.634365,0.208228262,1.49E-235
5.63497,0.199197499,1.00E-235
5.635575,0.194388462,6.73E-236
5.63618,0.19309753,4.51E-236
5.636785,0.187430247,3.03E-236
5.63739,0.173670615,2.03E-236
5.637995,0.160929286,1.36E-236
5.6386,0.159925177,9.14E-237
5.639205,0.167147664,6.13E-237
5.63981,0.169314956,4.11E-237
5.640415,0.160971544,2.75E-237
5.64102,0.149590905,1.85E-237
5.641625,0.143547125,1.24E-237
5.64223,0.141699476,8.28E-238
5.642835,0.137781027,5.55E-238
5.64344,0.130573959,3.72E-238
5.644045,0.124247797,2.49E-238
5.64465,0.119947511,1.67E-238
5.645255,0.113466625,1.12E-238
5.64586,0.103520144,7.47E-239
5.646465,0.096447701,5.00E-239
5.64707,0.097621783,3.35E-239
5.647675,0.102160357,2.24E-239
5.64828,0.099939447,1.50E-239
5.648885,0.088339177,1.00E-239
5.64949,0.075410924,6.70E-240
5.650095,0.070134239,4.48E-240
5.6507,0.072941455,3.00E-240
5.651305,0.07679537,2.00E-240
5.65191,0.074777338,1.34E-240
5.652515,0.065648305,8.95E-241
5.65312,0.053978623,5.98E-241
5.653725,0.04562856,4.00E-241
5.65433,0.042532252,2.67E-241
5.654935,0.041744038,1.78E-241
5.65554,0.039489704,1.19E-241
5.656145,0.035399658,7.96E-242
5.65675,0.031647622,5.31E-242
5.657355,0.028760947,3.55E-242
5.65796,0.025152471,2.37E-242
5.658565,0.021003524,1.58E-242
5.65917,0.019163504,1.05E-242
5.659775,0.020428837,7.03E-243
5.66038,0.020574894,4.69E-243
5.660985,0.015021165,3.13E-243
5.66159,0.005069152,2.09E-243
5.662195,-0.003565793,1.39E-243
5.6628,-0.007804654,9.28E-244
5.663405,-0.010072676,6.18E-244
5.66401,-0.0141296,4.12E-244
5.664615,-0.020566324,2.75E-244
5.66522,-0.027833128,1.83E-244
5.665825,-0.035812004,1.22E-244
5.66643,-0.045571188,8.12E-245
5.667035,-0.05614936,5.41E-245
5.66764,-0.064653607,3.60E-245
5.668245,-0.070560119,2.40E-245
5.66885,-0.077910694,1.60E-245
5.669455,-0.091554916,1.06E-245
5.67006,-0.11205663,7.07E-246
5.670665,-0.135552286,4.70E-246
5.67127,-0.157881593,3.13E-246
5.671875,-0.177787645,2.08E-246
5.67248,-0.196761684,1.39E-246
5.673085,-0.21717042,9.21E-247
5.67369,-0.240761628,6.12E-247
5.674295,-0.267658528,4.07E-247
5.6749,-0.2955266,2.71E-247
5.675505,-0.320358107,1.80E-247
5.67611,-0.339942582,1.20E-247
5.676715,-0.357320122,7.94E-248
5.67732,-0.379626919,5.28E-248
5.677925,-0.412006551,3.50E-248
5.67853,-0.452582338,2.33E-248
5.679135,-0.494091705,1.55E-248
5.67974,-0.530233646,1.03E-248
5.680345,-0.559900802,6.81E-249
5.68095,-0.585907024,4.52E-249
5.681555,-0.611163988,3.00E-249
5.68216,-0.636722649,1.99E-249
5.682765,-0.662129097,1.32E-249
5.68337,-0.6856392,8.76E-250
5.683975,-0.70397382,5.81E-250
5.68458,-0.714100368,3.86E-250
5.685185,-0.717189647,2.56E-250
5.68579,-0.719943756,1.69E-250
5.686395,-0.729586004,1.12E-250
5.687,-0.746814336,7.45E-251
5.687605,-0.764841049,4.93E-251
5.68821,-0.775791677,3.27E-251
5.688815,-0.777256667,2.17E-251
5.68942,-0.772670787,1.43E-251
5.690025,-0.766921109,9.50E-252
5.69063,-0.762551484,6.29E-252
5.691235,-0.758901263,4.17E-252
5.69184,-0.752777999,2.76E-252
5.692445,-0.739670153,1.83E-252
5.69305,-0.716598438,1.21E-252
5.693655,-0.686253412,7.99E-253
5.69426,-0.657769163,5.29E-253
5.694865,-0.640531349,3.50E-253
5.69547,-0.635870103,2.31E-253
5.696075,-0.635835258,1.53E-253
5.69668,-0.630647224,1.01E-253
5.697285,-0.61647546,6.69E-254
5.69789,-0.596147611,4.42E-254
5.698495,-0.574708984,2.92E-254
5.6991,-0.555840332,1.93E-254
5.699705,-0.540672148,1.28E-254
5.70031,-0.527154253,8.43E-255
5.700915,-0.510262364,5.57E-255
5.70152,-0.485204621,3.68E-255
5.702125,-0.452818616,2.43E-255
5.70273,-0.421624385,1.60E-255
5.703335,-0.402287518,1.06E-255
5.70394,-0.398538204,6.99E-256
5.704545,-0.403647536,4.61E-256
5.70515,-0.406310096,3.04E-256
5.705755,-0.400041909,2.01E-256
5.70636,-0.386864081,1.32E-256
5.706965,-0.373117769,8.74E-257
5.70757,-0.363553632,5.76E-257
5.708175,-0.358757438,3.80E-257
5.70878,-0.355336315,2.50E-257
5.709385,-0.347628899,1.65E-257
5.70999,-0.331475108,1.09E-257
5.710595,-0.308756956,7.17E-258
5.7112,-0.288179942,4.72E-258
5.711805,-0.279590963,3.11E-258
5.71241,-0.286147567,2.05E-258
5.713015,-0.301892905,1.35E-258
5.71362,-0.316893228,8.89E-259
5.714225,-0.324759256,5.85E-259
5.71483,-0.325761183,3.85E-259
5.715435,-0.323994301,2.54E-259
5.71604,-0.323199835,1.67E-259
5.716645,-0.32511104,1.10E-259
5.71725,-0.329190117,7.23E-260
5.717855,-0.332112472,4.75E-260
5.71846,-0.328816263,3.13E-260
5.719065,-0.317017112,2.06E-260
5.71967,-0.301736467,1.35E-260
5.720275,-0.293307683,8.89E-261
5.72088,-0.298815209,5.84E-261
5.721485,-0.31555164,3.84E-261
5.72209,-0.333575407,2.52E-261
5.722695,-0.344567654,1.66E-261
5.7233,-0.347679401,1.09E-261
5.723905,-0.347434139,7.16E-262
5.72451,-0.348175014,4.70E-262
5.725115,-0.351381668,3.09E-262
5.72572,-0.35623138,2.03E-262
5.726325,-0.360322555,1.33E-262
5.72693,-0.35989864,8.73E-263
5.727535,-0.352017135,5.73E-263
5.72814,-0.338748005,3.76E-263
5.728745,-0.32810451,2.47E-263
5.72935,-0.328312783,1.62E-263
5.729955,-0.34052058,1.06E-263
5.73056,-0.357730504,6.96E-264
5.731165,-0.370998637,4.57E-264
5.73177,-0.376260619,2.99E-264
5.732375,-0.375424051,1.96E-264
5.73298,-0.372652712,1.29E-264
5.733585,-0.370939375,8.43E-265
5.73419,-0.371137035,5.52E-265
5.734795,-0.372047032,3.62E-265
5.7354,-0.370542219,2.37E-265
5.736005,-0.363111861,1.55E-265
5.73661,-0.349637036,1.02E-265
5.737215,-0.335721384,6.65E-266
5.73782,-0.329122341,4.36E-266
5.738425,-0.332632934,2.85E-266
5.73903,-0.341230902,1.87E-266
5.739635,-0.346945504,1.22E-266
5.74024,-0.345830894,7.99E-267
5.740845,-0.339662358,5.23E-267
5.74145,-0.332200346,3.42E-267
5.742055,-0.325464461,2.24E-267
5.74266,-0.319245561,1.46E-267
5.743265,-0.312274849,9.56E-268
5.74387,-0.302564024,6.25E-268
5.744475,-0.287583726,4.08E-268
5.74508,-0.266438478,2.67E-268
5.745685,-0.242471727,1.74E-268
5.74629,-0.221826151,1.14E-268
5.746895,-0.207915754,7.44E-269
5.7475,-0.197967314,4.86E-269
5.748105,-0.18589021,3.17E-269
5.74871,-0.167845039,2.07E-269
5.749315,-0.144295747,1.35E-269
5.74992,-0.117756693,8.83E-270
5.750525,-0.090114834,5.76E-270
5.75113,-0.062027143,3.76E-270
5.751735,-0.033461185,2.45E-270
5.75234,-0.003785701,1.60E-270
5.752945,0.028305663,1.04E-270
5.75355,0.063769512,6.81E-271
5.754155,0.101469952,4.44E-271
5.75476,0.138050192,2.89E-271
5.755365,0.170540267,1.89E-271
5.75597,0.199123764,1.23E-271
5.756575,0.226667485,8.01E-272
5.75718,0.255641098,5.22E-272
5.757785,0.28607124,3.40E-272
5.75839,0.316207685,2.22E-272
5.758995,0.344391045,1.44E-272
5.7596,0.370058549,9.40E-273
5.760205,0.393420848,6.12E-273
5.76081,0.414871604,3.98E-273
5.761415,0.434936999,2.59E-273
5.76202,0.454221078,1.69E-273
5.762625,0.47264347,1.10E-273
5.76323,0.488710701,7.14E-274
5.763835,0.500338534,4.65E-274
5.76444,0.506919805,3.02E-274
5.765045,0.510149045,1.97E-274
5.76565,0.512424439,1.28E-274
5.766255,0.514800888,8.31E-275
5.76686,0.516690662,5.40E-275
5.767465,0.517032336,3.51E-275
5.76807,0.515266926,2.28E-275
5.768675,0.511397287,1.48E-275
5.76928,0.505786567,9.63E-276
5.769885,0.499226419,6.26E-276
5.77049,0.492738887,4.06E-276
5.771095,0.486709087,2.64E-276
5.7717,0.480276768,1.71E-276
5.772305,0.472103584,1.11E-276
5.77291,0.461918591,7.22E-277
5.773515,0.451011132,4.68E-277
5.77412,0.44106343,3.04E-277
5.774725,0.432704697,1.97E-277
5.77533,0.425277503,1.28E-277
5.775935,0.417846605,8.30E-278
5.77654,0.410301439,5.38E-278
5.777145,0.403369287,3.49E-278
5.77775,0.397563251,2.26E-278
5.778355,0.39246695,1.47E-278
5.77896,0.387296897,9.51E-279
5.779565,0.381816513,6.16E-279
5.78017,0.376348906,3.99E-279
5.780775,0.371190834,2.59E-279
5.78138,0.36637608,1.68E-279
5.781985,0.361829679,1.09E-279
5.78259,0.357589584,7.03E-280
5.783195,0.354179303,4.55E-280
5.7838,0.352745223,2.95E-280
5.784405,0.354013389,1.91E-280
5.78501,0.356708069,1.23E-280
5.785615,0.358070095,7.98E-281
5.78622,0.357106074,5.17E-281
5.786825,0.356464971,3.34E-281
5.78743,0.359276562,2.16E-281
5.788035,0.364562149,1.40E-281
5.78864,0.367925927,9.04E-282
5.789245,0.366840019,5.84E-282
5.78985,0.363264973,3.78E-282
5.790455,0.360742716,2.44E-282
5.79106,0.360690944,1.58E-282
5.791665,0.362315232,1.02E-282
5.79227,0.364669953,6.59E-283
5.792875,0.367454468,4.25E-283
5.79348,0.370566354,2.75E-283
5.794085,0.374051881,1.77E-283
5.79469,0.378096183,1.15E-283
5.795295,0.382415301,7.40E-284
5.7959,0.386061503,4.77E-284
5.796505,0.388225396,3.08E-284
5.79711,0.388882238,1.99E-284
5.797715,0.388326668,1.28E-284
5.79832,0.386528204,8.28E-285
5.798925,0.383608084,5.34E-285
5.79953,0.380707964,3.44E-285
5.800135,0.37953281,2.22E-285
5.80074,0.380680084,1.43E-285
5.801345,0.382754669,9.22E-286
5.80195,0.383618949,5.95E-286
5.802555,0.382559316,3.83E-286
5.80316,0.380890628,2.47E-286
5.803765,0.380376325,1.59E-286
5.80437,0.381205848,1.02E-286
5.804975,0.381586525,6.60E-287
5.80558,0.37942748,4.25E-287
5.806185,0.374239492,2.74E-287
5.80679,0.367123884,1.76E-287
5.807395,0.359495483,1.13E-287
5.808,0.35249756,7.30E-288
5.808605,0.347102411,4.70E-288
5.80921,0.343787314,3.02E-288
5.809815,0.341985909,1.94E-288
5.81042,0.340331248,1.25E-288
5.811025,0.337745429,8.04E-289
5.81163,0.334301805,5.17E-289
5.812235,0.330972599,3.32E-289
5.81284,0.328628022,2.14E-289
5.813445,0.32727924,1.37E-289
5.81405,0.325852165,8.83E-290
5.814655,0.322557362,5.67E-290
5.81526,0.316318423,3.64E-290
5.815865,0.308291318,2.34E-290
5.81647,0.301211097,1.50E-290
5.817075,0.29685362,9.65E-291
5.81768,0.294689594,6.20E-291
5.818285,0.2931188,3.98E-291
5.81889,0.291350664,2.55E-291
5.819495,0.289674035,1.64E-291
5.8201,0.288410153,1.05E-291
5.820705,0.287437412,6.75E-292
5.82131,0.286566423,4.33E-292
5.821915,0.285522624,2.78E-292
5.82252,0.283618333,1.78E-292
5.823125,0.280104869,1.14E-292
5.82373,0.274815567,7.32E-293
5.824335,0.268236084,4.69E-293
5.82494,0.261327885,3.01E-293
5.825545,0.25546174,1.93E-293
5.82615,0.251814446,1.24E-293
5.826755,0.250204537,7.91E-294
5.82736,0.248924434,5.07E-294
5.827965,0.246400044,3.25E-294
5.82857,0.242833304,2.08E-294
5.829175,0.239661094,1.33E-294
5.82978,0.23768789,8.52E-295
5.830385,0.236354184,5.45E-295
5.83099,0.234474944,3.49E-295
5.831595,0.231040984,2.23E-295
5.8322,0.225564955,1.43E-295
5.832805,0.218173821,9.14E-296
5.83341,0.209435299,5.85E-296
5.834015,0.200487156,3.74E-296
5.83462,0.193885134,2.39E-296
5.835225,0.19260978,1.53E-296
5.83583,0.195004547,9.77E-297
5.836435,0.192706564,6.25E-297
5.83704,0.180294264,3.99E-297
5.837645,0.165601825,2.55E-297
5.83825,0.161455629,1.63E-297
5.838855,0.167968997,1.04E-297
5.83946,0.172342479,6.65E-298
5.840065,0.165910555,4.25E-298
5.84067,0.153145112,2.71E-298
5.841275,0.142719901,1.73E-298
5.84188,0.136290114,1.10E-298
5.842485,0.129945244,7.05E-299
5.84309,0.122917673,4.50E-299
5.843695,0.118790254,2.87E-299
5.8443,0.117968229,1.83E-299
5.844905,0.114826084,1.17E-299
5.84551,0.105944412,7.45E-300
5.846115,0.097019147,4.75E-300
5.84672,0.095934338,3.03E-300
5.847325,0.101090117,1.93E-300
5.84793,0.102485995,1.23E-300
5.848535,0.09423028,7.84E-301
5.84914,0.08128246,5.00E-301
5.849745,0.072600153,3.18E-301
5.85035,0.071150936,2.03E-301
5.850955,0.07262578,1.29E-301
5.85156,0.071264636,8.23E-302
5.852165,0.064963853,5.24E-302
5.85277,0.056267574,3.33E-302
5.853375,0.049507322,2.12E-302
5.85398,0.04650783,1.35E-302
5.854585,0.045072496,8.60E-303
5.85519,0.042017046,5.47E-303
5.855795,0.037217893,3.48E-303
5.8564,0.033295962,2.21E-303
5.857005,0.031254277,1.41E-303
5.85761,0.028808466,8.95E-304
5.858215,0.024124795,5.69E-304
5.85882,0.018854292,3.62E-304
5.859425,0.015436757,2.30E-304
5.86003,0.012960797,1.46E-304
5.860635,0.00842004,9.28E-305
5.86124,0.001548724,5.90E-305
5.861845,-0.00446511,3.75E-305
5.86245,-0.007518995,2.38E-305
5.863055,-0.009662627,1.51E-305
5.86366,-0.014476644,9.60E-306
5.864265,-0.022389467,6.09E-306
5.86487,-0.030137863,3.87E-306
5.865475,-0.035007696,2.45E-306
5.86608,-0.038347634,1.56E-306
5.866685,-0.044259739,9.88E-307
5.86729,-0.055393293,6.27E-307
5.867895,-0.070655393,3.98E-307
5.8685,-0.087042409,2.52E-307
5.869105,-0.102968423,1.60E-307
5.86971,-0.119180341,1.01E-307
5.870315,-0.136923958,6.43E-308
5.87092,-0.156275958,4.07E-308
5.871525,-0.176682682,2.58E-308
5.87213,-0.198308923,0
5.872735,-0.221522478,0
5.87334,-0.245076178,0
5.873945,-0.266406484,0
5.87455,-0.284880758,0
5.875155,-0.304155373,0
5.87576,-0.32978341,0
5.876365,-0.363791384,6.680258E-310
5.87697,-0.402302926,4.227917E-310
5.877575,-0.439081717,2.675444E-310
5.87818,-0.470975777,1.692784E-310
5.878785,-0.49951714,1.070886E-310
5.87939,-0.527935491,6.773625E-311
5.879995,-0.557798456,4.283861E-311
5.8806,-0.588330672,2.708855E-311
5.881205,-0.617159374,1.712664E-311
5.88181,-0.640933793,1.082667E-311
5.882415,-0.656995685,6.843116E-312
5.88302,-0.666494009,4.324631E-312
5.883625,-0.675463841,2.732627E-312
5.88423,-0.690696613,1.726426E-312
5.884835,-0.71352891,1.090565E-312
5.88544,-0.738416481,6.887973E-313
5.886045,-0.758015148,4.349782E-313
5.88665,-0.76908512,2.746501E-313
5.887255,-0.773441538,1.733917E-313
5.88786,-0.77456473,1.094493E-313
5.888465,-0.774651243,6.907705E-314
5.88907,-0.774249183,4.359040E-314
5.889675,-0.77248694,2.750325E-314
5.89028,-0.766642248,1.735056E-314
5.890885,-0.753119004,1.094408E-314
5.89149,-0.731327943,6.902095E-315
5.892095,-0.706892468,4.352301E-315
5.8927,-0.688720885,2.744057E-315
5.893305,-0.681226957,1.729830E-315
5.89391,-0.680132288,1.090310E-315
5.894515,-0.676739516,6.871204E-316
5.89512,-0.665602995,4.329640E-316
5.895725,-0.647568972,2.727765E-316
5.89633,-0.626951386,1.718297E-316
5.896935,-0.60762726,1.082246E-316
5.89754,-0.591144719,6.815372E-317
5.898145,-0.576131882,4.291306E-317
5.89875,-0.558433085,2.701628E-317
5.899355,-0.533324663,1.700583E-317
5.89996,-0.500276256,1.070302E-317
5.900565,-0.466318226,6.735207E-318
5.90117,-0.442451789,4.237715E-318
5.901775,-0.434458275,2.665934E-318
5.90238,-0.437355546,1.676884E-318
5.902985,-0.439877049,1.054608E-318
5.90359,-0.434296052,6.631596E-319
5.904195,-0.42124965,4.169469E-319
5.9048,-0.406038339,2.621068E-319
5.905405,-0.392857467,1.647462E-319
5.90601,-0.383043057,1.035315E-319
5.906615,-0.375857414,6.505856E-320
5.90722,-0.368413196,4.087405E-320
5.907825,-0.355900917,2.567659E-320
5.90843,-0.335218006,1.612630E-320
5.909035,-0.310263988,1.012835E-320
5.90964,-0.291987152,6.358625E-321
5.910245,-0.290064245,3.992050E-321
5.91085,-0.303505366,2.504913E-321
5.911455,-0.320756525,1.571129E-321
5.91206,-0.329966931,9.881313E-322
5.912665,-0.328519162,6.175821E-322
5.91327,-0.322514727,3.903119E-322
5.913875,-0.319139973,2.420922E-322
5.91448,-0.321011785,1.531604E-322
5.915085,-0.325921208,9.387247E-323
5.91569,-0.329011429,5.928788E-323
5.916295,-0.325200623,3.952525E-323
5.9169,-0.312550075,2.470328E-323
5.917505,-0.295590129,1.482197E-323
5.91811,-0.284241497,9.881313E-324
5.918715,-0.286793451,4.940656E-324
5.91932,-0.30277291,4.940656E-324
5.919925,-0.323129015,0
5.92053,-0.337873262,0
5.921135,-0.343453044,0
5.92174,-0.343133153,0
5.922345,-0.342167519,0
5.92295,-0.343875943,0
5.923555,-0.348674147,0
5.92416,-0.354184559,0
5.924765,-0.355826616,0
5.92537,-0.34959647,0
5.925975,-0.3367764,0
5.92658,-0.325436041,0
5.927185,-0.324685558,0
5.92779,-0.336356814,0
5.928395,-0.353147199,0
5.929,-0.365435189,0
5.929605,-0.369399086,0
5.93021,-0.368277198,0
5.930815,-0.367224846,0
5.93142,-0.368699796,0
5.932025,-0.372040392,0
5.93263,-0.374902298,0
5.933235,-0.373999452,0
5.93384,-0.366262825,0
5.934445,-0.351980441,0
5.93505,-0.337036584,0
5.935655,-0.329693351,0
5.93626,-0.333559873,0
5.936865,-0.344231556,0
5.93747,-0.353441182,0
5.938075,-0.356005359,0
5.93868,-0.352473739,0
5.939285,-0.346414533,0
5.93989,-0.340819143,0
5.940495,-0.33676523,0
5.9411,-0.333562807,0
5.941705,-0.328930497,0
5.94231,-0.319684292,0
5.942915,-0.304085176,0
5.94352,-0.284462908,0
5.944125,-0.266538217,0
5.94473,-0.25477263,0
5.945335,-0.248212289,0
5.94594,-0.241373943,0
5.946545,-0.229149284,0
5.94715,-0.210479401,0
5.947755,-0.187710514,0
5.94836,-0.163600535,0
5.948965,-0.139443207,0
5.94957,-0.115149362,0
5.950175,-0.089726293,0
5.95078,-0.061309251,0
5.951385,-0.02801371,0
5.95199,0.009733871,0
5.952595,0.047948968,0
5.9532,0.081687469,0
5.953805,0.109505572,0
5.95441,0.134663011,0
5.955015,0.161677098,0
5.95562,0.192360747,0
5.956225,0.22526484,0
5.95683,0.257921451,0
5.957435,0.288840973,0
5.95804,0.317684059,0
5.958645,0.344527352,0
5.95925,0.369629468,0
5.959855,0.393566808,0
5.96046,0.416776573,0
5.961065,0.438661966,0
5.96167,0.457576567,0
5.962275,0.472221821,0
5.96288,0.482997936,0
5.963485,0.491604468,0
5.96409,0.499425138,0
5.964695,0.506624514,0
5.9653,0.512587551,0
5.965905,0.516710317,0
5.96651,0.518659312,0
5.967115,0.518291104,0
5.96772,0.5157774,0
5.968325,0.511800211,0
5.96893,0.50726508,0
5.969535,0.502564806,0
5.97014,0.497188943,0
5.970745,0.490294934,0
5.97135,0.481682592,0
5.971955,0.472045925,0
5.97256,0.4623776,0
5.973165,0.453313886,0
5.97377,0.444905209,0
5.974375,0.436806044,0
5.97498,0.428679444,0
5.975585,0.420523199,0
5.97619,0.412753142,0
5.976795,0.405932884,0
5.9774,0.400103878,0
5.978005,0.394285086,0
5.97861,0.387083005,0
5.979215,0.378232619,0
5.97982,0.369382052,0
5.980425,0.362950833,0
5.98103,0.360013776,0
5.981635,0.359220308,0
5.98224,0.35797905,0
5.982845,0.355181541,0
5.98345,0.352640231,0
5.984055,0.353032741,0
5.98466,0.356337426,0
5.985265,0.359392114,0
5.98587,0.359645663,0
5.986475,0.35823301,0
5.98708,0.35790354,0
5.987685,0.35883437,0
5.98829,0.358779663,0
5.988895,0.357120268,0
5.9895,0.356252294,0
5.990105,0.358347332,0
5.99071,0.362590241,0
5.991315,0.3666032,0
5.99192,0.369412773,0
5.992525,0.371881416,0
5.99313,0.375036276,0
5.993735,0.379148294,0
5.99434,0.383744999,0
5.994945,0.387390042,0
5.99555,0.388064756,0
5.996155,0.384986068,0
5.99676,0.380082886,0
5.997365,0.376836263,0
5.99797,0.377152786,0
5.998575,0.379724203,0
5.99918,0.381887422,0
5.999785,0.382643289,0
6.00039,0.383058882,0
6.000995,0.38401732,0
6.0016,0.384960097,0
6.002205,0.385234729,0
6.00281,0.385237606,0
6.003415,0.385216091,0
6.00402,0.383850343,0
6.004625,0.37930623,0
6.00523,0.371801211,0
6.005835,0.364202881,0
6.00644,0.359343452,0
6.007045,0.357225073,0
6.00765,0.355634194,0
6.008255,0.353000679,0
6.00886,0.349718067,0
6.009465,0.346875378,0
6.01007,0.344660224,0
6.010675,0.342435532,0
6.01128,0.339824371,0
6.011885,0.336798398,0
6.01249,0.332742467,0
6.013095,0.326627575,0
6.0137,0.318603489,0
6.014305,0.310518074,0
6.01491,0.304433326,0
6.015515,0.301130829,0
6.01612,0.299901122,0
6.016725,0.299159781,0
6.01733,0.297486444,0
6.017935,0.2946944,0
6.01854,0.292013834,0
6.019145,0.29090911,0
6.01975,0.291442066,0
6.020355,0.291890791,0
6.02096,0.290080985,0
6.021565,0.285013387,0
6.02217,0.277556907,0
6.022775,0.270071829,0
6.02338,0.264924354,0
6.023985,0.262595354,0
6.02459,0.261429198,0
6.025195,0.259660014,0
6.0258,0.25718154,0
6.026405,0.254828684,0
6.02701,0.252688778,0
6.027615,0.250189596,0
6.02822,0.247433177,0
6.028825,0.245037421,0
6.02943,0.24252921,0
6.030035,0.238211995,0
6.03064,0.231184723,0
6.031245,0.222739198,0
6.03185,0.215225105,0
6.032455,0.209697059,0
6.03306,0.205027626,0
6.033665,0.19991271,0
6.03427,0.195793256,0
6.034875,0.195518383,0
6.03548,0.196992886,0
6.036085,0.19224624,0
6.03669,0.17863194,0
6.037295,0.166324964,0
6.0379,0.1660005,0
6.038505,0.17302539,0
6.03911,0.173075044,0
6.039715,0.160877819,0
6.04032,0.145324711,0
6.040925,0.136388706,0
6.04153,0.133751963,0
6.042135,0.131089252,0
6.04274,0.126552602,0
6.043345,0.123267677,0
6.04395,0.121214432,0
6.044555,0.11561253,0
6.04516,0.105668025,0
6.045765,0.098761585,0
6.04637,0.100730233,0
6.046975,0.106010371,0
6.04758,0.10327172,0
6.048185,0.089336482,0
6.04879,0.072860768,0
6.049395,0.064105999,0
6.05,0.064717524,0
6.050605,0.06839102,0
6.05121,0.068240791,0
6.051815,0.062201402,0
6.05242,0.053454808,0
6.053025,0.046793072,0
6.05363,0.044106786,0
6.054235,0.04330667,0
6.05484,0.041642474,0
6.055445,0.039045501,0
6.05605,0.036793465,0
6.056655,0.033983553,0
6.05726,0.028411997,0
6.057865,0.02091312,0
6.05847,0.015504054,0
6.059075,0.014036063,0
6.05968,0.01322263,0
6.060285,0.008975042,0
6.06089,0.001873577,0
6.061495,-0.00420338,0
6.0621,-0.00763798,0
6.062705,-0.01040912,0
6.06331,-0.014218892,0
6.063915,-0.018312495,0
6.06452,-0.022405196,0
6.065125,-0.029144238,0
6.06573,-0.041012779,0
6.066335,-0.056207518,0
6.06694,-0.070157676,0
6.067545,-0.080687357,0
6.06815,-0.089945032,0
6.068755,-0.101435706,0
6.06936,-0.116746119,0
6.069965,-0.13535283,0
6.07057,-0.155769493,0
6.071175,-0.175814285,0
6.07178,-0.193207464,0
6.072385,-0.207889997,0
6.07299,-0.223726384,0
6.073595,-0.246022195,0
6.0742,-0.276372928,0
6.074805,-0.311103657,0
6.07541,-0.345314551,0
6.076015,-0.377064058,0
6.07662,-0.407187,0
6.077225,-0.436941903,0
6.07783,-0.467192697,0
6.078435,-0.498673086,0
6.07904,-0.531124697,0
6.079645,-0.561951946,0
6.08025,-0.587126226,0
6.080855,-0.604958252,0
6.08146,-0.619247053,0
6.082065,-0.637281265,0
6.08267,-0.663263139,0
6.083275,-0.693916306,0
6.08388,-0.721431907,0
6.084485,-0.740444515,0
6.08509,-0.751502891,0
6.085695,-0.758687464,0
6.0863,-0.765554343,0
6.086905,-0.773136972,0
6.08751,-0.779662106,0
6.088115,-0.781001845,0
6.08872,-0.772894992,0
6.089325,-0.755222163,0
6.08993,-0.734572061,0
6.090535,-0.720515982,0
6.09114,-0.717550957,0
6.091745,-0.720980643,0
6.09235,-0.721430606,0
6.092955,-0.713078307,0
6.09356,-0.697154984,0
6.094165,-0.678602343,0
6.09477,-0.66116287,0
6.095375,-0.645719091,0
6.09598,-0.631087545,0
6.096585,-0.61438347,0
6.09719,-0.591457998,0
6.097795,-0.560226295,0
6.0984,-0.525273082,0
6.099005,-0.496966465,0
6.09961,-0.483159409,0
6.100215,-0.481735325,0
6.10082,-0.482558764,0
6.101425,-0.476585527,0
6.10203,-0.462264938,0
6.102635,-0.444088213,0
6.10324,-0.427412212,0
6.103845,-0.415064297,0
6.10445,-0.40628224,0
6.105055,-0.39682622,0
6.10566,-0.381030261,0
6.106265,-0.356466987,0
6.10687,-0.328258871,0
6.107475,-0.307389154,0
6.10808,-0.302122772,0
6.108685,-0.310640584,0
6.10929,-0.32313674,0
6.109895,-0.330770483,0
6.1105,-0.331469727,0
6.111105,-0.328103629,0
6.11171,-0.324086205,0
6.112315,-0.321818819,0
6.11292,-0.322634299,0
6.113525,-0.325290681,0
6.11413,-0.324935058,0
6.114735,-0.316370502,0
6.11534,-0.300402697,0
6.115945,-0.286115843,0
6.11655,-0.28425906,0
6.117155,-0.297304454,0
6.11776,-0.316983841,0
6.118365,-0.332091494,0
6.11897,-0.337853483,0
6.119575,-0.337478158,0
6.12018,-0.336625579,0
6.120785,-0.338443698,0
6.12139,-0.342817529,0
6.121995,-0.347401014,0
6.1226,-0.348325648,0
6.123205,-0.341947783,0
6.12381,-0.328758668,0
6.124415,-0.31578847,0
6.12502,-0.312600293,0
6.125625,-0.323176927,0
6.12623,-0.342103904,0
6.126835,-0.359289362,0
6.12744,-0.368198138,0
6.128045,-0.369328266,0
6.12865,-0.36715059,0
6.129255,-0.365822435,0
6.12986,-0.36741246,0
6.130465,-0.371482907,0
6.13107,-0.37480948,0
6.131675,-0.372604644,0
6.13228,-0.362453344,0
6.132885,-0.348163085,0
6.13349,-0.338278088,0
6.134095,-0.339018043,0
6.1347,-0.34861307,0
6.135305,-0.359184841,0
6.13591,-0.363980023,0
6.136515,-0.362160648,0
6.13712,-0.35718724,0
6.137725,-0.352451483,0
6.13833,-0.349183292,0
6.138935,-0.34694927,0
6.13954,-0.344116857,0
6.140145,-0.337743856,0
6.14075,-0.325179798,0
6.141355,-0.307577628,0
6.14196,-0.290882674,0
6.142565,-0.281222512,0
6.14317,-0.278895145,0
6.143775,-0.277986997,0
6.14438,-0.272146088,0
6.144985,-0.259647031,0
6.14559,-0.242737517,0
6.146195,-0.223958441,0
6.1468,-0.204374507,0
6.147405,-0.184178153,0
6.14801,-0.163069507,0
6.148615,-0.13965476,0
6.14922,-0.111817638,0
6.149825,-0.079076286,0
6.15043,-0.044401223,0
6.151035,-0.012416546,0
6.15164,0.01484455,0
6.152245,0.039858779,0
6.15285,0.066859422,0
6.153455,0.09772893,0
6.15406,0.13107234,0
6.154665,0.164537668,0
6.15527,0.19695048,0
6.155875,0.228284602,0
6.15648,0.258716703,0
6.157085,0.288523386,0
6.15769,0.318397461,0
6.158295,0.348729703,0
6.1589,0.378243614,0
6.159505,0.404123795,0
6.16011,0.424345209,0
6.160715,0.439734806,0
6.16132,0.453096798,0
6.161925,0.466436226,0
6.16253,0.479559864,0
6.163135,0.491099143,0
6.16374,0.500143767,0
6.164345,0.506716781,0
6.16495,0.51119656,0
6.165555,0.513883418,0
6.16616,0.515159874,0
6.166765,0.515537442,0
6.16737,0.515054782,0
6.167975,0.51270794,0
6.16858,0.507168563,0
6.169185,0.498566199,0
6.16979,0.489072322,0
6.170395,0.481028147,0
6.171,0.474689127,0
6.171605,0.468344133,0
6.17221,0.460516328,0
6.172815,0.451505241,0
6.17342,0.442738816,0
6.174025,0.435145051,0
6.17463,0.428419945,0
6.175235,0.421618048,0
6.17584,0.414175766,0
6.176445,0.406296314,0
6.17705,0.398467301,0
6.177655,0.39090555,0
6.17826,0.383618372,0
6.178865,0.37683927,0
6.17947,0.371246694,0
6.180075,0.367639087,0
6.18068,0.366096201,0
6.181285,0.36534972,0
6.18189,0.363564839,0
6.182495,0.360440767,0
6.1831,0.358146648,0
6.183705,0.35893334,0
6.18431,0.361633006,0
6.184915,0.362084988,0
6.18552,0.358136278,0
6.186125,0.352900603,0
6.18673,0.351222006,0
6.187335,0.353802705,0
6.18794,0.357124934,0
6.188545,0.358652147,0
6.18915,0.359463167,0
6.189755,0.361553598,0
6.19036,0.364964847,0
6.190965,0.368610406,0
6.19157,0.372248083,0
6.192175,0.376122096,0
6.19278,0.379553414,0
6.193385,0.381318635,0
6.19399,0.381079154,0
6.194595,0.379606615,0
6.1952,0.377955933,0
6.195805,0.377010888,0
6.19641,0.377524523,0
6.197015,0.379761765,0
6.19762,0.382814951,0
6.198225,0.384947686,0
6.19883,0.385312438,0
6.199435,0.385085754,0
6.20004,0.386129651,0
6.200645,0.388419913,0
6.20125,0.389597009,0
6.201855,0.387442137,0
6.20246,0.382183175,0
6.203065,0.376032347,0
6.20367,0.37094454,0
6.204275,0.367268443,0
6.20488,0.364446733,0
6.205485,0.362259256,0
6.20609,0.360700056,0
6.206695,0.359166016,0
6.2073,0.35685629,0
6.207905,0.354002023,0
6.20851,0.351851984,0
6.209115,0.351008555,0
6.20972,0.35011104,0
6.210325,0.34675235,0
6.21093,0.339904951,0
6.211535,0.331081529,0
6.21214,0.322953821,0
6.212745,0.317287423,0
6.21335,0.31416179,0
6.213955,0.312393686,0
6.21456,0.310599835,0
6.215165,0.308296431,0
6.21577,0.305896595,0
6.216375,0.303732807,0
6.21698,0.301708219,0
6.217585,0.299854908,0
6.21819,0.298385007,0
6.218795,0.296802988,0
6.2194,0.293628037,0
6.220005,0.287834464,0
6.22061,0.280359209,0
6.221215,0.273437915,0
6.22182,0.268644704,0
6.222425,0.266124324,0
6.22303,0.265128272,0
6.223635,0.264433968,0
6.22424,0.262786978,0
6.224845,0.259965262,0
6.22545,0.257185196,0
6.226055,0.255630259,0
6.22666,0.254696571,0
6.227265,0.252412655,0
6.22787,0.24757069,0
6.228475,0.24081205,0
6.22908,0.233711111,0
6.229685,0.227529927,0
6.23029,0.222800806,0
6.230895,0.219339684,0
6.2315,0.216366115,0
6.232105,0.212755433,0
6.23271,0.20759879,0
6.233315,0.20160578,0
6.23392,0.198053689,0
6.234525,0.199394539,0
6.23513,0.201168764,0
6.235735,0.194418566,0
6.23634,0.178514253,0
6.236945,0.165111239,0
6.23755,0.163161031,0
6.238155,0.166620012,0
6.23876,0.163639987,0
6.239365,0.152471187,0
6.23997,0.141667009,0
6.240575,0.137216473,0
6.24118,0.135940513,0
6.241785,0.132574629,0
6.24239,0.127797365,0
6.242995,0.125120824,0
6.2436,0.123168922,0
6.244205,0.117157161,0
6.24481,0.10784495,0
6.245415,0.102360488,0
6.24602,0.103660032,0
6.246625,0.104848497,0
6.24723,0.097750141,0
6.247835,0.083624048,0
6.24844,0.071610014,0
6.249045,0.068062628,0
6.24965,0.070794498,0
6.250255,0.073167287,0
6.25086,0.070635546,0
6.251465,0.063480316,0
6.25207,0.055573054,0
6.252675,0.050699916,0
6.25328,0.04906443,0
6.253885,0.047363399,0
6.25449,0.042844888,0
6.255095,0.036648651,0
6.2557,0.031639796,0
6.256305,0.027926763,0
6.25691,0.023366251,0
6.257515,0.018100752,0
6.25812,0.015101529,0
6.258725,0.015149672,0
6.25933,0.014351346,0
6.259935,0.009060753,0
6.26054,0.001267135,0
6.261145,-0.003727947,0
6.26175,-0.00415297,0
6.262355,-0.003889323,0
6.26296,-0.007573915,0
6.263565,-0.015608171,0
6.26417,-0.025366968,0
6.264775,-0.03560162,0
6.26538,-0.047062198,0
6.265985,-0.05944104,0
6.26659,-0.070604237,0
6.267195,-0.079770675,0
6.2678,-0.089624426,0
6.268405,-0.103654162,0
6.26901,-0.121875857,0
6.269615,-0.140441509,0
6.27022,-0.15593549,0
6.270825,-0.169642282,0
6.27143,-0.186669319,0
6.272035,-0.210585789,0
6.27264,-0.239848486,0
6.273245,-0.269909203,0
6.27385,-0.297779002,0
6.274455,-0.32384655,0
6.27506,-0.350233925,0
6.275665,-0.378674494,0
6.27627,-0.40976489,0
6.276875,-0.442789738,0
6.27748,-0.475210055,0
6.278085,-0.503051937,0
6.27869,-0.524014812,0
6.279295,-0.541211838,0
6.2799,-0.561999773,0
6.280505,-0.591220878,0
6.28111,-0.626263551,0
6.281715,-0.659849436,0
6.28232,-0.686759806,0
6.282925,-0.706773024,0
6.28353,-0.722352635,0
6.284135,-0.735722376,0
6.28474,-0.748196498,0
6.285345,-0.760169678,0
6.28595,-0.770045439,0
6.286555,-0.773744918,0
6.28716,-0.767730359,0
6.287765,-0.754139169,0
6.28837,-0.741537707,0
6.288975,-0.738162709,0
6.28958,-0.744058522,0
6.290185,-0.751014314,0
6.29079,-0.750353421,0
6.291395,-0.739847698,0
6.292,-0.723409356,0
6.292605,-0.706258483,0
6.29321,-0.691410711,0
6.293815,-0.67879868,0
6.29442,-0.665179745,0
6.295025,-0.645188002,0
6.29563,-0.615485069,0
6.296235,-0.57981808,0
6.29684,-0.548593326,0
6.297445,-0.531063453,0
6.29805,-0.527249374,0
6.298655,-0.52800708,0
6.29926,-0.523138364,0
6.299865,-0.509203059,0
6.30047,-0.490013899,0
6.301075,-0.471400735,0
6.30168,-0.456629359,0
6.302285,-0.445417392,0
6.30289,-0.434756426,0
6.303495,-0.419907934,0
6.3041,-0.396973348,0
6.304705,-0.367631776,0
6.30531,-0.341074942,0
6.305915,-0.328018727,0
6.30652,-0.331143849,0
6.307125,-0.34222861,0
6.30773,-0.349287187,0
6.308335,-0.34640769,0
6.30894,-0.336981547,0
6.309545,-0.328584913,0
6.31015,-0.325829054,0
6.310755,-0.327581633,0
6.31136,-0.329025921,0
6.311965,-0.32507061,0
6.31257,-0.313051052,0
6.313175,-0.295184613,0
6.31378,-0.279399164,0
6.314385,-0.275102446,0
6.31499,-0.285591457,0
6.315595,-0.304766934,0
6.3162,-0.322139268,0
6.316805,-0.331050695,0
6.31741,-0.332171707,0
6.318015,-0.330473283,0
6.31862,-0.330504645,0
6.319225,-0.333998152,0
6.31983,-0.339493223,0
6.320435,-0.342810676,0
6.32104,-0.339085114,0
6.321645,-0.327107168,0
6.32225,-0.312803958,0
6.322855,-0.306375002,0
6.32346,-0.313806533,0
6.324065,-0.331310974,0
6.32467,-0.348889054,0
6.325275,-0.35912079,0
6.32588,-0.361906701,0
6.326485,-0.361625541,0
6.32709,-0.361998821,0
6.327695,-0.364137412,0
6.3283,-0.367256379,0
6.328905,-0.36920527,0
6.32951,-0.366680783,0
6.330115,-0.357447449,0
6.33072,-0.344196211,0
6.331325,-0.334800706,0
6.33193,-0.336180902,0
6.332535,-0.347562964,0
6.33314,-0.360971425,0
6.333745,-0.368597777,0
6.33435,-0.368821746,0
6.334955,-0.365187397,0
6.33556,-0.361545486,0
6.336165,-0.359398542,0
6.33677,-0.35837093,0
6.337375,-0.356977507,0
6.33798,-0.352676105,0
6.338585,-0.343088605,0
6.33919,-0.328998514,0
6.339795,-0.315555028,0
6.3404,-0.308503446,0
6.341005,-0.308622368,0
6.34161,-0.310818116,0
6.342215,-0.308984264,0
6.34282,-0.300843057,0
6.343425,-0.288010572,0
6.34403,-0.273094673,0
6.344635,-0.257791785,0
6.34524,-0.242592608,0
6.345845,-0.226696395,0
6.34645,-0.207913165,0
6.347055,-0.18363441,0
6.34766,-0.153299455,0
6.348265,-0.12030733,0
6.34887,-0.090324416,0
6.349475,-0.066454076,0
6.35008,-0.046228345,0
6.350685,-0.024088876,0
6.35129,0.003420975,0
6.351895,0.035460736,0
6.3525,0.069060952,0
6.353105,0.10213827,0
6.35371,0.134352825,0
6.354315,0.166214288,0
6.35492,0.198269891,0
6.355525,0.230917167,0
6.35613,0.264120813,0
6.356735,0.296858559,0
6.35734,0.327208392,0
6.357945,0.353656222,0
6.35855,0.376478243,0
6.359155,0.397374455,0
6.35976,0.417582846,0
6.360365,0.436781362,0
6.36097,0.453937498,0
6.361575,0.468675446,0
6.36218,0.481366952,0
6.362785,0.492197904,0
6.36339,0.500892572,0
6.363995,0.507531419,0
6.3646,0.51298219,0
6.365205,0.517902564,0
6.36581,0.521449935,0
6.366415,0.521665878,0
6.36702,0.517498632,0
6.367625,0.510098229,0
6.36823,0.501939809,0
6.368835,0.494993142,0
6.36944,0.489606364,0
6.370045,0.48456614,0
6.37065,0.47815229,0
6.371255,0.469573745,0
6.37186,0.459692505,0
6.372465,0.450308373,0
6.37307,0.442552556,0
6.373675,0.43585616,0
6.37428,0.428462066,0
6.374885,0.419142608,0
6.37549,0.408633887,0
6.376095,0.399125189,0
6.3767,0.39207819,0
6.377305,0.38690095,0
6.37791,0.381981697,0
6.378515,0.376597406,0
6.37912,0.371515567,0
6.379725,0.367980608,0
6.38033,0.366372675,0
6.380935,0.365776159,0
6.38154,0.364775126,0
6.382145,0.362786737,0
6.38275,0.360536349,0
6.383355,0.358912296,0
6.38396,0.357515001,0
6.384565,0.355207991,0
6.38517,0.352477299,0
6.385775,0.351907576,0
6.38638,0.354945488,0
6.386985,0.359388109,0
6.38759,0.361966103,0
6.388195,0.362499688,0
6.3888,0.363571484,0
6.389405,0.366702532,0
6.39001,0.370697688,0
6.390615,0.373607367,0
6.39122,0.374653606,0
6.391825,0.374073892,0
6.39243,0.3726457,0
6.393035,0.371757867,0
6.39364,0.372646389,0
6.394245,0.375060944,0
6.39485,0.377499746,0
6.395455,0.379083137,0
6.39606,0.380506696,0
6.396665,0.382758696,0
6.39727,0.385601055,0
6.397875,0.388007583,0
6.39848,0.389627954,0
6.399085,0.390857679,0
6.39969,0.391352599,0
6.400295,0.389520178,0
6.4009,0.384456666,0
6.401505,0.377910813,0
6.40211,0.373192572,0
6.402715,0.371994957,0
6.40332,0.372860393,0
6.403925,0.372969715,0
6.40453,0.371049364,0
6.405135,0.368051264,0
6.40574,0.36532638,0
6.406345,0.363159059,0
6.40695,0.361182287,0
6.407555,0.359063057,0
6.40816,0.356157267,0
6.408765,0.351254218,0
6.40937,0.343594103,0
6.409975,0.334211028,0
6.41058,0.32568925,0
6.411185,0.320107197,0
6.41179,0.317412829,0
6.412395,0.316057766,0
6.413,0.314609776,0
6.413605,0.312436518,0
6.41421,0.309777599,0
6.414815,0.307625117,0
6.41542,0.306737265,0
6.416025,0.306433967,0
6.41663,0.304882979,0
6.417235,0.300792414,0
6.41784,0.294612884,0
6.418445,0.288059078,0
6.41905,0.28277229,0
6.419655,0.279464971,0
6.42026,0.27772797,0
6.420865,0.276380347,0
6.42147,0.27453437,0
6.422075,0.272444113,0
6.42268,0.270818977,0
6.423285,0.269570321,0
6.42389,0.268072798,0
6.424495,0.266306556,0
6.4251,0.264477171,0
6.425705,0.261587739,0
6.42631,0.255920579,0
6.426915,0.2475137,0
6.42752,0.239007209,0
6.428125,0.233178918,0
6.42873,0.2302903,0
6.429335,0.228466233,0
6.42994,0.226011264,0
6.430545,0.222667491,0
6.43115,0.218989161,0
6.431755,0.215123733,0
6.43236,0.210557211,0
6.432965,0.205546628,0
6.43357,0.202435105,0
6.434175,0.202792144,0
6.43478,0.201908922,0
6.435385,0.19151091,0
6.43599,0.172508696,0
6.436595,0.158321803,0
6.4372,0.158537166,0
6.437805,0.165752129,0
6.43841,0.165836608,0
6.439015,0.155765565,0
6.43962,0.14440331,0
6.440225,0.138792467,0
6.44083,0.136649506,0
6.441435,0.133119381,0
6.44204,0.128804157,0
6.442645,0.12660607,0
6.44325,0.124043272,0
6.443855,0.115430111,0
6.44446,0.102080507,0
6.445065,0.09347952,0
6.44567,0.094928206,0
6.446275,0.099334284,0
6.44688,0.095749396,0
6.447485,0.082951538,0
6.44809,0.070211645,0
6.448695,0.065821741,0
6.4493,0.06890212,0
6.449905,0.072509825,0
6.45051,0.071268724,0
6.451115,0.065152344,0
6.45172,0.057863411,0
6.452325,0.052558148,0
6.45293,0.049083074,0
6.453535,0.045207296,0
6.45414,0.040059365,0
6.454745,0.035361068,0
6.45535,0.032565673,0
6.455955,0.030132762,0
6.45656,0.025740532,0
6.457165,0.020305294,0
6.45777,0.017049055,0
6.458375,0.016535164,0
6.45898,0.01541815,0
6.459585,0.011160872,0
6.46019,0.005435403,0
6.460795,0.001026774,0
6.4614,-0.002584299,0
6.462005,-0.008171634,0
6.46261,-0.016261681,0
6.463215,-0.024217746,0
6.46382,-0.030240366,0
6.464425,-0.036127333,0
6.46503,-0.044748381,0
6.465635,-0.056289086,0
6.46624,-0.068497065,0
6.466845,-0.07962874,0
6.46745,-0.089645887,0
6.468055,-0.09932907,0
6.46866,-0.110147553,0
6.469265,-0.124697159,0
6.46987,-0.145125707,0
6.470475,-0.17056006,0
6.47108,-0.197345294,0
6.471685,-0.222376295,0
6.47229,-0.245594106,0
6.472895,-0.269083619,0
6.4735,-0.294643405,0
6.474105,-0.322820736,0
6.47471,-0.353379565,0
6.475315,-0.385178127,0
6.47592,-0.415479158,0
6.476525,-0.441289946,0
6.47713,-0.463051044,0
6.477735,-0.485937362,0
6.47834,-0.515401646,0
6.478945,-0.551449788,0
6.47955,-0.588464946,0
6.480155,-0.620472231,0
6.48076,-0.645729486,0
6.481365,-0.66656348,0
6.48197,-0.686165879,0
6.482575,-0.706090883,0
6.48318,-0.725639855,0
6.483785,-0.742129771,0
6.48439,-0.751753352,0
6.484995,-0.752079974,0
6.4856,-0.745570979,0
6.486205,-0.739851616,0
6.48681,-0.742101315,0
6.487415,-0.752459893,0
6.48802,-0.763948598,0
6.488625,-0.769091007,0
6.48923,-0.76578053,0
6.489835,-0.756848497,0
6.49044,-0.745872433,0
6.491045,-0.734708577,0
6.49165,-0.723620332,0
6.492255,-0.711373066,0
6.49286,-0.694837223,0
6.493465,-0.670653347,0
6.49407,-0.639596572,0
6.494675,-0.608938717,0
6.49528,-0.587989987,0
6.495885,-0.579857633,0
6.49649,-0.57821698,0
6.497095,-0.57304092,0
6.4977,-0.559195594,0
6.498305,-0.539066781,0
6.49891,-0.518272463,0
6.499515,-0.500758365,0
6.50012,-0.48719932,0
6.500725,-0.475145575,0
6.50133,-0.459529377,0
6.501935,-0.435451737,0
6.50254,-0.403669887,0
6.503145,-0.373133836,0
6.50375,-0.355131094,0
6.504355,-0.353498275,0
6.50496,-0.361320537,0
6.505565,-0.367485668,0
6.50617,-0.36580294,0
6.506775,-0.357709986,0
6.50738,-0.347881644,0
6.507985,-0.339697763,0
6.50859,-0.334752615,0
6.509195,-0.333145336,0
6.5098,-0.331750673,0
6.510405,-0.324345191,0
6.51101,-0.307530983,0
6.511615,-0.287240541,0
6.51222,-0.276099101,0
6.512825,-0.282009201,0
6.51343,-0.300339244,0
6.514035,-0.318504017,0
6.51464,-0.327412704,0
6.515245,-0.327596723,0
6.51585,-0.325394486,0
6.516455,-0.325732273,0
6.51706,-0.329278967,0
6.517665,-0.333981309,0
6.51827,-0.336563033,0
6.518875,-0.33311324,0
6.51948,-0.32165285,0
6.520085,-0.306216967,0
6.52069,-0.296492463,0
6.521295,-0.300468624,0
6.5219,-0.317011643,0
6.522505,-0.33667905,0
6.52311,-0.350045147,0
6.523715,-0.354738681,0
6.52432,-0.354807503,0
6.524925,-0.355289536,0
6.52553,-0.358496625,0
6.526135,-0.363730938,0
6.52674,-0.368144341,0
6.527345,-0.367677817,0
6.52795,-0.359517346,0
6.528555,-0.345984564,0
6.52916,-0.335198143,0
6.529765,-0.335181497,0
6.53037,-0.346500064,0
6.530975,-0.361631538,0
6.53158,-0.371797993,0
6.532185,-0.373784906,0
6.53279,-0.370382848,0
6.533395,-0.366094498,0
6.534,-0.363660042,0
6.534605,-0.363400117,0
6.53521,-0.363675958,0
6.535815,-0.361281061,0
6.53642,-0.352834871,0
6.537025,-0.338090395,0
6.53763,-0.322313301,0
6.538235,-0.313431767,0
6.53884,-0.315190483,0
6.539445,-0.323357926,0
6.54005,-0.329433147,0
6.540655,-0.32790522,0
6.54126,-0.319508376,0
6.541865,-0.308348984,0
6.54247,-0.297413326,0
6.543075,-0.28694594,0
6.54368,-0.275668809,0
6.544285,-0.261995927,0
6.54489,-0.244109493,0
6.545495,-0.220825992,0
6.5461,-0.193804386,0
6.546705,-0.16771915,0
6.54731,-0.146400488,0
6.547915,-0.128862342,0
6.54852,-0.110250608,0
6.549125,-0.086610904,0
6.54973,-0.057829904,0
6.550335,-0.026320566,0
6.55094,0.005722479,0
6.551545,0.037458425,0
6.55215,0.068974963,0
6.552755,0.100854787,0
6.55336,0.134189212,0
6.553965,0.170015758,0
6.55457,0.20772843,0
6.555175,0.244225282,0
6.55578,0.275859385,0
6.556385,0.30182899,0
6.55699,0.324914453,0
6.557595,0.348444484,0
6.5582,0.37317761,0
6.558805,0.397373351,0
6.55941,0.419136035,0
6.560015,0.438054843,0.00E+00
6.56062,0.454770382,0
6.561225,0.469730393,0
6.56183,0.48285812,0
6.562435,0.494064315,0
6.56304,0.503429582,0
6.563645,0.510739462,0
6.56425,0.515325325,0
6.564855,0.516868546,0
6.56546,0.516126558,0
6.566065,0.514332099,0
6.56667,0.511965285,0
6.567275,0.508506607,0
6.56788,0.503443813,0
6.568485,0.497238256,0
6.56909,0.490963222,0
6.569695,0.485050097,0
6.5703,0.478842748,0
6.570905,0.471522841,0
6.57151,0.463082631,0
6.572115,0.454097953,0
6.57272,0.444850105,0
6.573325,0.435172902,0
6.57393,0.425120292,0
6.574535,0.41539719,0
6.57514,0.407035704,0
6.575745,0.400620964,0
6.57635,0.395645783,0
6.576955,0.390718814,0
6.57756,0.384776656,0
6.578165,0.378224453,0
6.57877,0.372766347,0
6.579375,0.369892636,0
6.57998,0.369174562,0
6.580585,0.368027707,0
6.58119,0.363876575,0
6.581795,0.35711643,0
6.5824,0.351355393,0
6.583005,0.349788484,0
6.58361,0.351573585,0
6.584215,0.353017868,0
6.58482,0.352465854,0
6.585425,0.352247991,0
6.58603,0.354865416,0
6.586635,0.359261363,0
6.58724,0.362730183,0
6.587845,0.364847364,0
6.58845,0.367099155,0
6.589055,0.369539675,0
6.58966,0.370354415,0
6.590265,0.368872191,0
6.59087,0.36702645,0
6.591475,0.367184763,0
6.59208,0.369853889,0
6.592685,0.373960069,0
6.59329,0.378136343,0
6.593895,0.381240404,0
6.5945,0.382692785,0
6.595105,0.383130877,0
6.59571,0.384264622,0
6.596315,0.38722235,0
6.59692,0.390896192,0
6.597525,0.392516171,0
6.59813,0.390329349,0
6.598735,0.385455821,0
6.59934,0.380620105,0
6.599945,0.377393735,0
6.60055,0.375467626,0
6.601155,0.374260543,0
6.60176,0.373942963,0
6.602365,0.374534518,0
6.60297,0.37496062,0
6.603575,0.373967658,0
6.60418,0.371823807,0
6.604785,0.370066835,0
6.60539,0.369189299,0
6.605995,0.367485763,0
6.6066,0.362859862,0
6.607205,0.355304343,0
6.60781,0.347055541,0
6.608415,0.340441101,0
6.60902,0.33597913,0
6.609625,0.332678775,0
6.61023,0.329651289,0
6.610835,0.326754495,0
6.61144,0.324012896,0
6.612045,0.321358506,0
6.61265,0.318913147,0
6.613255,0.316910332,0
6.61386,0.315330679,0
6.614465,0.313606937,0
6.61507,0.310474484,0
6.615675,0.304667002,0
6.61628,0.296475155,0
6.616885,0.288284095,0
6.61749,0.282817987,0
6.618095,0.280757662,0
6.6187,0.280455013,0
6.619305,0.279889218,0
6.61991,0.278267856,0
6.620515,0.27586373,0
6.62112,0.273434815,0
6.621725,0.271986792,0
6.62233,0.271869464,0
6.622935,0.271697037,0
6.62354,0.269231116,0
6.624145,0.263810082,0
6.62475,0.257103729,0
6.625355,0.251154053,0
6.62596,0.246507605,0
6.626565,0.24267009,0
6.62717,0.239448149,0
6.627775,0.236950946,0
6.62838,0.234784443,0
6.628985,0.232198764,0
6.62959,0.229000096,0
6.630195,0.225774343,0
6.6308,0.223013674,0
6.631405,0.21999635,0
6.63201,0.214862923,0
6.632615,0.206918574,0
6.63322,0.199076642,0
6.633825,0.195208289,0
6.63443,0.193129481,0
6.635035,0.18512592,0
6.63564,0.170143221,0
6.636245,0.159002693,0
6.63685,0.160307392,0
6.637455,0.167477793,0
6.63806,0.167527032,0
6.638665,0.15784608,0
6.63927,0.147202287,0
6.639875,0.1424985,0
6.64048,0.141080089,0
6.641085,0.137207005,0
6.64169,0.130786585,0
6.642295,0.125462646,0
6.6429,0.120854903,0
6.643505,0.112807172,0
6.64411,0.101979021,0
6.644715,0.095844231,0
6.64532,0.098529942,0
6.645925,0.10337125,0
6.64653,0.100151088,0
6.647135,0.087476775,0
6.64774,0.074139506,0
6.648345,0.068882592,0
6.64895,0.071889538,0
6.649555,0.07618522,0
6.65016,0.074690034,0
6.650765,0.065884067,0
6.65137,0.054425617,0
6.651975,0.046356074,0
6.65258,0.043338946,0
6.653185,0.042090497,0
6.65379,0.039281828,0
6.654395,0.035380007,0
6.655,0.032437524,0
6.655605,0.029848334,0
6.65621,0.025356715,0
6.656815,0.019837024,0
6.65742,0.01736377,0
6.658025,0.019062833,0
6.65863,0.019962212,0
6.659235,0.014763208,0
6.65984,0.004747372,0.00E+00
6.660445,-0.004159713,0
6.66105,-0.008972941,0
6.661655,-0.012184946,0
6.66226,-0.017054301,0
6.662865,-0.023575758,0
6.66347,-0.030402832,0
6.664075,-0.038193943,0
6.66468,-0.048423968,0
6.665285,-0.059854345,0
6.66589,-0.068970569,0
6.666495,-0.074748705,0
6.6671,-0.081324289,0
6.667705,-0.094384513,0
6.66831,-0.11535093,0
6.668915,-0.140199978,0
6.66952,-0.163754361,0
6.670125,-0.184125945,0
6.67073,-0.203041145,0
6.671335,-0.223224371,0
6.67194,-0.246337191,0
6.672545,-0.272488477,0
6.67315,-0.300217237,0
6.673755,-0.326826773,0
6.67436,-0.350068586,0
6.674965,-0.370726086,0
6.67557,-0.393247048,0
6.676175,-0.422480709,0
6.67678,-0.459127708,0
6.677385,-0.498765095,0
6.67799,-0.535596654,0
6.678595,-0.566863175,0
6.6792,-0.5935841,0
6.679805,-0.618053624,0
6.68041,-0.641778206,0
6.681015,-0.665324356,0
6.68162,-0.68817428,0
6.682225,-0.707707162,0
6.68283,-0.719927831,0
6.683435,-0.723667233,0
6.68404,-0.724030328,0
6.684645,-0.729315241,0
6.68525,-0.743278778,0
6.685855,-0.761291712,0
6.68646,-0.774739357,0
6.687065,-0.778558491,0
6.68767,-0.774194656,0
6.688275,-0.766596276,0
6.68888,-0.759805978,0
6.689485,-0.754747028,0
6.69009,-0.749045212,0
6.690695,-0.737965662,0
6.6913,-0.717153702,0
6.691905,-0.687198952,0
6.69251,-0.655978466,0
6.693115,-0.634086479,0
6.69372,-0.6259479,0
6.694325,-0.625756541,0
6.69493,-0.622976914,0
6.695535,-0.611397499,0
6.69614,-0.592394092,0
6.696745,-0.571073729,0
6.69735,-0.551543354,0
6.697955,-0.53530037,0
6.69856,-0.521219059,0
6.699165,-0.505537195,0
6.69977,-0.483418479,0
6.700375,-0.453410591,0
6.70098,-0.42128958,0
6.701585,-0.397540963,0
6.70219,-0.388914844,0
6.702795,-0.392185285,0
6.7034,-0.396856083,0
6.704005,-0.394191791,0
6.70461,-0.383384931,0
6.705215,-0.369716711,0
6.70582,-0.358740704,0
6.706425,-0.352554248,0
6.70703,-0.349206335,0
6.707635,-0.343898397,0
6.70824,-0.331863122,0
6.708845,-0.312401038,0
6.70945,-0.291228435,0
6.710055,-0.277859053,0
6.71066,-0.278783989,0
6.711265,-0.292197347,0
6.71187,-0.309323509,0
6.712475,-0.321242982,0
6.71308,-0.324921559,0
6.713685,-0.32335005,0
6.71429,-0.321372536,0
6.714895,-0.322250097,0
6.7155,-0.326429035,0
6.716105,-0.331094971,0
6.71671,-0.330993355,0
6.717315,-0.322226891,0
6.71792,-0.307305484,0
6.718525,-0.29557018,0
6.71913,-0.296196767,0
6.719735,-0.309957254,0
6.72034,-0.328537089,0
6.720945,-0.342153086,0
6.72155,-0.347326817,0
6.722155,-0.347406653,0
6.72276,-0.347447171,0
6.723365,-0.35012988,0
6.72397,-0.355223622,0
6.724575,-0.360312777,0
6.72518,-0.361397323,0
6.725785,-0.354886791,0
6.72639,-0.341617503,0
6.726995,-0.328773936,0
6.7276,-0.325416293,0
6.728205,-0.33482278,0
6.72881,-0.351574839,0
6.729415,-0.366418597,0
6.73002,-0.373734113,0
6.730625,-0.37427892,0
6.73123,-0.372019451,0
6.731835,-0.370091763,0
6.73244,-0.36955178,0
6.733045,-0.369842481,0
6.73365,-0.368886996,0
6.734255,-0.363468334,0
6.73486,-0.351985659,0
6.735465,-0.337852408,0
6.73607,-0.328283725,0
6.736675,-0.327978042,0
6.73728,-0.33454653,0
6.737885,-0.341103432,0
6.73849,-0.342689216,0
6.739095,-0.339126934,0
6.7397,-0.332622887,0
6.740305,-0.32483903,0
6.74091,-0.316578533,0
6.741515,-0.308268561,0
6.74212,-0.299040221,0
6.742725,-0.285929738,0
6.74333,-0.266201138,0
6.743935,-0.241414598,0
6.74454,-0.217658432,0
6.745145,-0.200248197,0
6.74575,-0.188595475,0
6.746355,-0.177068483,0
6.74696,-0.160398528,0
6.747565,-0.137443179,0
6.74817,-0.110342172,0
6.748775,-0.081623902,0
6.74938,-0.052576793,0
6.749985,-0.023370461,0
6.75059,0.006434686,0
6.751195,0.037822969,0
6.7518,0.071956198,0
6.752405,0.108745266,0
6.75301,0.145776471,0
6.753615,0.179727993,0
6.75422,0.209395697,0
6.754825,0.23672538,0
6.75543,0.264491291,0
6.756035,0.293571058,0
6.75664,0.322769991,0
6.757245,0.350494794,0
6.75785,0.375904205,0
6.758455,0.398794912,0
6.75906,0.41928541,0
6.759665,0.438025358,0
6.76027,0.45615161,0
6.760875,0.474172143,0
6.76148,0.490715491,0
6.762085,0.503095654,0
6.76269,0.509840232,0
6.763295,0.512379885,0
6.7639,0.513616568,0
6.764505,0.515159125,0
6.76511,0.516497392,0
6.765715,0.516389895,0
6.76632,0.514274949,0
6.766925,0.510374407,0
6.76753,0.505160658,0
6.768135,0.49921427,0
6.76874,0.493213667,0
6.769345,0.487394776,0
6.76995,0.481017019,0
6.770555,0.472876569,0
6.77116,0.46260834,0
6.771765,0.451260566,0
6.77237,0.44042479,0
6.772975,0.4310059,0
6.77358,0.422870536,0
6.774185,0.415388676,0
6.77479,0.408208806,0
6.775395,0.401552965,0
6.776,0.395747934,0
6.776605,0.390676906,0
6.77721,0.385909626,0
6.777815,0.381148934,0
6.77842,0.376331833,0
6.779025,0.371531267,0
6.77963,0.366886108,0
6.780235,0.362385444,0
6.78084,0.357903983,0
6.781445,0.353989743,0
6.78205,0.352210281,0
6.782655,0.35353237,0
6.78326,0.356327089,0
6.783865,0.357487516,0
6.78447,0.356309587,0
6.785075,0.355834955,0
6.78568,0.358885387,0
6.786285,0.363959752,0
6.78689,0.366962256,0
6.787495,0.36615817,0
6.7881,0.363481259,0
6.788705,0.361483579,0
6.78931,0.360965236,0
6.789915,0.3616762,0
6.79052,0.363561886,0
6.791125,0.366564375,0
6.79173,0.370271186,0
6.792335,0.37433481,0
6.79294,0.378552527,0
6.793545,0.382433275,0
6.79415,0.385385493,0
6.794755,0.387348167,0
6.79536,0.388605245,0
6.795965,0.388877484,0
6.79657,0.387268088,0
6.797175,0.383624518,0
6.79778,0.37962823,0
6.798385,0.377788215,0
6.79899,0.378972722,0
6.799595,0.381301541,0
6.8002,0.382097801,0
6.800805,0.380760691,0
6.80141,0.379057989,0
6.802015,0.378742261,0
6.80262,0.379580737,0
6.803225,0.379831903,0
6.80383,0.378041618,0
6.804435,0.373819155,0
6.80504,0.367321593,0
6.805645,0.359141782,0
6.80625,0.350837893,0
6.806855,0.344483956,0
6.80746,0.341048593,0
6.808065,0.339484177,0
6.80867,0.33772261,0
6.809275,0.334603129,0
6.80988,0.330760528,0
6.810485,0.327640223,0
6.81109,0.325953664,0
6.811695,0.325198271,0
6.8123,0.324029979,0
6.812905,0.320848025,0
6.81351,0.314934765,0
6.814115,0.307447379,0
6.81472,0.300605372,0
6.815325,0.295772921,0
6.81593,0.292812759,0
6.816535,0.291019507,0
6.81714,0.289903522,0
6.817745,0.28901834,0
6.81835,0.287817808,0
6.818955,0.286190937,0
6.81956,0.28463445,0
6.820165,0.28343031,0
6.82077,0.28205862,0
6.821375,0.279616545,0
6.82198,0.275361069,0
6.822585,0.269033028,0
6.82319,0.261480851,0
6.823795,0.254801744,0
6.8244,0.250783684,0
6.825005,0.249001188,0
6.82561,0.247266808,0
6.826215,0.244159101,0
6.82682,0.240349189,0
6.827425,0.237245114,0
6.82803,0.235223114,0
6.828635,0.233618271,0
6.82924,0.231625961,0
6.829845,0.228582748,0
6.83045,0.223839695,0
6.831055,0.216931633,0
6.83166,0.208031011,0
6.832265,0.198749613,0
6.83287,0.192646043,0
6.833475,0.192498068,0
6.83408,0.194598301,0
6.834685,0.189701592,0
6.83529,0.175305086,0
6.835895,0.162344602,0
6.8365,0.161781235,0
6.837105,0.169198887,0
6.83771,0.171070549,0
6.838315,0.162399083,0
6.83892,0.15034105,0
6.839525,0.142163129,0
6.84013,0.136755991,0
6.840735,0.129890848,0
6.84134,0.122512046,0
6.841945,0.118725156,0
6.84255,0.117517525,0
6.843155,0.112712746,0
6.84376,0.102817292,0
6.844365,0.095211327,0
6.84497,0.09629304,0
6.845575,0.101561421,0
6.84618,0.100642184,0
6.846785,0.090242491,0
6.84739,0.077550707,0
6.847995,0.070987791,0
6.8486,0.071385778,0
6.849205,0.073053972,0
6.84981,0.070449113,0
6.850415,0.062728599,0
6.85102,0.053613659,0
6.851625,0.047498307,0
6.85223,0.045209433,0
6.852835,0.043715087,0
6.85344,0.040127816,0
6.854045,0.035201704,0
6.85465,0.031788979,0
6.855255,0.030343266,0
6.85586,0.028098604,0
6.856465,0.023346069,0
6.85707,0.018201118,0
6.857675,0.015187841,0
6.85828,0.012888823,0
6.858885,0.007881554,0
6.85949,7.71E-05,0
6.860095,-0.006888158,0
6.8607,-0.010626065,0
6.861305,-0.013015715,0
6.86191,-0.017493331,0
6.862515,-0.024812951,0
6.86312,-0.032669159,0
6.863725,-0.038827089,0
6.86433,-0.043597966,0
6.864935,-0.049424853,0
6.86554,-0.058665896,0
6.866145,-0.071919772,0
6.86675,-0.088200148,0
6.867355,-0.10615384,0
6.86796,-0.124737535,0
6.868565,-0.143143065,0
6.86917,-0.161067844,0
6.869775,-0.179471555,0
6.87038,-0.200295713,0
6.870985,-0.224503867,0
6.87159,-0.250327398,0
6.872195,-0.274197736,0
6.8728,-0.294407195,0
6.873405,-0.313945732,0
6.87401,-0.338576879,0
6.874615,-0.371289087,0
6.87522,-0.409128948,0
6.875825,-0.446132666,0
6.87643,-0.478861645,0
6.877035,-0.50823492,0
6.87764,-0.536759921,0
6.878245,-0.565718618,0
6.87885,-0.59485236,0
6.879455,-0.622770549,0
6.88006,-0.646776894,0
6.880665,-0.663742738,0
6.88127,-0.673242424,0
6.881875,-0.679993354,0
6.88248,-0.691276314,0
6.883085,-0.710611657,0
6.88369,-0.734394223,0
6.884295,-0.75525525,0
6.8849,-0.76828508,0
6.885505,-0.773626141,0
6.88611,-0.774182982,0
6.886715,-0.772665759,0
6.88732,-0.770714513,0
6.887925,-0.768606674,0
6.88853,-0.764225616,0
6.889135,-0.753302028,0
6.88974,-0.733203741,0
6.890345,-0.70756209,0
6.89095,-0.685445203,0
6.891555,-0.673997314,0
6.89216,-0.671871486,0
6.892765,-0.67063238,0
6.89337,-0.662428883,0
6.893975,-0.645783876,0
6.89458,-0.624768043,0
6.895185,-0.604444284,0
6.89579,-0.587422931,0
6.896395,-0.572844514,0
6.897,-0.556766508,0
6.897605,-0.533998129,0
6.89821,-0.502340978,0
6.898815,-0.466905213,0
6.89942,-0.43864303,0
6.900025,-0.42589238,0
6.90063,-0.426786898,0
6.901235,-0.430909091,0
6.90184,-0.428575395,0
6.902445,-0.417801882,0
6.90305,-0.402855066,0
6.903655,-0.388694911,0
6.90426,-0.377977912,0
6.904865,-0.370915879,0
6.90547,-0.365059366,0
6.906075,-0.355276335,0
6.90668,-0.336937964,0
6.907285,-0.311996374,0
6.90789,-0.291014626,0
6.908495,-0.285503215,0
6.9091,-0.296790766,0
6.909705,-0.314149252,0
6.91031,-0.324914706,0
6.910915,-0.325287771,0
6.91152,-0.320681345,0
6.912125,-0.317903881,0
6.91273,-0.319425883,0
6.913335,-0.323657785,0
6.91394,-0.327175525,0
6.914545,-0.325859435,0
6.91515,-0.316604128,0
6.915755,-0.300975886,0
6.91636,-0.287055052,0
6.916965,-0.284702657,0
6.91757,-0.297084194,0
6.918175,-0.317361712,0
6.91878,-0.334575915,0
6.919385,-0.342628088,0
6.91999,-0.34334828,0
6.920595,-0.342307873,0
6.9212,-0.343611216,0
6.921805,-0.348083229,0
6.92241,-0.353804651,0
6.923015,-0.356980974,0
6.92362,-0.353618324,0
6.924225,-0.343103413,0
6.92483,-0.331004838,0
6.925435,-0.326212963,0
6.92604,-0.33336684,0
6.926645,-0.348368689,0
6.92725,-0.362229234,0
6.927855,-0.369098569,0
6.92846,-0.36984512,0
6.929065,-0.368770396,0
6.92967,-0.369020047,0
6.930275,-0.371203001,0
6.93088,-0.374015255,0
6.931485,-0.374566321,0
6.93209,-0.369160194,0
6.932695,-0.356369452,0
6.9333,-0.340400114,0
6.933905,-0.329625455,0
6.93451,-0.329863724,0
6.935115,-0.339080184,0
6.93572,-0.34929634,0
6.936325,-0.353595715,0
6.93693,-0.350953029,0
6.937535,-0.344966819,0
6.93814,-0.339486741,0
6.938745,-0.335849795,0
6.93935,-0.332927774,0
6.939955,-0.328327691,0
6.94056,-0.319369279,0
6.941165,-0.304358517,0
6.94177,-0.284596638,0
6.942375,-0.264921767,0
6.94298,-0.250501933,0
6.943585,-0.24205345,0
6.94419,-0.234776983,0
6.944795,-0.222777192,0
6.9454,-0.204133651,0
6.946005,-0.181188833,0
6.94661,-0.156961776,0
6.947215,-0.132545787,0
6.94782,-0.107489751,0
6.948425,-0.081047605,0
6.94903,-0.052199969,0
6.949635,-0.019491617,0
6.95024,0.017403183,0
6.950845,0.055793224,0
6.95145,0.091102882,0
6.952055,0.120842471,0
6.95266,0.146982003,0
6.953265,0.173788561,0
6.95387,0.203699298,0
6.954475,0.235753886,0
6.95508,0.267463915,0
6.955685,0.297287956,0
6.95629,0.325173343,0
6.956895,0.351486908,0
6.9575,0.376309653,0
6.958105,0.399734597,0
6.95871,0.422002146,0
6.959315,0.442833865,0.00E+00
6.95992,0.460996059,0
6.960525,0.475195292,0
6.96113,0.48550495,0
6.961735,0.493432892,0
6.96234,0.500459392,0
6.962945,0.506820042,0
6.96355,0.511732181,0
6.964155,0.514513798,0
6.96476,0.515284553,0
6.965365,0.514633813,0
6.96597,0.512888468,0
6.966575,0.509902119,0
6.96718,0.50547026,0
6.967785,0.49972982,0
6.96839,0.493005366,0
6.968995,0.485387029,0
6.9696,0.476732492,0
6.970205,0.467130609,0
6.97081,0.457219656,0
6.971415,0.447938692,0
6.97202,0.43987457,0
6.972625,0.432786504,0
6.97323,0.425794188,0
6.973835,0.418176144,0
6.97444,0.410158089,0
6.975045,0.402845083,0
6.97565,0.397075681,0
6.976255,0.392253853,0
6.97686,0.386616957,0
6.977465,0.37902795,0
6.97807,0.370520286,0
6.978675,0.363678246,0
6.97928,0.360134966,0
6.979885,0.358850376,0
6.98049,0.357396049,0
6.981095,0.355033525,0
6.9817,0.353722078,0
6.982305,0.355354066,0
6.98291,0.358681448,0
6.983515,0.360463518,0
6.98412,0.359717012,0
6.984725,0.35899212,0
6.98533,0.360408511,0
6.985935,0.362286038,0
6.98654,0.361756981,0
6.987145,0.359376685,0
6.98775,0.358603225,0
6.988355,0.361210718,0
6.98896,0.365463939,0
6.989565,0.368879299,0
6.99017,0.370883345,0
6.990775,0.372278645,0
6.99138,0.373804693,0
6.991985,0.376040598,0
6.99259,0.379295264,0
6.993195,0.382653511,0
6.9938,0.384081394,0
6.994405,0.382395334,0
6.99501,0.378875048,0
6.995615,0.376276433,0
6.99622,0.376112109,0
6.996825,0.377422659,0
6.99743,0.378509132,0
6.998035,0.379131011,0
6.99864,0.380096495,0
6.999245,0.381264796,0
6.99985,0.381546036,0
7.000455,0.380946953,0
7.00106,0.38091244,0
7.001665,0.381919563,0
7.00227,0.381910568,0
7.002875,0.378249134,0
7.00348,0.37098665,0
7.004085,0.363161711,0
7.00469,0.35763625,0
7.005295,0.354566661,0
7.0059,0.352322255,0
7.006505,0.349846552,0
7.00711,0.347335895,0
7.007715,0.345083958,0
7.00832,0.342629958,0
7.008925,0.339504405,0
7.00953,0.336226313,0
7.010135,0.333528222,0
7.01074,0.3307156,0
7.011345,0.325984417,0
7.01195,0.318620178,0
7.012555,0.310109614,0
7.01316,0.3029863,0
7.013765,0.29889703,0
7.01437,0.297452886,0
7.014975,0.296694634,0
7.01558,0.29493653,0
7.016185,0.292231204,0
7.01679,0.289960274,0
7.017395,0.289183903,0
7.018,0.28958492,0
7.018605,0.289803725,0
7.01921,0.288284692,0
7.019815,0.283916075,0
7.02042,0.276873879,0
7.021025,0.26918033,0
7.02163,0.263404921,0
7.022235,0.260303214,0
7.02284,0.258498387,0
7.023445,0.256602812,0
7.02405,0.254534637,0
7.024655,0.25249188,0
7.02526,0.249983782,0
7.025865,0.24674589,0
7.02647,0.243681402,0
7.027075,0.241712388,0
7.02768,0.24002579,0
7.028285,0.236509114,0
7.02889,0.230032468,0
7.029495,0.221746797,0
7.0301,0.213978103,0
7.030705,0.207957942,0
7.03131,0.202820864,0
7.031915,0.197472504,0
7.03252,0.193474658,0
7.033125,0.193526918,0
7.03373,0.195063423,0
7.034335,0.18999416,0
7.03494,0.176370381,0
7.035545,0.164874469,0
7.03615,0.165489816,0
7.036755,0.172644617,0
7.03736,0.172251245,0
7.037965,0.159985602,0
7.03857,0.144901861,0
7.039175,0.136185446,0
7.03978,0.133065675,0
7.040385,0.129792964,0
7.04099,0.125218698,0
7.041595,0.122265431,0
7.0422,0.120228987,0
7.042805,0.114288434,0
7.04341,0.10424628,0
7.044015,0.097639994,0
7.04462,0.099757168,0
7.045225,0.104750743,0
7.04583,0.101801373,0
7.046435,0.088304522,0
7.04704,0.072731148,0
7.047645,0.064637395,0
7.04825,0.06528172,0
7.048855,0.068573439,0
7.04946,0.068084201,0
7.050065,0.062113878,0
7.05067,0.053906186,0
7.051275,0.047854434,0
7.05188,0.045198523,0
7.052485,0.043570497,0
7.05309,0.040730317,0
7.053695,0.037538436,0
7.0543,0.035805362,0
7.054905,0.034240121,0
7.05551,0.029479543,0
7.056115,0.021472197,0
7.05672,0.014762694,0
7.057325,0.012638231,0
7.05793,0.012345598,0
7.058535,0.008789228,0
7.05914,0.001308692,0
7.059745,-0.006257963,0
7.06035,-0.011263778,0
7.060955,-0.014881929,0
7.06156,-0.018919292,0
7.062165,-0.023020123,0
7.06277,-0.026821186,0
7.063375,-0.032702384,0
7.06398,-0.043573581,0
7.064585,-0.058623843,0
7.06519,-0.073616247,0
7.065795,-0.085625699,0
7.0664,-0.096049869,0
7.067005,-0.108593734,0
7.06761,-0.125406245,0
7.068215,-0.145625831,0
7.06882,-0.166693024,0
7.069425,-0.18621679,0
7.07003,-0.202991802,0
7.070635,-0.217659515,0
7.07124,-0.233341099,0
7.071845,-0.254584221,0
7.07245,-0.283934456,0
7.073055,-0.31939121,0
7.07366,-0.356057707,0
7.074265,-0.390170194,0
7.07487,-0.42101933,0
7.075475,-0.449891428,0
7.07608,-0.478607495,0
7.076685,-0.508649454,0
7.07729,-0.540040047,0
7.077895,-0.570421119,0
7.0785,-0.595865078,0
7.079105,-0.613989124,0
7.07971,-0.627297429,0
7.080315,-0.642575126,0
7.08092,-0.665223071,0
7.081525,-0.693854639,0
7.08213,-0.72130801,0
7.082735,-0.741100523,0
7.08334,-0.752258326,0
7.083945,-0.758344154,0
7.08455,-0.763469364,0
7.085155,-0.76949379,0
7.08576,-0.77526571,0
7.086365,-0.777099877,0
7.08697,-0.770625382,0
7.087575,-0.754378522,0
7.08818,-0.732949584,0
7.088785,-0.715360642,0
7.08939,-0.708208666,0
7.089995,-0.709810096,0
7.0906,-0.711720481,0
7.091205,-0.706256809,0
7.09181,-0.692171415,0
7.092415,-0.673501849,0
7.09302,-0.654778708,0
7.093625,-0.638177355,0
7.09423,-0.623451716,0
7.094835,-0.608172715,0
7.09544,-0.588040069,0
7.096045,-0.559730419,0
7.09665,-0.525687853,0
7.097255,-0.494964257,0
7.09786,-0.476695031,0
7.098465,-0.471959419,0
7.09907,-0.472822667,0
7.099675,-0.4695472,0
7.10028,-0.458158378,0
7.100885,-0.44143482,0
7.10149,-0.424616738,0
7.102095,-0.411280181,0
7.1027,-0.401714859,0
7.103305,-0.392931184,0
7.10391,-0.379899404,0
7.104515,-0.358928361,0
7.10512,-0.332300085,0
7.105725,-0.309139131,0
7.10633,-0.299014324,0
7.106935,-0.30370326,0
7.10754,-0.316070697,0
7.108145,-0.326722545,0
7.10875,-0.330735237,0
7.109355,-0.328701119,0
7.10996,-0.323923924,0
7.110565,-0.320122569,0
7.11117,-0.319987084,0
7.111775,-0.323093301,0
7.11238,-0.324772453,0
7.112985,-0.318935484,0
7.11359,-0.304313177,0
7.114195,-0.28825648,0
7.1148,-0.282155808,0
7.115405,-0.29137876,0
7.11601,-0.310257894,0
7.116615,-0.32757834,0
7.11722,-0.336288956,0
7.117825,-0.337430127,0
7.11843,-0.336235244,0
7.119035,-0.336805153,0
7.11964,-0.340296461,0
7.120245,-0.345407341,0
7.12085,-0.348742759,0
7.121455,-0.34585711,0
7.12206,-0.334932654,0
7.122665,-0.320796887,0
7.12327,-0.313318142,0
7.123875,-0.319451842,0
7.12448,-0.336719363,0
7.125085,-0.355325959,0
7.12569,-0.366679893,0
7.126295,-0.369345196,0
7.1269,-0.36756534,0
7.127505,-0.366269349,0
7.12811,-0.367996034,0
7.128715,-0.372385975,0
7.12932,-0.376554725,0
7.129925,-0.376107166,0
7.13053,-0.367910574,0
7.131135,-0.35386737,0
7.13174,-0.341436007,0
7.132345,-0.338298519,0
7.13295,-0.345532127,0
7.133555,-0.356587752,0
7.13416,-0.363421399,0
7.134765,-0.363048332,0
7.13537,-0.357980555,0
7.135975,-0.352050204,0
7.13658,-0.347413254,0
7.137185,-0.344520375,0
7.13779,-0.342434159,0
7.138395,-0.338207574,0
7.139,-0.327860878,0
7.139605,-0.310498723,0
7.14021,-0.291248177,0
7.140815,-0.277774322,0
7.14142,-0.272921011,0
7.142025,-0.271905859,0
7.14263,-0.267364416,0
7.143235,-0.255933817,0
7.14384,-0.239186681,0
7.144445,-0.219943265,0
7.14505,-0.199641373,0
7.145655,-0.17857166,0
7.14626,-0.156580521,0
7.146865,-0.132740324,0
7.14747,-0.105262342,0
7.148075,-0.0731335,0
7.14868,-0.038181982,0
7.149285,-0.00454782,0
7.14989,0.024825102,0
7.150495,0.051002806,0
7.1511,0.077803145,0
7.151705,0.107932081,0
7.15231,0.140961295,0
7.152915,0.174767499,0
7.15352,0.207806519,0
7.154125,0.23959474,0
7.15473,0.269959506,0
7.155335,0.298977438,0
7.15594,0.32753679,0
7.156545,0.356787316,0
7.15715,0.386297013,0
7.157755,0.413278694,0
7.15836,0.434683071,0
7.158965,0.450214814,0
7.15957,0.462541613,0
7.160175,0.474411071,0
7.16078,0.486266509,0
7.161385,0.496746866,0
7.16199,0.504689294,0
7.162595,0.510119769,0
7.1632,0.513667774,0
7.163805,0.515772973,0
7.16441,0.516655503,0
7.165015,0.51648134,0
7.16562,0.515048444,0
7.166225,0.511535402,0
7.16683,0.505225824,0
7.167435,0.496716057,0
7.16804,0.487833812,0
7.168645,0.479909962,0
7.16925,0.472561498,0
7.169855,0.464600812,0
7.17046,0.455726357,0
7.171065,0.446826536,0
7.17167,0.438845615,0
7.172275,0.431807225,0
7.17288,0.42497886,0
7.173485,0.417757094,0
7.17409,0.410226935,0
7.174695,0.402791341,0
7.1753,0.395451837,0
7.175905,0.387874979,0
7.17651,0.380199657,0
7.177115,0.373350689,0
7.17772,0.368375195,0
7.178325,0.36557591,0
7.17893,0.364161877,0
7.179535,0.362654607,0
7.18014,0.360113505,0
7.180745,0.357406252,0
7.18135,0.356752793,0
7.181955,0.35906346,0
7.18256,0.361889753,0
7.183165,0.361426966,0
7.18377,0.357119473,0
7.184375,0.352748179,0
7.18498,0.351846435,0
7.185585,0.353739795,0
7.18619,0.355679477,0
7.186795,0.357075023,0
7.1874,0.359420615,0
7.188005,0.363137311,0
7.18861,0.366790702,0
7.189215,0.369368626,0
7.18982,0.371561114,0
7.190425,0.37434516,0
7.19103,0.377459239,0
7.191635,0.379670986,0
7.19224,0.379924841,0
7.192845,0.378216928,0
7.19345,0.375823497,0
7.194055,0.374639209,0
7.19466,0.375859843,0
7.195265,0.378984005,0
7.19587,0.382122967,0
7.196475,0.383598252,0
7.19708,0.383489352,0
7.197685,0.383470644,0
7.19829,0.384800542,0
7.198895,0.386701983,0
7.1995,0.387212967,0
7.200105,0.385270144,0
7.20071,0.381343393,0
7.201315,0.376408344,0
7.20192,0.371098993,0
7.202525,0.365993815,0
7.20313,0.362031153,0
7.203735,0.359815786,0
7.20434,0.358641537,0
7.204945,0.357005192,0
7.20555,0.35423022,0
7.206155,0.351147123,0
7.20676,0.349065805,0
7.207365,0.348198588,0
7.20797,0.347130088,0
7.208575,0.34393646,0
7.20918,0.337881372,0
7.209785,0.329972518,0
7.21039,0.32212277,0
7.210995,0.316003902,0
7.2116,0.312192122,0
7.212205,0.309953044,0
7.21281,0.308151607,0
7.213415,0.306332486,0
7.21402,0.304526762,0
7.214625,0.302564226,0
7.21523,0.300358715,0
7.215835,0.298472841,0
7.21644,0.297483211,0
7.217045,0.296677144,0
7.21765,0.294167166,0
7.218255,0.288798453,0
7.21886,0.281459192,0
7.219465,0.274229654,0
7.22007,0.26883184,0
7.220675,0.265898905,0
7.22128,0.264771932,0
7.221885,0.263816584,0
7.22249,0.261795092,0
7.223095,0.259106855,0
7.2237,0.257042462,0
7.224305,0.255888008,0
7.22491,0.254506296,0
7.225515,0.251746483,0
7.22612,0.247465508,0
7.226725,0.242069713,0
7.22733,0.235917689,0
7.227935,0.229552651,0
7.22854,0.223862815,0
7.229145,0.219492728,0
7.22975,0.216194204,0
7.230355,0.212768603,0
7.23096,0.207850485,0
7.231565,0.201797419,0
7.23217,0.19785544,0
7.232775,0.1985236,0
7.23338,0.199423592,0
7.233985,0.192177196,0
7.23459,0.176978625,0
7.235195,0.165154062,0
7.2358,0.163926708,0
7.236405,0.166201656,0
7.23701,0.161287556,0
7.237615,0.149311321,0
7.23822,0.139010431,0
7.238825,0.134944069,0
7.23943,0.133056501,0
7.240035,0.128770466,0
7.24064,0.123783996,0
7.241245,0.121609747,0
7.24185,0.120141165,0
7.242455,0.114260147,0
7.24306,0.105035145,0
7.243665,0.099832831,0
7.24427,0.101404762,0
7.244875,0.102584626,0
7.24548,0.095272908,0
7.246085,0.081094274,0
7.24669,0.069437612,0
7.247295,0.066547647,0
7.2479,0.069874564,0
7.248505,0.072352236,0
7.24911,0.069246753,0
7.249715,0.061232989,0
7.25032,0.052928563,0
7.250925,0.048462628,0
7.25153,0.047664503,0
7.252135,0.046681139,0
7.25274,0.042588138,0
7.253345,0.036576527,0
7.25395,0.031508246,0
7.254555,0.027536202,0
7.25516,0.022623366,0
7.255765,0.016921275,0
7.25637,0.013379262,0
7.256975,0.012914532,0
7.25758,0.011880307,0
7.258185,0.006636489,0
7.25879,-0.001220425,0
7.259395,-0.00665668,0
7.26,-0.007493543,0
7.260605,-0.006932606,0
7.26121,-0.009683425,0
7.261815,-0.01721159,0
7.26242,-0.027692494,0
7.263025,-0.039172231,0
7.26363,-0.050976984,0
7.264235,-0.062551331,0
7.26484,-0.072953908,0
7.265445,-0.082392366,0
7.26605,-0.093247465,0
7.266655,-0.10828541,0
7.26726,-0.127525552,0
7.267865,-0.147292756,0
7.26847,-0.163321948,0
7.269075,-0.175570573,0
7.26968,-0.189352829,0
7.270285,-0.210577095,0
7.27089,-0.239975896,0
7.271495,-0.272831972,0
7.2721,-0.304042098,0
7.272705,-0.33231687,0
7.27331,-0.359665693,0
7.273915,-0.388409909,0
7.27452,-0.41936324,0
7.275125,-0.451853411,0
7.27573,-0.484006894,0
7.276335,-0.512732632,0
7.27694,-0.535306826,0
7.277545,-0.552892311,0
7.27815,-0.571492564,0
7.278755,-0.597107237,0
7.27936,-0.629734184,0
7.279965,-0.663347987,0
7.28057,-0.691608988,0
7.281175,-0.712415995,0
7.28178,-0.727395955,0
7.282385,-0.739142493,0
7.28299,-0.749732101,0
7.283595,-0.760219718,0
7.2842,-0.769549277,0
7.284805,-0.77385081,0
7.28541,-0.768905814,0
7.286015,-0.755300663,0
7.28662,-0.740478263,0
7.287225,-0.7334193,0
7.28783,-0.736416076,0
7.288435,-0.742919649,0
7.28904,-0.743849995,0
7.289645,-0.735197096,0
7.29025,-0.719477966,0
7.290855,-0.701787158,0
7.29146,-0.685866534,0
7.292065,-0.672519946,0
7.29267,-0.659220305,0
7.293275,-0.64084947,0
7.29388,-0.613193309,0
7.294485,-0.578065596,0
7.29509,-0.544585457,0
7.295695,-0.523099654,0
7.2963,-0.516450365,0
7.296905,-0.517417025,0
7.29751,-0.515169344,0
7.298115,-0.504078127,0
7.29872,-0.486330363,0
7.299325,-0.467568095,0
7.29993,-0.451817979,0
7.300535,-0.439916157,0
7.30114,-0.429934675,0
7.301745,-0.41753143,0
7.30235,-0.397775037,0
7.302955,-0.37007641,0
7.30356,-0.341908264,0
7.304165,-0.324765453,0
7.30477,-0.324306284,0
7.305375,-0.334806074,0
7.30598,-0.344088679,0
7.306585,-0.344095061,0
7.30719,-0.336508694,0
7.307795,-0.328603433,0
7.3084,-0.32535617,0
7.309005,-0.326264168,0
7.30961,-0.327662192,0
7.310215,-0.32559043,0
7.31082,-0.316935292,0
7.311425,-0.301339747,0
7.31203,-0.284145974,0
7.312635,-0.275087257,0
7.31324,-0.280833549,0
7.313845,-0.298576118,0
7.31445,-0.31804374,0
7.315055,-0.330072605,0
7.31566,-0.333016618,0
7.316265,-0.33155558,0
7.31687,-0.331157936,0
7.317475,-0.334276164,0
7.31808,-0.339845771,0
7.318685,-0.344214763,0
7.31929,-0.342730068,0
7.319895,-0.333043385,0
7.3205,-0.318964197,0
7.321105,-0.309807267,0
7.32171,-0.313324167,0
7.322315,-0.328628111,0
7.32292,-0.346880648,0
7.323525,-0.359186783,0
7.32413,-0.363286962,0
7.324735,-0.362870962,0
7.32534,-0.362384897,0
7.325945,-0.363731744,0
7.32655,-0.366531628,0
7.327155,-0.369150458,0
7.32776,-0.368719752,0
7.328365,-0.362160454,0
7.32897,-0.349869753,0
7.329575,-0.338070324,0
7.33018,-0.334824999,0
7.330785,-0.342557934,0
7.33139,-0.355490834,0
7.331995,-0.365125516,0
7.3326,-0.367457495,0
7.333205,-0.364426945,0
7.33381,-0.360060899,0
7.334415,-0.356897554,0
7.33502,-0.355255599,0
7.335625,-0.35386167,0
7.33623,-0.35033955,0
7.336835,-0.342177998,0
7.33744,-0.32909176,0
7.338045,-0.314817695,0
7.33865,-0.305085189,0
7.339255,-0.302575687,0
7.33986,-0.30410685,0
7.340465,-0.303399643,0
7.34107,-0.296416872,0
7.341675,-0.283676556,0
7.34228,-0.268221022,0
7.342885,-0.252458199,0
7.34349,-0.236783861,0
7.344095,-0.220153412,0
7.3447,-0.200974524,0
7.345305,-0.177444804,0
7.34591,-0.148534015,0
7.346515,-0.115946224,0
7.34712,-0.084284561,0
7.347725,-0.057566039,0
7.34833,-0.035340755,0
7.348935,-0.01317216,0
7.34954,0.013023897,0
7.350145,0.043892342,0
7.35075,0.077431577,0
7.351355,0.11139277,0
7.35196,0.144533827,0
7.352565,0.17656022,0
7.35317,0.20781431,0
7.353775,0.23907604,0
7.35438,0.271062664,0
7.354985,0.30349966,0
7.35559,0.334605232,0
7.356195,0.362058886,0
7.3568,0.384958736,0.00E+00
7.357405,0.404594237,0
7.35801,0.423025614,0
7.358615,0.441188582,0
7.35922,0.458489896,0
7.359825,0.473766609,0
7.36043,0.486274872,0
7.361035,0.495962043,0
7.36164,0.503271827,0
7.362245,0.508928169,0
7.36285,0.513676542,0
7.363455,0.517786769,0
7.36406,0.520578921,0
7.364665,0.520695238,0
7.36527,0.517269762,0
7.365875,0.510857462,0
7.36648,0.503106409,0
7.367085,0.49567611,0
7.36769,0.489323835,0
7.368295,0.483513043,0
7.3689,0.476868339,0
7.369505,0.468425381,0
7.37011,0.45861037,0
7.370715,0.448932765,0
7.37132,0.440647932,0
7.371925,0.433605876,0
7.37253,0.426335434,0
7.373135,0.417419598,0
7.37374,0.407027638,0
7.374345,0.396980273,0
7.37495,0.389033643,0
7.375555,0.383268806,0
7.37616,0.378439491,0
7.376765,0.373620028,0
7.37737,0.369116309,0
7.377975,0.365829021,0
7.37858,0.364001344,0
7.379185,0.362798207,0
7.37979,0.361239976,0
7.380395,0.359406109,0
7.381,0.358248249,0
7.381605,0.357942204,0
7.38221,0.356974003,0
7.382815,0.35389353,0
7.38342,0.350024689,0
7.384025,0.348904897,0
7.38463,0.352090714,0
7.385235,0.356978233,0
7.38584,0.360105421,0
7.386445,0.361227347,0
7.38705,0.362660946,0
7.387655,0.3658132,0
7.38826,0.369964304,0
7.388865,0.373708224,0
7.38947,0.375924421,0
7.390075,0.375733477,0
7.39068,0.373291327,0
7.391285,0.370639463,0
7.39189,0.370237795,0
7.392495,0.372446174,0
7.3931,0.375443133,0
7.393705,0.377673608,0
7.39431,0.379417373,0
7.394915,0.381625913,0
7.39552,0.38417781,0
7.396125,0.38619658,0
7.39673,0.387612537,0
7.397335,0.38916434,0
7.39794,0.39051859,0
7.398545,0.389594081,0
7.39915,0.384953208,0
7.399755,0.378277562,0
7.40036,0.373179458,0
7.400965,0.371554639,0
7.40157,0.371906316,0
7.402175,0.371463406,0
7.40278,0.369283012,0
7.403385,0.366575253,0
7.40399,0.364482387,0
7.404595,0.36280167,0
7.4052,0.360942539,0
7.405805,0.358851269,0
7.40641,0.356307567,0
7.407015,0.35208049,0
7.40762,0.344875534,0
7.408225,0.33528692,0
7.40883,0.326062617,0
7.409435,0.319814757,0
7.41004,0.316791765,0
7.410645,0.315326522,0
7.41125,0.313794918,0
7.411855,0.311580981,0
7.41246,0.309002097,0
7.413065,0.306964169,0
7.41367,0.306112219,0
7.414275,0.305894957,0
7.41488,0.304701602,0
7.415485,0.301157268,0
7.41609,0.295351162,0
7.416695,0.288766057,0
7.4173,0.283104462,0
7.417905,0.279224368,0
7.41851,0.276781102,0
7.419115,0.274683371,0
7.41972,0.272270126,0
7.420325,0.269978134,0
7.42093,0.268411169,0
7.421535,0.26718948,0
7.42214,0.265560282,0
7.422745,0.263682288,0
7.42335,0.262013648,0
7.423955,0.259578099,0
7.42456,0.254408463,0
7.425165,0.246238741,0
7.42577,0.23759236,0
7.426375,0.231378111,0
7.42698,0.228061658,0
7.427585,0.225876197,0
7.42819,0.22318221,0
7.428795,0.219801834,0
7.4294,0.216305172,0
7.430005,0.212671094,0
7.43061,0.208138559,0
7.431215,0.202973596,0
7.43182,0.199899372,0
7.432425,0.200802139,0
7.43303,0.200781112,0
7.433635,0.191097016,0
7.43424,0.172447509,0
7.434845,0.158290957,0
7.43545,0.158201209,0
7.436055,0.164815619,0
7.43666,0.164374431,0
7.437265,0.154294341,0
7.43787,0.143395048,0
7.438475,0.138178162,0
7.43908,0.135913282,0
7.439685,0.131838186,0
7.44029,0.127066793,0
7.440895,0.12497935,0
7.4415,0.123145112,0
7.442105,0.115422768,0
7.44271,0.102482215,0
7.443315,0.093509488,0
7.44392,0.094119163,0
7.444525,0.097828551,0
7.44513,0.094053328,0
7.445735,0.081529241,0
7.44634,0.069328944,0
7.446945,0.065563927,0
7.44755,0.069055739,0
7.448155,0.072422446,0
7.44876,0.070180395,0
7.449365,0.062956974,0
7.44997,0.055441691,0
7.450575,0.051078436,0
7.45118,0.048889108,0
7.451785,0.045478785,0
7.45239,0.039529384,0
7.452995,0.033374206,0
7.4536,0.029669987,0
7.454205,0.027560919,0
7.45481,0.023987887,0
7.455415,0.018506107,0
7.45602,0.014160242,0
7.456625,0.012710271,0
7.45723,0.011738925,0
7.457835,0.008332357,0
7.45844,0.003213964,0.00E+00
7.459045,-0.001134072,0
7.45965,-0.004753364,0
7.460255,-0.010098617,0
7.46086,-0.018227841,0
7.461465,-0.02730452,0
7.46207,-0.035300116,0
7.462675,-0.04260187,0
7.46328,-0.051082316,0
7.463885,-0.061566368,0
7.46449,-0.073229093,0
7.465095,-0.084990383,0
7.4657,-0.096396872,0
7.466305,-0.107405636,0
7.46691,-0.118693129,0
7.467515,-0.132333565,0
7.46812,-0.150828138,0
7.468725,-0.174715395,0
7.46933,-0.201665421,0
7.469935,-0.228459884,0
7.47054,-0.253674808,0
7.471145,-0.278258995,0
7.47175,-0.303977238,0
7.472355,-0.331833725,0
7.47296,-0.361766918,0
7.473565,-0.392782162,0
7.47417,-0.422702729,0
7.474775,-0.448961239,0
7.47538,-0.471326409,0
7.475985,-0.493556594,0
7.47659,-0.520736238,0
7.477195,-0.554324962,0
7.4778,-0.590351933,0
7.478405,-0.622810195,0
7.47901,-0.648536944,0
7.479615,-0.668954871,0
7.48022,-0.687935092,0
7.480825,-0.708041042,0
7.48143,-0.727828759,0
7.482035,-0.742376121,0
7.48264,-0.747692583,0
7.483245,-0.746318088,0
7.48385,-0.747426149,0
7.484455,-0.756328697,0
7.48506,-0.761083926,0
7.485665,-0.735678451,0
7.48627,-0.66593014,0
