Time,Amplitude,Shock
0,0.093919963,0
0.000605,0.103337093,0
0.00121,0.111725385,0
0.001815,0.117826475,0
0.00242,0.122219286,0
0.003025,0.12591429,0
0.00363,0.129174587,0
0.004235,0.131580991,0
0.00484,0.132845044,0
0.005445,0.133298022,0
0.00605,0.133547403,0
0.006655,0.133860696,0
0.00726,0.134029767,0
0.007865,0.133764818,0
0.00847,0.133059554,0
0.009075,0.132087342,0
0.00968,0.130935728,0
0.010285,0.129655803,0
0.01089,0.128393915,0
0.011495,0.127198962,0
0.0121,0.125759749,0
0.012705,0.123635069,0
0.01331,0.120856692,0
0.013915,0.118051391,0
0.01452,0.115824344,0
0.015125,0.114223131,0
0.01573,0.112879784,0
0.016335,0.111494912,0
0.01694,0.110066664,0
0.017545,0.108743892,0
0.01815,0.107670534,0
0.018755,0.106963246,0
0.01936,0.10657046,0
0.019965,0.106106805,0
0.02057,0.105068877,0
0.021175,0.103351053,0
0.02178,0.101449518,0
0.022385,0.100001874,0
0.02299,0.099159833,0
0.023595,0.098554884,0
0.0242,0.09780663,0
0.024805,0.09688815,0
0.02541,0.096005647,0
0.026015,0.09527997,0
0.02662,0.09466671,0
0.027225,0.094115814,0
0.02783,0.093611141,0
0.028435,0.092992311,0
0.02904,0.091871453,0
0.029645,0.089934301,0
0.03025,0.087411366,0
0.030855,0.085057748,0
0.03146,0.083471383,0
0.032065,0.082540462,0
0.03267,0.08170891,0
0.033275,0.08068087,0
0.03388,0.07967328,0
0.034485,0.078972442,0
0.03509,0.078453963,0
0.035695,0.077713278,0
0.0363,0.076598933,0
0.036905,0.075401067,0
0.03751,0.074408048,0
0.038115,0.073440285,0
0.03872,0.072052816,0
0.039325,0.070141572,0
0.03993,0.068122622,0
0.040535,0.066496413,0
0.04114,0.065384017,0
0.041745,0.064516902,0
0.04235,0.063557839,0
0.042955,0.062359547,0
0.04356,0.061007457,0
0.044165,0.05975073,0
0.04477,0.058852132,0
0.045375,0.058298803,0
0.04598,0.057592666,0
0.046585,0.056056974,0
0.04719,0.053567984,0
0.047795,0.050869884,0
0.0484,0.048934128,0
0.049005,0.048015959,0
0.04961,0.047498039,0
0.050215,0.046644449,0
0.05082,0.045325077,0
0.051425,0.04394853,0
0.05203,0.042868614,0
0.052635,0.04204904,0
0.05324,0.041272915,0
0.053845,0.040447891,0
0.05445,0.039556895,0
0.055055,0.038444181,0
0.05566,0.036892779,0
0.056265,0.034930466,0
0.05687,0.032860655,0
0.057475,0.030928516,0
0.05808,0.029126491,0
0.058685,0.027379371,0
0.05929,0.025720952,0
0.059895,0.024177815,0
0.0605,0.022616525,0
0.061105,0.020863056,0
0.06171,0.018958312,0
0.062315,0.017140078,0
0.06292,0.015477578,0
0.063525,0.013632851,0
0.06413,0.0111593,0
0.064735,0.008052503,0
0.06534,0.004856564,0
0.065945,0.002143124,0
0.06655,-4.00E-06,0
0.067155,-0.001924044,0
0.06776,-0.003959211,0
0.068365,-0.00622906,0
0.06897,-0.008711604,0
0.069575,-0.01132023,0
0.07018,-0.013811824,0
0.070785,-0.015800986,0
0.07139,-0.017126884,0
0.071995,-0.018227031,0
0.0726,-0.019902604,0
0.073205,-0.022520796,0
0.07381,-0.025584661,0
0.074415,-0.028302625,0
0.07502,-0.030437394,0
0.075625,-0.032363275,0
0.07623,-0.034457832,0
0.076835,-0.036730518,0
0.07744,-0.039014456,0
0.078045,-0.041257478,0
0.07865,-0.043452454,0
0.079255,-0.045403703,0
0.07986,-0.046863076,0
0.080465,-0.048004205,0
0.08107,-0.049533543,0
0.081675,-0.052050214,0
0.08228,-0.055337898,0
0.082885,-0.058555123,0
0.08349,-0.061103514,0
0.084095,-0.063056907,0
0.0847,-0.064806904,0
0.085305,-0.066616655,0
0.08591,-0.068610698,0
0.086515,-0.070918308,0
0.08712,-0.07344146,0
0.087725,-0.075460562,0
0.08833,-0.075989822,0
0.088935,-0.075044946,0
0.08954,-0.074359812,0
0.090145,-0.076070189,0
0.09075,-0.080442353,0
0.091355,-0.085528245,0
0.09196,-0.089295178,0
0.092565,-0.091467912,0
0.09317,-0.093083654,0
0.093775,-0.094942492,0
0.09438,-0.097036952,0
0.094985,-0.099193455,0
0.09559,-0.101483949,0
0.096195,-0.103673068,0
0.0968,-0.10486393,0
0.097405,-0.104479718,0
0.09801,-0.103548304,0
0.098615,-0.104216227,0
0.09922,-0.107566718,0
0.099825,-0.112417537,0
0.10043,-0.116630246,0
0.101035,-0.119111482,0
0.10164,-0.120268112,0
0.102245,-0.121113787,0
0.10285,-0.122477725,0
0.103455,-0.124790287,0
0.10406,-0.127805008,0
0.104665,-0.130144471,0
0.10527,-0.129834216,0
0.105875,-0.126364522,0
0.10648,-0.122302107,0
0.107085,-0.121758273,0
0.10769,-0.126450568,0
0.108295,-0.133837526,0
0.1089,-0.139768244,0
0.109505,-0.142339916,0
0.11011,-0.142643245,0
0.110715,-0.142641304,0
0.11132,-0.143364638,0
0.111925,-0.144911448,0
0.11253,-0.147026712,0
0.113135,-0.148919318,0
0.11374,-0.149027221,0
0.114345,-0.146202998,0
0.11495,-0.141653135,0
0.115555,-0.138874168,0
0.11616,-0.140591832,0
0.116765,-0.145902103,0
0.11737,-0.15119815,0
0.117975,-0.153705408,0
0.11858,-0.153460237,0
0.119185,-0.152225282,0
0.11979,-0.151476004,0
0.120395,-0.151665955,0
0.121,-0.152553511,0
0.121605,-0.15317587,0
0.12221,-0.151649383,0
0.122815,-0.14643201,0
0.12342,-0.138771049,0
0.124025,-0.133079414,0
0.12463,-0.133337863,0
0.125235,-0.138989448,0
0.12584,-0.145408768,0
0.126445,-0.148434705,0
0.12705,-0.147565523,0
0.127655,-0.14497076,0
0.12826,-0.14272042,0
0.128865,-0.141523959,0
0.12947,-0.141228372,0
0.130075,-0.141208467,0
0.13068,-0.140061502,0
0.131285,-0.136116064,0
0.13189,-0.12940408,0
0.132495,-0.122841412,0
0.1331,-0.120188853,0
0.133705,-0.122355834,0
0.13431,-0.126421749,0
0.134915,-0.12862209,0
0.13552,-0.12763055,0
0.136125,-0.124744123,0
0.13673,-0.121845965,0
0.137335,-0.119967642,0
0.13794,-0.119264528,0
0.138545,-0.119094937,0
0.13915,-0.117702856,0
0.139755,-0.112930461,0
0.14036,-0.104611356,0
0.140965,-0.096158618,0
0.14157,-0.092326938,0
0.142175,-0.094607109,0
0.14278,-0.099627929,0
0.143385,-0.102685744,0
0.14399,-0.102026159,0
0.144595,-0.099188687,0
0.1452,-0.096276573,0
0.145805,-0.094046321,0
0.14641,-0.092300486,0
0.147015,-0.090800163,0
0.14762,-0.089043193,0
0.148225,-0.085818466,0
0.14883,-0.080228531,0
0.149435,-0.073439776,0
0.15004,-0.068457468,0
0.150645,-0.067332938,0
0.15125,-0.068965083,0
0.151855,-0.070270371,0
0.15246,-0.069137408,0
0.153065,-0.065741049,0
0.15367,-0.061538927,0
0.154275,-0.057844991,0
0.15488,-0.055293683,0
0.155485,-0.05376798,0
0.15609,-0.052155007,0
0.156695,-0.048541082,0
0.1573,-0.04172808,0
0.157905,-0.033111994,0
0.15851,-0.026392899,0
0.159115,-0.024385617,0
0.15972,-0.026141235,0
0.160325,-0.027949233,0
0.16093,-0.027020983,0
0.161535,-0.023509033,0
0.16214,-0.019270842,0
0.162745,-0.01567993,0
0.16335,-0.012900689,0
0.163955,-0.010559475,0
0.16456,-0.008259089,0
0.165165,-0.00538964,0
0.16577,-0.001225006,0
0.166375,0.004160466,0
0.16698,0.009325935,0
0.167585,0.012529837,0
0.16819,0.013528989,0
0.168795,0.013840318,0
0.1694,0.015123713,0
0.170005,0.017771203,0
0.17061,0.021110225,0
0.171215,0.024406735,0
0.17182,0.027324335,0
0.172425,0.029739843,0
0.17303,0.031743016,0
0.173635,0.033979845,0
0.17424,0.037463528,0
0.174845,0.042473042,0
0.17545,0.047693073,0
0.176055,0.051050662,0
0.17666,0.051749873,0
0.177265,0.05112052,0
0.17787,0.051207816,0
0.178475,0.052903207,0
0.17908,0.055613829,0
0.179685,0.058281898,0
0.18029,0.060335148,0
0.180895,0.061790901,0
0.1815,0.062894503,0
0.182105,0.063953799,0
0.18271,0.065355521,0
0.183315,0.067352416,0
0.18392,0.06967408,0
0.184525,0.071552875,0
0.18513,0.072422721,0
0.185735,0.072552885,0
0.18634,0.072779034,0
0.186945,0.073679097,0
0.18755,0.075168517,0
0.188155,0.07677317,0
0.18876,0.078088612,0
0.189365,0.078984929,0
0.18997,0.079587901,0
0.190575,0.080253582,0
0.19118,0.081458654,0
0.191785,0.083422243,0
0.19239,0.085717359,0
0.192995,0.087451279,0
0.1936,0.088090414,0
0.194205,0.088037588,0
0.19481,0.088123538,0
0.195415,0.088647796,0
0.19602,0.089305563,0
0.196625,0.089971575,0
0.19723,0.091021628,0
0.197835,0.092633077,0
0.19844,0.094144729,0
0.199045,0.09467354,0
0.19965,0.094370309,0
0.200255,0.094478312,0
0.20086,0.095844762,0
0.201465,0.097759353,0
0.20207,0.098672791,0
0.202675,0.097922652,0
0.20328,0.09640017,0
0.203885,0.095549077,0
0.20449,0.096016375,0
0.205095,0.097308852,0
0.2057,0.098485345,0
0.206305,0.09902243,0
0.20691,0.099105834,0
0.207515,0.099282615,0
0.20812,0.099934852,0
0.208725,0.100989601,0
0.20933,0.101977725,0
0.209935,0.102345097,0
0.21054,0.10182178,0
0.211145,0.100655634,0
0.21175,0.099526113,0
0.212355,0.099073996,0
0.21296,0.099385274,0
0.213565,0.099950017,0
0.21417,0.100141238,0
0.214775,0.099741413,0
0.21538,0.099098516,0
0.215985,0.098824813,0
0.21659,0.099233213,0
0.217195,0.099964706,0
0.2178,0.100206784,0
0.218405,0.099342153,0
0.21901,0.097434633,0
0.219615,0.095160043,0
0.22022,0.093280531,0
0.220825,0.092126757,0
0.22143,0.091548897,0
0.222035,0.091299312,0
0.22264,0.091305499,0
0.223245,0.091479306,0
0.22385,0.091451962,0
0.224455,0.09087691,0
0.22506,0.090051625,0
0.225665,0.089779642,0
0.22627,0.090291678,0
0.226875,0.090638385,0
0.22748,0.089611819,0
0.228085,0.087169198,0
0.22869,0.084564235,0
0.229295,0.083034031,0
0.2299,0.082617108,0
0.230505,0.082368216,0
0.23111,0.081537764,0
0.231715,0.080287977,0
0.23232,0.079255582,0
0.232925,0.078705451,0
0.23353,0.078350277,0
0.234135,0.077845963,0
0.23474,0.077096863,0
0.235345,0.076024933,0
0.23595,0.074404019,0
0.236555,0.07217976,0
0.23716,0.069782406,0
0.237765,0.067839504,0
0.23837,0.066562325,0
0.238975,0.065600788,0
0.23958,0.064568251,0
0.240185,0.063541283,0
0.24079,0.062875073,0
0.241395,0.062612815,0
0.242,0.062339104,0
0.242605,0.061695672,0
0.24321,0.060801001,0
0.243815,0.059952537,0
0.24442,0.059054055,0
0.245025,0.05763053,0
0.24563,0.055463607,0
0.246235,0.052967345,0
0.24684,0.050786511,0
0.247445,0.049213366,0
0.24805,0.048124699,0
0.248655,0.047261495,0
0.24926,0.04637468,0
0.249865,0.045241296,0
0.25047,0.043793948,0
0.251075,0.042267049,0
0.25168,0.040998248,0
0.252285,0.039953278,0
0.25289,0.038596058,0
0.253495,0.036413996,0
0.2541,0.033553879,0
0.254705,0.030772376,0
0.25531,0.028691024,0
0.255915,0.027256036,0
0.25652,0.026013289,0
0.257125,0.024695261,0
0.25773,0.023338494,0
0.258335,0.021956313,0
0.25894,0.020400809,0
0.259545,0.018650238,0
0.26015,0.017003984,0
0.260755,0.01575103,0
0.26136,0.014695669,0
0.261965,0.013232798,0
0.26257,0.010985344,0
0.263175,0.008218963,0
0.26378,0.005503884,0
0.264385,0.003135277,0
0.26499,0.001042119,0
0.265595,-0.000904547,0
0.2662,-0.00271595,0
0.266805,-0.00441441,0
0.26741,-0.006177958,0
0.268015,-0.008194122,0
0.26862,-0.010393048,0
0.269225,-0.012518275,0
0.26983,-0.014525754,0
0.270435,-0.016736338,0
0.27104,-0.019431522,0
0.271645,-0.022413233,0
0.27225,-0.025190944,0
0.272855,-0.027548429,0
0.27346,-0.029691388,0
0.274065,-0.031854085,0
0.27467,-0.03399513,0
0.275275,-0.035981326,0
0.27588,-0.03791333,0
0.276485,-0.040017375,0
0.27709,-0.042174808,0
0.277695,-0.043836408,0
0.2783,-0.044695216,0
0.278905,-0.045368302,0
0.27951,-0.047012539,0
0.280115,-0.050103047,0
0.28072,-0.053904601,0
0.281325,-0.057305866,0
0.28193,-0.059856603,0
0.282535,-0.061849886,0
0.28314,-0.063734548,0
0.283745,-0.065731007,0
0.28435,-0.067887832,0
0.284955,-0.070174429,0
0.28556,-0.072383098,0
0.286165,-0.074161267,0
0.28677,-0.075389144,0
0.287375,-0.076492981,0
0.28798,-0.078186435,0
0.288585,-0.080818467,0
0.28919,-0.084078442,0
0.289795,-0.087352276,0
0.2904,-0.0901654,0
0.291005,-0.092265476,0
0.29161,-0.09361077,0
0.292215,-0.094546249,0
0.29282,-0.095855334,0
0.293425,-0.09815683,0
0.29403,-0.100909542,0
0.294635,-0.102370703,0
0.29524,-0.101300083,0
0.295845,-0.098873728,0
0.29645,-0.098184786,0
0.297055,-0.101230954,0
0.29766,-0.106787209,0
0.298265,-0.111811634,0
0.29887,-0.114531624,0
0.299475,-0.115588323,0
0.30008,-0.116587982,0
0.300685,-0.118327514,0
0.30129,-0.120548109,0
0.301895,-0.122749525,0
0.3025,-0.124533851,0
0.303105,-0.12535235,0
0.30371,-0.124797685,0
0.304315,-0.123491811,0
0.30492,-0.123134008,0
0.305525,-0.125047041,0
0.30613,-0.128788589,0
0.306735,-0.132651991,0
0.30734,-0.135326913,0
0.307945,-0.136646106,0
0.30855,-0.137127684,0
0.309155,-0.137445185,0
0.30976,-0.138255451,0
0.310365,-0.139944937,0
0.31097,-0.142002364,0
0.311575,-0.142718898,0
0.31218,-0.140444395,0
0.312785,-0.135867249,0
0.31339,-0.132434108,0
0.313995,-0.133434589,0
0.3146,-0.138735071,0
0.315205,-0.145072306,0
0.31581,-0.149281551,0
0.316415,-0.150566492,0
0.31702,-0.150103395,0
0.317625,-0.149509989,0
0.31823,-0.149839514,0
0.318835,-0.151250683,0
0.31944,-0.152905971,0
0.320045,-0.153200771,0
0.32065,-0.150810933,0
0.321255,-0.146232588,0
0.32186,-0.14219108,0
0.322465,-0.141655506,0
0.32307,-0.144956763,0
0.323675,-0.149347585,0
0.32428,-0.151725089,0
0.324885,-0.151285724,0
0.32549,-0.149395993,0
0.326095,-0.147712171,0
0.3267,-0.146982956,0
0.327305,-0.14710366,0
0.32791,-0.147316667,0
0.328515,-0.146086794,0
0.32912,-0.141700097,0
0.329725,-0.134194449,0
0.33033,-0.12670721,0
0.330935,-0.123567885,0
0.33154,-0.126156518,0
0.332145,-0.131347629,0
0.33275,-0.134725581,0
0.333355,-0.134613043,0
0.33396,-0.132422992,0
0.334565,-0.130072499,0
0.33517,-0.12817169,0
0.335775,-0.126494359,0
0.33638,-0.124987784,0
0.336985,-0.123470414,0
0.33759,-0.120853026,0
0.338195,-0.115967787,0
0.3388,-0.109628464,0
0.339405,-0.104882872,0
0.34001,-0.104172282,0
0.340615,-0.106594602,0
0.34122,-0.108850402,0
0.341825,-0.10858421,0
0.34243,-0.106019958,0
0.343035,-0.10271222,0
0.34364,-0.099796417,0
0.344245,-0.097680689,0
0.34485,-0.096403304,0
0.345455,-0.095227495,0
0.34606,-0.092234482,0
0.346665,-0.085763599,0
0.34727,-0.076999534,0
0.347875,-0.070179453,0
0.34848,-0.068859449,0
0.349085,-0.072136841,0
0.34969,-0.07562151,0
0.350295,-0.075897396,0
0.3509,-0.073056243,0
0.351505,-0.069239942,0
0.35211,-0.066015431,0
0.352715,-0.063558828,0
0.35332,-0.06148216,0
0.353925,-0.059377624,0
0.35453,-0.056538356,0
0.355135,-0.052105429,0
0.35574,-0.046202599,0
0.356345,-0.040610079,0
0.35695,-0.037456685,0
0.357555,-0.037013251,0
0.35816,-0.03734578,0
0.358765,-0.036325969,0
0.35937,-0.033479858,0
0.359975,-0.029774026,0
0.36058,-0.026222757,0
0.361185,-0.023165222,0
0.36179,-0.020561206,0
0.362395,-0.018215687,0
0.363,-0.015448528,0
0.363605,-0.011158164,0
0.36421,-0.00501129,0
0.364815,0.001415888,0
0.36542,0.005541185,0
0.366025,0.00634796,0
0.36663,0.00551701,0
0.367235,0.005592465,0
0.36784,0.007583169,0
0.368445,0.010713799,0
0.36905,0.01388711,0
0.369655,0.016717659,0
0.37026,0.019313369,0
0.370865,0.02176112,0
0.37147,0.024206193,0
0.372075,0.02709394,0
0.37268,0.030773672,0
0.373285,0.034785643,0
0.37389,0.037990515,0
0.374495,0.039739365,0
0.3751,0.04066105,0
0.375705,0.041959912,0
0.37631,0.044144684,0
0.376915,0.046759253,0
0.37752,0.049168642,0
0.378125,0.051214679,0
0.37873,0.05308243,0
0.379335,0.054900048,0
0.37994,0.056757599,0
0.380545,0.058944299,0
0.38115,0.061753919,0
0.381755,0.064909365,0
0.38236,0.067470739,0
0.382965,0.068673561,0
0.38357,0.068771589,0
0.384175,0.068731635,0
0.38478,0.06922795,0
0.385385,0.070267315,0
0.38599,0.0715914,0
0.386595,0.072999627,0
0.3872,0.074302406,0
0.387805,0.075321663,0
0.38841,0.076117056,0
0.389015,0.077071389,0
0.38962,0.078537817,0
0.390225,0.080346122,0
0.39083,0.081779505,0
0.391435,0.082238104,0
0.39204,0.081959614,0
0.392645,0.081862292,0
0.39325,0.082583663,0
0.393855,0.083888293,0
0.39446,0.085134557,0
0.395065,0.086105462,0
0.39567,0.087108094,0
0.396275,0.088332263,0
0.39688,0.089543675,0
0.397485,0.09058095,0
0.39809,0.091727895,0
0.398695,0.093207129,0
0.3993,0.094564659,0
0.399905,0.095057189,0
0.40051,0.094628276,0
0.401115,0.094065397,0
0.40172,0.094120636,0
0.402325,0.094802609,0
0.40293,0.095615935,0
0.403535,0.096261143,0
0.40414,0.09688088,0
0.404745,0.097612857,0
0.40535,0.098233279,0
0.405955,0.098551232,0
0.40656,0.098865278,0
0.407165,0.099517666,0
0.40777,0.100125846,0
0.408375,0.099848092,0
0.40898,0.098507784,0
0.409585,0.096970162,0
0.41019,0.096251787,0
0.410795,0.096619688,0
0.4114,0.097625831,0
0.412005,0.0986395,0
0.41261,0.099210045,0
0.413215,0.099189773,0
0.41382,0.098803269,0
0.414425,0.098645752,0
0.41503,0.099295733,0
0.415635,0.100520452,0
0.41624,0.101049908,0
0.416845,0.099828441,0
0.41745,0.09754016,0
0.418055,0.096093454,0
0.41866,0.096344138,0
0.419265,0.097123793,0
0.41987,0.096911231,0
0.420475,0.095700979,0
0.42108,0.094623762,0
0.421685,0.094306191,0
0.42229,0.094350262,0
0.422895,0.094164667,0
0.4235,0.093648304,0
0.424105,0.093023532,0
0.42471,0.092317798,0
0.425315,0.091139086,0
0.42592,0.089045587,0
0.426525,0.086194378,0
0.42713,0.08348062,0
0.427735,0.081873816,0
0.42834,0.081570558,0
0.428945,0.081796229,0
0.42955,0.081507405,0
0.430155,0.080359001,0
0.43076,0.078939202,0
0.431365,0.078052967,0
0.43197,0.077899867,0
0.432575,0.077978545,0
0.43318,0.07760773,0
0.433785,0.076431567,0
0.43439,0.074598588,0
0.434995,0.07260744,0
0.4356,0.070895629,0
0.436205,0.069561696,0
0.43681,0.068565366,0
0.437415,0.067992417,0
0.43802,0.067824899,0
0.438625,0.067606813,0
0.43923,0.066757603,0
0.439835,0.065294627,0
0.44044,0.063988247,0
0.441045,0.063579235,0
0.44165,0.063774621,0
0.442255,0.06321988,0
0.44286,0.060846232,0
0.443465,0.057208237,0
0.44407,0.054038189,0
0.444675,0.052457259,0
0.44528,0.052046614,0
0.445885,0.051675842,0
0.44649,0.050763993,0
0.447095,0.049542467,0
0.4477,0.048429337,0
0.448305,0.047518824,0
0.44891,0.04669041,0
0.449515,0.045942857,0
0.45012,0.04532254,0
0.450725,0.044510532,0
0.45133,0.042862187,0
0.451935,0.040158958,0
0.45254,0.037112963,0
0.453145,0.034784667,0
0.45375,0.033539528,0
0.454355,0.032778205,0
0.45496,0.031623394,0
0.455565,0.029698266,0
0.45617,0.027311362,0
0.456775,0.025074871,0
0.45738,0.02338594,0
0.457985,0.022179184,0
0.45859,0.021003539,0
0.459195,0.01926229,0
0.4598,0.016599212,0
0.460405,0.01328595,0
0.46101,0.010118986,0
0.461615,0.007715393,0
0.46222,0.005943239,0
0.462825,0.004175857,0
0.46343,0.002038761,0
0.464035,-0.000243164,0
0.46464,-0.002200719,0
0.465245,-0.003657545,0
0.46585,-0.004852024,0
0.466455,-0.00612329,0
0.46706,-0.007615803,0
0.467665,-0.009314716,0
0.46827,-0.011240803,0
0.468875,-0.013456879,0
0.46948,-0.015895472,0
0.470085,-0.018384458,0
0.47069,-0.020904675,0
0.471295,-0.023578796,0
0.4719,-0.026284549,0
0.472505,-0.028507161,0
0.47311,-0.029874262,0
0.473715,-0.030919535,0
0.47432,-0.032863671,0
0.474925,-0.036052177,0
0.47553,-0.039093494,0
0.476135,-0.040537575,0
0.47674,-0.040983176,0
0.477345,-0.04236953,0
0.47795,-0.045488256,0
0.478555,-0.049299626,0
0.47916,-0.052540011,0
0.479765,-0.054924529,0
0.48037,-0.056603793,0
0.480975,-0.057543785,0
0.48158,-0.058263117,0
0.482185,-0.060209009,0
0.48279,-0.063848373,0
0.483395,-0.067062847,0
0.484,-0.067422403,0
0.484605,-0.065725009,0
0.48521,-0.065413137,0
0.485815,-0.068490466,0
0.48642,-0.073371734,0
0.487025,-0.077063531,0
0.48763,-0.078617563,0
0.488235,-0.079718946,0
0.48884,-0.082163121,0
0.489445,-0.085683036,0
0.49005,-0.088661916,0
0.490655,-0.090400398,0
0.49126,-0.091806529,0
0.491865,-0.093818736,0
0.49247,-0.095966042,0
0.493075,-0.096990153,0
0.49368,-0.096763798,0
0.494285,-0.097086427,0
0.49489,-0.099884041,0
0.495495,-0.104740738,0
0.4961,-0.109143859,0
0.496705,-0.111271819,0
0.49731,-0.111745012,0
0.497915,-0.112455088,0
0.49852,-0.114410199,0
0.499125,-0.11716156,0
0.49973,-0.119727342,0
0.500335,-0.121407621,0
0.50094,-0.121842576,0
0.501545,-0.120792494,0
0.50215,-0.118541703,0
0.502755,-0.11674555,0
0.50336,-0.117780794,0
0.503965,-0.122388992,0
0.50457,-0.128632904,0
0.505175,-0.133626439,0
0.50578,-0.135794527,0
0.506385,-0.135605165,0
0.50699,-0.134957556,0
0.507595,-0.135830343,0
0.5082,-0.138639852,0
0.508805,-0.141719814,0
0.50941,-0.142874292,0
0.510015,-0.141360715,0
0.51062,-0.138328194,0
0.511225,-0.135981291,0
0.51183,-0.136281944,0
0.512435,-0.139573879,0
0.51304,-0.144220587,0
0.513645,-0.147912332,0
0.51425,-0.149398863,0
0.514855,-0.149023943,0
0.51546,-0.14799896,0
0.516065,-0.147559524,0
0.51667,-0.148532216,0
0.517275,-0.150702327,0
0.51788,-0.152094996,0
0.518485,-0.149898314,0
0.51909,-0.143562321,0
0.519695,-0.136844123,0
0.5203,-0.135113201,0
0.520905,-0.139851434,0
0.52151,-0.146919834,0
0.522115,-0.151084834,0
0.52272,-0.151246091,0
0.523325,-0.150158836,0
0.52393,-0.150005469,0
0.524535,-0.150141768,0
0.52514,-0.149282084,0
0.525745,-0.147879441,0
0.52635,-0.146967554,0
0.526955,-0.14577814,0
0.52756,-0.142407964,0
0.528165,-0.136950989,0
0.52877,-0.132499164,0
0.529375,-0.132129255,0
0.52998,-0.135436918,0
0.530585,-0.138867111,0
0.53119,-0.139344515,0
0.531795,-0.1369191,0
0.5324,-0.13382018,0
0.533005,-0.131784972,0
0.53361,-0.130949267,0
0.534215,-0.130589396,0
0.53482,-0.129625715,0
0.535425,-0.126518396,0
0.53603,-0.120201811,0
0.536635,-0.111995598,0
0.53724,-0.105742297,0
0.537845,-0.104712323,0
0.53845,-0.108311584,0
0.539055,-0.112708932,0
0.53966,-0.114611287,0
0.540265,-0.113560667,0
0.54087,-0.11087101,0
0.541475,-0.107769607,0
0.54208,-0.105070436,0
0.542685,-0.103466845,0
0.54329,-0.102816657,0
0.543895,-0.10134746,0
0.5445,-0.096896609,0
0.545105,-0.089637587,0
0.54571,-0.082916495,0
0.546315,-0.080357958,0
0.54692,-0.082117818,0
0.547525,-0.084763041,0
0.54813,-0.0848716,0
0.548735,-0.081968343,0
0.54934,-0.077907875,0
0.549945,-0.074408475,0
0.55055,-0.071864715,0
0.551155,-0.069976944,0
0.55176,-0.06831725,0
0.552365,-0.065894565,0
0.55297,-0.061174343,0
0.553575,-0.053740776,0
0.55418,-0.045857746,0
0.554785,-0.041147314,0
0.55539,-0.041062687,0
0.555995,-0.04334703,0
0.5566,-0.044452288,0
0.557205,-0.042807041,0
0.55781,-0.039328042,0
0.558415,-0.035570976,0
0.55902,-0.032271219,0
0.559625,-0.029461573,0
0.56023,-0.02700173,0
0.560835,-0.024441438,0
0.56144,-0.020902302,0
0.562045,-0.015911382,0
0.56265,-0.010402585,0
0.563255,-0.006254959,0
0.56386,-0.004433081,0
0.564465,-0.003924145,0
0.56507,-0.002888001,0
0.565675,-0.000520395,0
0.56628,0.002607095,0
0.566885,0.005688931,0
0.56749,0.008549553,0
0.568095,0.011339766,0
0.5687,0.013967981,0
0.569305,0.016355891,0
0.56991,0.019070144,0
0.570515,0.023030995,0
0.57112,0.028232689,0
0.571725,0.033125203,0
0.57233,0.035900675,0
0.572935,0.036384747,0
0.57354,0.036174638,0
0.574145,0.036974937,0
0.57475,0.039219903,0
0.575355,0.042193102,0
0.57596,0.044988722,0
0.576565,0.047176493,0
0.57717,0.048814106,0
0.577775,0.050247818,0
0.57838,0.052009972,0
0.578985,0.054577652,0
0.57959,0.05787584,0
0.580195,0.061024848,0
0.5808,0.062919923,0
0.581405,0.06329793,0
0.58201,0.063089312,0
0.582615,0.063569802,0
0.58322,0.06526616,0
0.583825,0.067719596,0
0.58443,0.070108191,0
0.585035,0.071910674,0
0.58564,0.073063621,0
0.586245,0.073816557,0
0.58685,0.074643773,0
0.587455,0.076114954,0
0.58806,0.078457997,0
0.588665,0.081082079,0
0.58927,0.082831915,0
0.589875,0.083056677,0
0.59048,0.082318462,0
0.591085,0.081838163,0
0.59169,0.082367546,0
0.592295,0.083713935,0
0.5929,0.085174399,0
0.593505,0.086223061,0
0.59411,0.086817989,0
0.594715,0.0872704,0
0.59532,0.08796924,0
0.595925,0.089129945,0
0.59653,0.090591225,0
0.597135,0.091804447,0
0.59774,0.092212363,0
0.598345,0.091808342,0
0.59895,0.091229602,0
0.599555,0.091163333,0
0.60016,0.091753609,0
0.600765,0.092674557,0
0.60137,0.093609274,0
0.601975,0.094481813,0
0.60258,0.095321,0
0.603185,0.096113395,0
0.60379,0.096839399,0
0.604395,0.097529763,0
0.605,0.098191483,0
0.605605,0.098714069,0
0.60621,0.098954133,0
0.606815,0.09898503,0
0.60742,0.099147398,0
0.608025,0.099597535,0
0.60863,0.099876386,0
0.609235,0.099368925,0
0.60984,0.098269146,0
0.610445,0.097627687,0
0.61105,0.098200955,0
0.611655,0.099528141,0
0.61226,0.10042481,0
0.612865,0.100286542,0
0.61347,0.099602612,0
0.614075,0.099112321,0
0.61468,0.098756581,0
0.615285,0.097809124,0
0.61589,0.096027403,0
0.616495,0.094248981,0
0.6171,0.09347461,0
0.617705,0.093581161,0
0.61831,0.093561293,0
0.618915,0.09307839,0
0.61952,0.092949915,0
0.620125,0.093705248,0
0.62073,0.094568661,0
0.621335,0.094559882,0
0.62194,0.093887864,0
0.622545,0.093478849,0
0.62315,0.093496035,0
0.623755,0.093040128,0
0.62436,0.091365708,0
0.624965,0.08890957,0
0.62557,0.086845394,0
0.626175,0.085929927,0
0.62678,0.08607622,0
0.627385,0.086674302,0
0.62799,0.086858653,0
0.628595,0.085866155,0
0.6292,0.083828822,0
0.629805,0.081988773,0
0.63041,0.081457155,0
0.631015,0.081808955,0
0.63162,0.081411126,0
0.632225,0.079223446,0
0.63283,0.075908472,0
0.633435,0.072978334,0
0.63404,0.071190352,0
0.634645,0.070144561,0
0.63525,0.069241642,0
0.635855,0.068489872,0
0.63646,0.068135894,0
0.637065,0.067887234,0
0.63767,0.067120757,0
0.638275,0.065870859,0
0.63888,0.064958404,0
0.639485,0.064828861,0
0.64009,0.064761042,0
0.640695,0.063696564,0
0.6413,0.061560169,0
0.641905,0.059305212,0
0.64251,0.057806645,0
0.643115,0.057060711,0
0.64372,0.056435933,0
0.644325,0.055467662,0
0.64493,0.054265703,0
0.645535,0.053180809,0
0.64614,0.052290243,0
0.646745,0.051400888,0
0.64735,0.050434069,0
0.647955,0.049467262,0
0.64856,0.048327917,0
0.649165,0.04651113,0
0.64977,0.043770694,0
0.650375,0.040595021,0
0.65098,0.03782571,0
0.651585,0.035892222,0
0.65219,0.034622289,0
0.652795,0.033670891,0
0.6534,0.032825914,0
0.654005,0.031898751,0
0.65461,0.030638661,0
0.655215,0.028978402,0
0.65582,0.027250735,0
0.656425,0.025895313,0
0.65703,0.024890254,0
0.657635,0.023649262,0
0.65824,0.021603703,0
0.658845,0.01883463,0
0.65945,0.016024344,0
0.660055,0.013780563,0
0.66066,0.012107657,0
0.661265,0.010548089,0
0.66187,0.00871087,0
0.662475,0.006582095,0
0.66308,0.004385422,0
0.663685,0.002296592,0
0.66429,0.000365259,0
0.664895,-0.001430178,0
0.6655,-0.003206338,0
0.666105,-0.005197388,0
0.66671,-0.007606604,0
0.667315,-0.01038403,0
0.66792,-0.013223683,0
0.668525,-0.015834298,0
0.66913,-0.018154337,0
0.669735,-0.020289869,0
0.67034,-0.022346696,0
0.670945,-0.024385603,0
0.67155,-0.02649377,0
0.672155,-0.028739795,0
0.67276,-0.030910268,0
0.673365,-0.032510958,0
0.67397,-0.033450479,0
0.674575,-0.034521716,0
0.67518,-0.036573165,0
0.675785,-0.039404469,0
0.67639,-0.04217928,0
0.676995,-0.044584236,0
0.6776,-0.046844379,0
0.678205,-0.049049929,0
0.67881,-0.051222192,0
0.679415,-0.053676104,0
0.68002,-0.056542653,0
0.680625,-0.058990632,0
0.68123,-0.059878561,0
0.681835,-0.059723562,0
0.68244,-0.060782471,0
0.683045,-0.063945783,0
0.68365,-0.067085522,0
0.684255,-0.068265885,0
0.68486,-0.06897494,0
0.685465,-0.072005908,0
0.68607,-0.077163291,0
0.686675,-0.081167052,0
0.68728,-0.081788549,0
0.687885,-0.080569419,0
0.68849,-0.080848063,0
0.689095,-0.083982701,0
0.6897,-0.088199836,0
0.690305,-0.090712422,0
0.69091,-0.090443567,0
0.691515,-0.088891494,0
0.69212,-0.088717948,0
0.692725,-0.091300503,0
0.69333,-0.095505908,0
0.693935,-0.099259552,0
0.69454,-0.101979684,0
0.695145,-0.104527847,0
0.69575,-0.107310285,0
0.696355,-0.109726608,0
0.69696,-0.111348426,0
0.697565,-0.112627288,0
0.69817,-0.114141519,0
0.698775,-0.115722711,0
0.69938,-0.116722551,0
0.699985,-0.116849945,0
0.70059,-0.116674285,0
0.701195,-0.117438179,0
0.7018,-0.120039251,0
0.702405,-0.124097431,0
0.70301,-0.1281765,0
0.703615,-0.130778634,0
0.70422,-0.131430143,0
0.704825,-0.131231675,0
0.70543,-0.131918527,0
0.706035,-0.134063994,0
0.70664,-0.136587631,0
0.707245,-0.137930829,0
0.70785,-0.137102832,0
0.708455,-0.134011501,0
0.70906,-0.130081229,0
0.709665,-0.12835465,0
0.71027,-0.131262592,0
0.710875,-0.137829162,0
0.71148,-0.14416666,0
0.712085,-0.147184081,0
0.71269,-0.147236189,0
0.713295,-0.146852738,0
0.7139,-0.147645279,0
0.714505,-0.149296481,0
0.71511,-0.150875493,0
0.715715,-0.151704973,0
0.71632,-0.151019849,0
0.716925,-0.148221818,0
0.71753,-0.144240459,0
0.718135,-0.14184961,0
0.71874,-0.143394241,0
0.719345,-0.148137281,0
0.71995,-0.15271977,0
0.720555,-0.154395066,0
0.72116,-0.153229303,0
0.721765,-0.151162621,0
0.72237,-0.149754041,0
0.722975,-0.149368046,0
0.72358,-0.149800085,0
0.724185,-0.150285254,0
0.72479,-0.148918658,0
0.725395,-0.14383909,0
0.726,-0.136020496,0
0.726605,-0.12982124,0
0.72721,-0.129338821,0
0.727815,-0.134303133,0
0.72842,-0.140368132,0
0.729025,-0.143257985,0
0.72963,-0.142049532,0
0.730235,-0.138854971,0
0.73084,-0.136220242,0
0.731445,-0.135157694,0
0.73205,-0.1352103,0
0.732655,-0.135263814,0
0.73326,-0.13377378,0
0.733865,-0.129358835,0
0.73447,-0.122524887,0
0.735075,-0.116477541,0
0.73568,-0.114759718,0
0.736285,-0.117554335,0
0.73689,-0.121263444,0
0.737495,-0.122202484,0
0.7381,-0.119899707,0
0.738705,-0.116484869,0
0.73931,-0.113819712,0
0.739915,-0.112059114,0
0.74052,-0.110578375,0
0.741125,-0.108962503,0
0.74173,-0.106486624,0
0.742335,-0.101753772,0
0.74294,-0.094363273,0
0.743545,-0.086833497,0
0.74415,-0.083191604,0
0.744755,-0.084788226,0
0.74536,-0.088606406,0
0.745965,-0.090463115,0
0.74657,-0.088941134,0
0.747175,-0.085643071,0
0.74778,-0.082578252,0
0.748385,-0.080290515,0
0.74899,-0.078274072,0
0.749595,-0.076061326,0
0.7502,-0.073284083,0
0.750805,-0.069317052,0
0.75141,-0.06382947,0
0.752015,-0.057835406,0
0.75262,-0.053442945,0
0.753225,-0.051905829,0
0.75383,-0.052230032,0
0.754435,-0.052164923,0
0.75504,-0.050273352,0
0.755645,-0.046769117,0
0.75625,-0.042756092,0
0.756855,-0.039159335,0
0.75746,-0.036345264,0
0.758065,-0.034179848,0
0.75867,-0.031932754,0
0.759275,-0.028321681,0
0.75988,-0.022462925,0
0.760485,-0.015323019,0
0.76109,-0.009670866,0
0.761695,-0.007623609,0
0.7623,-0.008379708,0
0.762905,-0.009120238,0
0.76351,-0.007912817,0
0.764115,-0.00505355,0
0.76472,-0.001844986,0
0.765325,0.001048998,0
0.76593,0.003777853,0
0.766535,0.006485933,0
0.76714,0.009056265,0
0.767745,0.011676809,0
0.76835,0.015016301,0
0.768955,0.019356221,0
0.76956,0.02380077,0
0.770165,0.026934929,0
0.77077,0.028332431,0
0.771375,0.028996433,0
0.77198,0.030260774,0
0.772585,0.032635481,0
0.77319,0.035745547,0
0.773795,0.038935619,0
0.7744,0.04169401,0
0.775005,0.043780929,0
0.77561,0.045361247,0
0.776215,0.047088132,0
0.77682,0.049751534,0
0.777425,0.053488748,0
0.77803,0.057325511,0
0.778635,0.059863366,0
0.77924,0.060655322,0
0.779845,0.060658665,0
0.78045,0.061159149,0
0.781055,0.062553568,0
0.78166,0.064334299,0
0.782265,0.065900256,0
0.78287,0.067108078,0
0.783475,0.068185719,0
0.78408,0.069382192,0
0.784685,0.070784661,0
0.78529,0.072332582,0
0.785895,0.073864428,0
0.7865,0.075172249,0
0.787105,0.076106026,0
0.78771,0.076697854,0
0.788315,0.077185001,0
0.78892,0.077836376,0
0.789525,0.078731965,0
0.79013,0.079759268,0
0.790735,0.08081751,0
0.79134,0.08192713,0
0.791945,0.083084123,0
0.79255,0.084163113,0
0.793155,0.085161595,0
0.79376,0.086408027,0
0.794365,0.088201574,0
0.79497,0.090200457,0
0.795575,0.091487457,0
0.79618,0.091524523,0
0.796785,0.090881415,0
0.79739,0.090675609,0
0.797995,0.091380808,0
0.7986,0.092506248,0
0.799205,0.093357166,0
0.79981,0.093764611,0
0.800415,0.094027493,0
0.80102,0.094445668,0
0.801625,0.095134835,0
0.80223,0.096102837,0
0.802835,0.097167854,0
0.80344,0.097868506,0
0.804045,0.097821708,0
0.80465,0.0972122,0
0.805255,0.096604343,0
0.80586,0.096260802,0
0.806465,0.096053288,0
0.80707,0.096048823,0
0.807675,0.096642251,0
0.80828,0.097893837,0
0.808885,0.099139084,0
0.80949,0.099638732,0
0.810095,0.099479929,0
0.8107,0.099471429,0
0.811305,0.100161638,0
0.81191,0.10120024,0
0.812515,0.101654879,0
0.81312,0.100907223,0
0.813725,0.099298418,0
0.81433,0.097829461,0
0.814935,0.097242501,0
0.81554,0.097528715,0
0.816145,0.098148021,0
0.81675,0.098445133,0
0.817355,0.098058829,0
0.81796,0.097282918,0
0.818565,0.096867725,0
0.81917,0.097182253,0
0.819775,0.097740876,0
0.82038,0.097687508,0
0.820985,0.096555277,0
0.82159,0.094549274,0
0.822195,0.092266674,0
0.8228,0.090236361,0
0.823405,0.088718893,0
0.82401,0.087719544,0
0.824615,0.087057753,0
0.82522,0.086583068,0
0.825825,0.086260704,0
0.82643,0.085938006,0
0.827035,0.085345347,0
0.82764,0.084510914,0
0.828245,0.083871081,0
0.82885,0.083694752,0
0.829455,0.083522887,0
0.83006,0.082498837,0
0.830665,0.080313656,0
0.83127,0.077655082,0
0.831875,0.075654198,0
0.83248,0.07485382,0
0.833085,0.074719821,0
0.83369,0.074256669,0
0.834295,0.07306794,0
0.8349,0.071695481,0
0.835505,0.070881479,0
0.83611,0.070644951,0
0.836715,0.070373465,0
0.83732,0.069640916,0
0.837925,0.068384941,0
0.83853,0.066485858,0
0.839135,0.06389442,0
0.83974,0.061152415,0
0.840345,0.059138905,0
0.84095,0.058120623,0
0.841555,0.0575232,0
0.84216,0.056778431,0
0.842765,0.055897735,0
0.84337,0.055103352,0
0.843975,0.054383783,0
0.84458,0.053621226,0
0.845185,0.052919589,0
0.84579,0.052492368,0
0.846395,0.052156473,0
0.847,0.051241886,0
0.847605,0.049256982,0
0.84821,0.046546068,0
0.848815,0.044057028,0
0.84942,0.042387716,0
0.850025,0.041289423,0
0.85063,0.040198546,0
0.851235,0.038891156,0
0.85184,0.037452602,0
0.852445,0.035945341,0
0.85305,0.034385584,0
0.853655,0.032948755,0
0.85426,0.031854649,0
0.854865,0.030885897,0
0.85547,0.029301786,0
0.856075,0.026541034,0
0.85668,0.022968255,0
0.857285,0.019674442,0
0.85789,0.017440097,0
0.858495,0.016080436,0
0.8591,0.014852711,0
0.859705,0.013232303,0
0.86031,0.01121008,0
0.860915,0.009052882,0
0.86152,0.006986019,0
0.862125,0.005168754,0
0.86273,0.003759265,0
0.863335,0.002702933,0
0.86394,0.001492003,0
0.864545,-0.000556032,0
0.86515,-0.003570132,0
0.865755,-0.006823503,0
0.86636,-0.00943688,0
0.866965,-0.011287351,0
0.86757,-0.012986468,0
0.868175,-0.015091474,0
0.86878,-0.01756005,0
0.869385,-0.019942042,0
0.86999,-0.021920977,0
0.870595,-0.023558682,0
0.8712,-0.025131161,0
0.871805,-0.026911782,0
0.87241,-0.029089695,0
0.873015,-0.031713342,0
0.87362,-0.034574139,0
0.874225,-0.037250849,0
0.87483,-0.039498513,0
0.875435,-0.041519447,0
0.87604,-0.043619766,0
0.876645,-0.045714533,0
0.87725,-0.04746275,0
0.877855,-0.048887149,0
0.87846,-0.050543043,0
0.879065,-0.052815429,0
0.87967,-0.055188117,0
0.880275,-0.056600266,0
0.88088,-0.056726316,0
0.881485,-0.056692729,0
0.88209,-0.058121217,0
0.882695,-0.061423233,0
0.8833,-0.065421584,0
0.883905,-0.068689595,0
0.88451,-0.070843617,0
0.885115,-0.072476394,0
0.88572,-0.074272852,0
0.886325,-0.076443968,0
0.88693,-0.07880513,0
0.887535,-0.081046657,0
0.88814,-0.08285279,0
0.888745,-0.084020771,0
0.88935,-0.084732768,0
0.889955,-0.085688826,0
0.89056,-0.087659087,0
0.891165,-0.090702317,0
0.89177,-0.094039416,0
0.892375,-0.096851963,0
0.89298,-0.098956249,0
0.893585,-0.100626797,0
0.89419,-0.102144692,0
0.894795,-0.103753546,0
0.8954,-0.105777054,0
0.896005,-0.108291764,0
0.89661,-0.110548266,0
0.897215,-0.11120138,0
0.89782,-0.109769883,0
0.898425,-0.10787734,0
0.89903,-0.108272857,0
0.899635,-0.11211105,0
0.90024,-0.117714321,0
0.900845,-0.122481428,0
0.90145,-0.12540935,0
0.902055,-0.127218588,0
0.90266,-0.128684824,0
0.903265,-0.129832545,0
0.90387,-0.130774828,0
0.904475,-0.132301162,0
0.90508,-0.134711375,0
0.905685,-0.136567754,0
0.90629,-0.135988959,0
0.906895,-0.133446497,0
0.9075,-0.132021481,0
0.908105,-0.134106947,0
0.90871,-0.138726003,0
0.909315,-0.142944632,0
0.90992,-0.145128048,0
0.910525,-0.145812308,0
0.91113,-0.146088396,0
0.911735,-0.146501391,0
0.91234,-0.147447176,0
0.912945,-0.149275186,0
0.91355,-0.151205524,0
0.914155,-0.150899576,0
0.91476,-0.146566639,0
0.915365,-0.13993424,0
0.91597,-0.135900738,0
0.916575,-0.138034062,0
0.91718,-0.144882018,0
0.917785,-0.151607463,0
0.91839,-0.154703187,0
0.918995,-0.15428192,0
0.9196,-0.152546557,0
0.920205,-0.151416869,0
0.92081,-0.151601245,0
0.921415,-0.152702403,0
0.92202,-0.15345547,0
0.922625,-0.152331583,0
0.92323,-0.148714737,0
0.923835,-0.14372873,0
0.92444,-0.139753099,0
0.925045,-0.138807294,0
0.92565,-0.140958752,0
0.926255,-0.144175875,0
0.92686,-0.145947124,0
0.927465,-0.145143136,0
0.92807,-0.142463872,0
0.928675,-0.139515382,0
0.92928,-0.137682157,0
0.929885,-0.137441422,0
0.93049,-0.137884448,0
0.931095,-0.13668483,0
0.9317,-0.13158451,0
0.932305,-0.122992552,0
0.93291,-0.114876847,0
0.933515,-0.111943574,0
0.93412,-0.115258114,0
0.934725,-0.121083223,0
0.93533,-0.12455617,0
0.935935,-0.12400951,0
0.93654,-0.121246226,0
0.937145,-0.118552033,0
0.93775,-0.116651575,0
0.938355,-0.11526168,0
0.93896,-0.114145774,0
0.939565,-0.112807928,0
0.94017,-0.109941405,0
0.940775,-0.10455346,0
0.94138,-0.097956228,0
0.941985,-0.093525828,0
0.94259,-0.093410178,0
0.943195,-0.095974876,0
0.9438,-0.097513074,0
0.944405,-0.096075106,0
0.94501,-0.09271871,0
0.945615,-0.089429188,0
0.94622,-0.086968317,0
0.946825,-0.084973446,0
0.94743,-0.083076477,0
0.948035,-0.080848055,0
0.94864,-0.077078553,0
0.949245,-0.070588311,0
0.94985,-0.062358014,0
0.950455,-0.055886889,0
0.95106,-0.054197092,0
0.951665,-0.056605354,0
0.95227,-0.059395345,0
0.952875,-0.059514167,0
0.95348,-0.056757095,0
0.954085,-0.052712689,0
0.95469,-0.048811498,0
0.955295,-0.045665379,0
0.9559,-0.043337273,0
0.956505,-0.041337128,0
0.95711,-0.038495261,0
0.957715,-0.033699691,0
0.95832,-0.027286549,0
0.958925,-0.021388128,0
0.95953,-0.01820547,0
0.960135,-0.017809627,0
0.96074,-0.018122422,0
0.961345,-0.017060726,0
0.96195,-0.014198522,0
0.962555,-0.01042622,0
0.96316,-0.006701891,0
0.963765,-0.003498676,0
0.96437,-0.001003157,0
0.964975,0.000952501,0
0.96558,0.003297165,0
0.966185,0.007333091,0
0.96679,0.013270978,0
0.967395,0.019311287,0
0.968,0.022946605,0
0.968605,0.023499192,0
0.96921,0.022832654,0
0.969815,0.023289661,0.00E+00
0.97042,0.025510682,0
0.971025,0.028523836,0
0.97163,0.031308417,0
0.972235,0.033694615,0
0.97284,0.035956767,0
0.973445,0.03816231,0
0.97405,0.040229147,0
0.974655,0.042352868,0
0.97526,0.044937802,0
0.975865,0.047975758,0
0.97647,0.050770896,0
0.977075,0.052582142,0
0.97768,0.053430271,0
0.978285,0.054051628,0
0.97889,0.055180068,0
0.979495,0.057021933,0
0.9801,0.059280442,0
0.980705,0.061493614,0
0.98131,0.063341949,0
0.981915,0.064793219,0
0.98252,0.066128988,0
0.983125,0.067824896,0
0.98373,0.070186947,0
0.984335,0.072904843,0
0.98494,0.075082229,0
0.985545,0.076021724,0
0.98615,0.075978954,0
0.986755,0.075899016,0
0.98736,0.076469555,0
0.987965,0.07765039,0
0.98857,0.079029395,0
0.989175,0.080363847,0
0.98978,0.081681778,0
0.990385,0.082978212,0
0.99099,0.084046292,0
0.991595,0.084773393,0
0.9922,0.085482287,0
0.992805,0.08662949,0
0.99341,0.08805895,0
0.994015,0.088933382,0
0.99462,0.088722261,0
0.995225,0.088038516,0
0.99583,0.08813911,0
0.996435,0.089574364,0
0.99704,0.091563921,0
0.997645,0.092873281,0
0.99825,0.09315095,0
0.998855,0.093149508,0
0.99946,0.093763661,0
1.000065,0.09519002,0
1.00067,0.096996505,0
1.001275,0.098607085,0
1.00188,0.099511129,0
1.002485,0.099381384,0
1.00309,0.098476632,0
1.003695,0.097735364,0
1.0043,0.097940536,0
1.004905,0.098856671,0
1.00551,0.099591477,0
1.006115,0.099693939,0
1.00672,0.099510029,0
1.007325,0.099532882,0
1.00793,0.099825983,0
1.008535,0.100219719,0
1.00914,0.100694529,0
1.009745,0.101165279,0
1.01035,0.101102181,0
1.010955,0.099945233,0
1.01156,0.097980733,0
1.012165,0.096353172,0
1.01277,0.095906035,0
1.013375,0.096205696,0
1.01398,0.096153859,0
1.014585,0.095581009,0
1.01519,0.095515442,0
1.015795,0.096455906,0
1.0164,0.097266961,0
1.017005,0.096763765,0
1.01761,0.09567395,0
1.018215,0.095671743,0
1.01882,0.096805948,0
1.019425,0.097295877,0
1.02003,0.095956068,0
1.020635,0.093658597,0
1.02124,0.09202987,0
1.021845,0.091570163,0
1.02245,0.091583569,0
1.023055,0.091325699,0
1.02366,0.090648409,0
1.024265,0.089881352,0
1.02487,0.08945355,0
1.025475,0.089452428,0
1.02608,0.089441038,0
1.026685,0.088810204,0
1.02729,0.087305979,0
1.027895,0.085184173,0
1.0285,0.082942043,0
1.029105,0.080964236,0
1.02971,0.079345388,0
1.030315,0.077979825,0
1.03092,0.076831907,0
1.031525,0.076028672,0
1.03213,0.075576154,0
1.032735,0.07513566,0
1.03334,0.074358555,0
1.033945,0.073405597,0
1.03455,0.072758268,0
1.035155,0.072435661,0
1.03576,0.071834732,0
1.036365,0.070503702,0
1.03697,0.068704282,0
1.037575,0.067066052,0
1.03818,0.065882257,0
1.038785,0.064824968,0
1.03939,0.063366793,0
1.039995,0.061526313,0
1.0406,0.060037131,0
1.041205,0.059497196,0
1.04181,0.059455816,0
1.042415,0.058835643,0
1.04302,0.057315154,0
1.043625,0.055696412,0
1.04423,0.054643459,0
1.044835,0.053623854,0
1.04544,0.051614889,0
1.046045,0.048543791,0
1.04665,0.045457915,0
1.047255,0.043354634,0
1.04786,0.042273247,0
1.048465,0.041521894,0
1.04907,0.040486855,0
1.049675,0.039120447,0
1.05028,0.037761551,0
1.050885,0.036663514,0
1.05149,0.035786798,0
1.052095,0.034954797,0
1.0527,0.034032847,0
1.053305,0.032889684,0
1.05391,0.031341959,0
1.054515,0.029319896,0
1.05512,0.027010108,0
1.055725,0.024687203,0
1.05633,0.022486308,0
1.056935,0.020438338,0
1.05754,0.018589845,0
1.058145,0.016946305,0
1.05875,0.015392465,0
1.059355,0.013805487,0
1.05996,0.012204593,0
1.060565,0.010678651,0
1.06117,0.009149895,0
1.061775,0.007293836,0
1.06238,0.004800562,0
1.062985,0.001734638,0
1.06359,-0.001443847,0
1.064195,-0.004259391,0
1.0648,-0.006566764,0
1.065405,-0.008490673,0
1.06601,-0.010150057,0
1.066615,-0.011607703,0
1.06722,-0.013052799,0
1.067825,-0.014802888,0
1.06843,-0.016965143,0
1.069035,-0.019165654,0
1.06964,-0.020825139,0
1.070245,-0.021829542,0
1.07085,-0.02283068,0
1.071455,-0.024680344,0
1.07206,-0.027548634,0
1.072665,-0.030792745,0
1.07327,-0.033698558,0
1.073875,-0.036086122,0
1.07448,-0.038161924,0
1.075085,-0.0401037,0
1.07569,-0.041976527,0
1.076295,-0.04390373,0
1.0769,-0.046063336,0
1.077505,-0.048419658,0
1.07811,-0.050615389,0
1.078715,-0.052345162,0
1.07932,-0.053842014,0
1.079925,-0.055780453,0
1.08053,-0.05856027,0
1.081135,-0.061833301,0
1.08174,-0.064862908,0
1.082345,-0.067201952,0
1.08295,-0.068945294,0
1.083555,-0.070505326,0
1.08416,-0.072285771,0
1.084765,-0.074494008,0
1.08537,-0.077011418,0
1.085975,-0.079258381,0
1.08658,-0.080405962,0
1.087185,-0.080195397,0
1.08779,-0.079664005,0
1.088395,-0.080576609,0
1.089,-0.083722658,0
1.089605,-0.088072264,0
1.09021,-0.091937167,0
1.090815,-0.09456575,0
1.09142,-0.096324451,0
1.092025,-0.097838697,0
1.09263,-0.099427698,0
1.093235,-0.101196501,0
1.09384,-0.103221658,0
1.094445,-0.105353185,0
1.09505,-0.106972036,0
1.095655,-0.107434509,0
1.09626,-0.107051404,0
1.096865,-0.107311446,0
1.09747,-0.109578041,0
1.098075,-0.113561982,0
1.09868,-0.117531015,0
1.099285,-0.120041185,0
1.09989,-0.121117731,0
1.100495,-0.121810251,0
1.1011,-0.123007854,0
1.101705,-0.124862483,0
1.10231,-0.127054217,0
1.102915,-0.12902146,0
1.10352,-0.129776083,0
1.104125,-0.128282062,0
1.10473,-0.12495612,0
1.105335,-0.122522638,0
1.10594,-0.124086377,0
1.106545,-0.129871676,0
1.10715,-0.136708098,0
1.107755,-0.14118162,0
1.10836,-0.142640373,0
1.108965,-0.14279351,0
1.10957,-0.143217494,0
1.110175,-0.14421877,0
1.11078,-0.145736283,0
1.111385,-0.147776786,0
1.11199,-0.14938487,0
1.112595,-0.148645876,0
1.1132,-0.145103984,0
1.113805,-0.141508393,0
1.11441,-0.141570795,0
1.115015,-0.145859778,0
1.11562,-0.151170477,0
1.116225,-0.154168,0
1.11683,-0.154390513,0
1.117435,-0.153426166,0
1.11804,-0.15261499,0
1.118645,-0.152414186,0
1.11925,-0.152996859,0
1.119855,-0.154005416,0
1.12046,-0.153725954,0
1.121065,-0.150025838,0
1.12167,-0.14315201,0
1.122275,-0.136865406,0
1.12288,-0.135448415,0
1.123485,-0.139454448,0
1.12409,-0.14529305,0
1.124695,-0.148989905,0
1.1253,-0.149369583,0
1.125905,-0.147703751,0
1.12651,-0.145667484,0
1.127115,-0.144222808,0
1.12772,-0.143618242,0
1.128325,-0.143399371,0
1.12893,-0.142290098,0
1.129535,-0.13886384,0
1.13014,-0.133077673,0
1.130745,-0.127108827,0
1.13135,-0.123965291,0
1.131955,-0.124720097,0
1.13256,-0.127425631,0
1.133165,-0.129089606,0
1.13377,-0.12832673,0
1.134375,-0.125919046,0
1.13498,-0.123316915,0
1.135585,-0.121157383,0
1.13619,-0.119386092,0
1.136795,-0.11803599,0
1.1374,-0.116755499,0
1.138005,-0.113905925,0
1.13861,-0.107757593,0
1.139215,-0.099312684,0
1.13982,-0.092806968,0
1.140425,-0.091954045,0
1.14103,-0.095899088,0
1.141635,-0.100026208,0
1.14224,-0.100652421,0
1.142845,-0.097978438,0
1.14345,-0.094572267,0
1.144055,-0.092189045,0
1.14466,-0.090696448,0
1.145265,-0.089220378,0
1.14587,-0.087124925,0
1.146475,-0.083897238,0
1.14708,-0.079108993,0
1.147685,-0.073237962,0
1.14829,-0.068139713,0
1.148895,-0.065693265,0
1.1495,-0.065839515,0
1.150105,-0.06663058,0
1.15071,-0.066186442,0
1.151315,-0.0640439,0
1.15192,-0.060779987,0
1.152525,-0.057129897,0
1.15313,-0.053775679,0
1.153735,-0.051311586,0
1.15434,-0.049580755,0
1.154945,-0.047129402,0
1.15555,-0.042153016,0
1.156155,-0.034641183,0
1.15676,-0.027357926,0
1.157365,-0.023742658,0
1.15797,-0.024440973,0
1.158575,-0.026569177,0
1.15918,-0.026735212,0
1.159785,-0.024141275,0
1.16039,-0.020413089,0
1.160995,-0.017160219,0
1.1616,-0.014513066,0
1.162205,-0.011833128,0
1.16281,-0.008907762,0
1.163415,-0.005875034,0
1.16402,-0.002439641,0
1.164625,0.001904745,0
1.16523,0.006724101,0
1.165835,0.010538555,0
1.16644,0.012402199,0
1.167045,0.013115236,0
1.16765,0.014348808,0
1.168255,0.016881781,0
1.16886,0.020160379,0
1.169465,0.023340608,0
1.17007,0.026191917,0
1.170675,0.028897081,0
1.17128,0.031477472,0
1.171885,0.03392568,0
1.17249,0.036746134,0
1.173095,0.040660285,0
1.1737,0.045440847,0
1.174305,0.049540047,0
1.17491,0.051496204,0
1.175515,0.051544982,0
1.17612,0.051315225,0
1.176725,0.052107003,0
1.17733,0.053948565,0
1.177935,0.05611196,0
1.17854,0.057998879,0
1.179145,0.059467773,0
1.17975,0.060647502,0
1.180355,0.061759575,0
1.18096,0.063118134,0
1.181565,0.064983577,0
1.18217,0.06720013,0
1.182775,0.069110217,0
1.18338,0.070098485,0
1.183985,0.070258419,0
1.18459,0.070320107,0
1.185195,0.070917472,0
1.1858,0.072118245,0
1.186405,0.073612456,0
1.18701,0.075111092,0
1.187615,0.076477201,0
1.18822,0.077635699,0
1.188825,0.078611941,0
1.18943,0.0796701,0
1.190035,0.081145256,0
1.19064,0.082980487,0
1.191245,0.084564821,0
1.19185,0.085286785,0
1.192455,0.085294079,0
1.19306,0.085419187,0
1.193665,0.086220333,0
1.19427,0.087395887,0
1.194875,0.088335634,0
1.19548,0.08897708,0
1.196085,0.089793809,0
1.19669,0.091026792,0
1.197295,0.09232253,0
1.1979,0.093279023,0
1.198505,0.094022316,0
1.19911,0.094914236,0
1.199715,0.095836765,0
1.20032,0.096205515,0
1.200925,0.095805995,0
1.20153,0.095238184,0
1.202135,0.095292345,0
1.20274,0.096139203,0
1.203345,0.09732818,0
1.20395,0.098345333,0
1.204555,0.098988763,0
1.20516,0.099405223,0
1.205765,0.099934329,0
1.20637,0.100782309,0
1.206975,0.101775556,0
1.20758,0.10252126,0
1.208185,0.102759063,0
1.20879,0.102493846,0
1.209395,0.101891921,0
1.21,0.101126742,0
1.210605,0.100332331,0
1.21121,0.09968718,0
1.211815,0.099434964,0
1.21242,0.099692896,0
1.213025,0.100166068,0
1.21363,0.100193735,0
1.214235,0.099491623,0
1.21484,0.098858602,0
1.215445,0.099414817,0
1.21605,0.100798803,0
1.216655,0.100973263,0
1.21726,0.098613263,0
1.217865,0.095044989,0
1.21847,0.092789353,0
1.219075,0.092604637,0
1.21968,0.093041531,0
1.220285,0.092652222,0
1.22089,0.091546888,0
1.221495,0.090676878,0
1.2221,0.09043092,0
1.222705,0.090364681,0
1.22331,0.089938042,0
1.223915,0.089171908,0
1.22452,0.088609452,0
1.225125,0.088555649,0
1.22573,0.088368475,0
1.226335,0.086967354,0
1.22694,0.084211888,0
1.227545,0.081309635,0
1.22815,0.079621115,0
1.228755,0.079337123,0
1.22936,0.079472973,0
1.229965,0.078941272,0
1.23057,0.077506831,0
1.231175,0.075864645,0
1.23178,0.074881876,0
1.232385,0.074688189,0
1.23299,0.074562444,0
1.233595,0.0737594,0
1.2342,0.0722113,0
1.234805,0.07028478,0
1.23541,0.068215946,0
1.236015,0.066137909,0
1.23662,0.064391623,0
1.237225,0.063368739,0
1.23783,0.063092774,0
1.238435,0.06313772,0
1.23904,0.062887154,0
1.239645,0.061931407,0
1.24025,0.060493658,0
1.240855,0.059412243,0
1.24146,0.059276027,0
1.242065,0.059507898,0
1.24267,0.058773298,0
1.243275,0.056512976,0
1.24388,0.05366574,0
1.244485,0.051565944,0
1.24509,0.050453932,0
1.245695,0.049486591,0
1.2463,0.048007118,0
1.246905,0.046297884,0
1.24751,0.045037693,0
1.248115,0.044364067,0
1.24872,0.043687689,0
1.249325,0.042406149,0
1.24993,0.040619297,0
1.250535,0.038943605,0
1.25114,0.037646285,0
1.251745,0.03621753,0
1.25235,0.033989478,0
1.252955,0.031031254,0
1.25356,0.028130745,0
1.254165,0.025943989,0
1.25477,0.024462169,0
1.255375,0.023267715,0
1.25598,0.021982673,0
1.256585,0.020401003,0
1.25719,0.018462694,0
1.257795,0.016333058,0
1.2584,0.014415571,0
1.259005,0.013026884,0
1.25961,0.01195706,0
1.260215,0.010486633,0
1.26082,0.008040221,0
1.261425,0.004832125,0
1.26203,0.001693892,0
1.262635,-0.000740725,0
1.26324,-0.002523996,0
1.263845,-0.004126429,0
1.26445,-0.005896818,0
1.265055,-0.007843924,0
1.26566,-0.009807302,0
1.266265,-0.011670474,0
1.26687,-0.01340713,0
1.267475,-0.015080235,0
1.26808,-0.016875232,0
1.268685,-0.019042008,0
1.26929,-0.021673719,0
1.269895,-0.024516157,0
1.2705,-0.027098567,0
1.271105,-0.029132987,0
1.27171,-0.030750761,0
1.272315,-0.032329237,0
1.27292,-0.034139036,0
1.273525,-0.036173362,0
1.27413,-0.038252109,0
1.274735,-0.040196709,0
1.27534,-0.041867855,0
1.275945,-0.043131128,0
1.27655,-0.043988568,0
1.277155,-0.044837209,0
1.27776,-0.046372015,0
1.278365,-0.048941766,0
1.27897,-0.05209951,0
1.279575,-0.055041032,0
1.28018,-0.057381776,0
1.280785,-0.059319486,0
1.28139,-0.061198442,0
1.281995,-0.063154573,0
1.2826,-0.065178775,0
1.283205,-0.067316744,0
1.28381,-0.069586128,0
1.284415,-0.071733608,0
1.28502,-0.073376062,0
1.285625,-0.074564102,0
1.28623,-0.076011704,0
1.286835,-0.078455898,0
1.28744,-0.08182277,0
1.288045,-0.085288943,0
1.28865,-0.088114719,0
1.289255,-0.090199351,0
1.28986,-0.091946462,0
1.290465,-0.093858573,0
1.29107,-0.096252062,0
1.291675,-0.099089041,0
1.29228,-0.101816011,0
1.292885,-0.103447307,0
1.29349,-0.103283994,0
1.294095,-0.101932009,0
1.2947,-0.101376876,0
1.295305,-0.10342309,0
1.29591,-0.107931712,0
1.296515,-0.113032528,0
1.29712,-0.117008878,0
1.297725,-0.119474775,0
1.29833,-0.120942285,0
1.298935,-0.122029082,0
1.29954,-0.123298692,0
1.300145,-0.125276871,0
1.30075,-0.127890396,0
1.301355,-0.129901085,0
1.30196,-0.129742448,0
1.302565,-0.127508146,0
1.30317,-0.125645494,0
1.303775,-0.12681108,0
1.30438,-0.131032759,0
1.304985,-0.135761038,0
1.30559,-0.138699361,0
1.306195,-0.139685909,0
1.3068,-0.139879903,0
1.307405,-0.140277775,0
1.30801,-0.14137784,0
1.308615,-0.143305116,0
1.30922,-0.145350051,0
1.309825,-0.145757352,0
1.31043,-0.143079584,0
1.311035,-0.138144559,0
1.31164,-0.134167459,0
1.312245,-0.134275331,0
1.31285,-0.138717085,0
1.313455,-0.144785581,0
1.31406,-0.149436173,0
1.314665,-0.151461301,0
1.31527,-0.151437078,0
1.315875,-0.15062664,0
1.31648,-0.15014844,0
1.317085,-0.150556162,0
1.31769,-0.151639061,0
1.318295,-0.152398287,0
1.3189,-0.151459345,0
1.319505,-0.148111581,0
1.32011,-0.143444798,0
1.320715,-0.140250776,0
1.32132,-0.140891822,0
1.321925,-0.144891865,0
1.32253,-0.1491537,0
1.323135,-0.15076788,0
1.32374,-0.149346079,0
1.324345,-0.146682675,0
1.32495,-0.144694165,0
1.325555,-0.144103681,0
1.32616,-0.144510331,0
1.326765,-0.144540958,0
1.32737,-0.142024698,0
1.327975,-0.135567567,0
1.32858,-0.126939183,0
1.329185,-0.120958383,0
1.32979,-0.121380452,0
1.330395,-0.126912352,0
1.331,-0.132439651,0
1.331605,-0.134053898,0
1.33221,-0.131958664,0
1.332815,-0.128771742,0
1.33342,-0.126349696,0
1.334025,-0.124933007,0
1.33463,-0.124240353,0
1.335235,-0.123727202,0
1.33584,-0.121972124,0
1.336445,-0.117461648,0
1.33705,-0.11074089,0
1.337655,-0.104987002,0
1.33826,-0.10331493,0
1.338865,-0.105498673,0
1.33947,-0.108180951,0
1.340075,-0.108332078,0
1.34068,-0.105761012,0
1.341285,-0.102270137,0
1.34189,-0.099343774,0
1.342495,-0.097256108,0
1.3431,-0.095712349,0
1.343705,-0.094180922,0
1.34431,-0.091486446,0
1.344915,-0.086175103,0
1.34552,-0.078358571,0
1.346125,-0.070922245,0
1.34673,-0.067527409,0
1.347335,-0.068919667,0
1.34794,-0.072077787,0
1.348545,-0.073329516,0
1.34915,-0.071550272,0
1.349755,-0.068101994,0
1.35036,-0.064629133,0
1.350965,-0.061756138,0
1.35157,-0.059460551,0
1.352175,-0.057546037,0
1.35278,-0.055326361,0
1.353385,-0.051577308,0
1.35399,-0.045755845,0
1.354595,-0.039302004,0
1.3552,-0.034872794,0
1.355805,-0.033765772,0
1.35641,-0.034519156,0
1.357015,-0.034464622,0
1.35762,-0.032291646,0
1.358225,-0.028701747,0
1.35883,-0.025013833,0
1.359435,-0.021870018,0
1.36004,-0.019272462,0
1.360645,-0.017074661,0
1.36125,-0.014795939,0
1.361855,-0.011313839,0
1.36246,-0.005750691,0
1.363065,0.0009618,0
1.36367,0.006150018,0
1.364275,0.007833693,0
1.36488,0.00688291,0
1.365485,0.006126339,0
1.36609,0.007520799,0
1.366695,0.010761576,0
1.3673,0.014376741,0
1.367905,0.017418361,0
1.36851,0.019923657,0
1.369115,0.022258437,0
1.36972,0.02462856,0
1.370325,0.027266799,0
1.37093,0.030538531,0
1.371535,0.03444478,0
1.37214,0.038191943,0
1.372745,0.040732359,0
1.37335,0.041877654,0
1.373955,0.042557769,0
1.37456,0.043879379,0
1.375165,0.046182071,0
1.37577,0.048991936,0
1.376375,0.051608833,0
1.37698,0.053638811,0
1.377585,0.055128106,0
1.37819,0.056468452,0
1.378795,0.058235536,0
1.3794,0.060847607,0
1.380005,0.064125314,0
1.38061,0.067201418,0
1.381215,0.069129585,0
1.38182,0.069769861,0
1.382425,0.069903788,0
1.38303,0.070379281,0
1.383635,0.071391186,0
1.38424,0.072657983,0
1.384845,0.0739878,0
1.38545,0.075437602,0
1.386055,0.07700966,0
1.38666,0.078479583,0
1.387265,0.079660822,0
1.38787,0.080670909,0
1.388475,0.081759752,0
1.38908,0.082916824,0
1.389685,0.083814986,0
1.39029,0.084225373,0
1.390895,0.084363964,0
1.3915,0.08470435,0
1.392105,0.085525604,0
1.39271,0.086734217,0
1.393315,0.088058789,0
1.39392,0.089285975,0
1.394525,0.090302657,0
1.39513,0.091085599,0
1.395735,0.091774405,0
1.39634,0.092662661,0
1.396945,0.093947564,0
1.39755,0.095404781,0
1.398155,0.096428013,0
1.39876,0.096586896,0
1.399365,0.096096195,0
1.39997,0.095596997,0
1.400575,0.095595289,0
1.40118,0.096187942,0
1.401785,0.097096747,0
1.40239,0.09785449,0
1.402995,0.098201672,0
1.4036,0.098398622,0
1.404205,0.098881374,0
1.40481,0.09958692,0
1.405415,0.099998908,0
1.40602,0.099873508,0
1.406625,0.099497727,0
1.40723,0.09919113,0
1.407835,0.098898048,0
1.40844,0.098396161,0
1.409045,0.097761779,0
1.40965,0.097442396,0
1.410255,0.097824558,0
1.41086,0.098829256,0
1.411465,0.099908394,0
1.41207,0.100400931,0
1.412675,0.100109588,0
1.41328,0.099633253,0
1.413885,0.09986651,0
1.41449,0.100940567,0
1.415095,0.101767199,0
1.4157,0.100979405,0
1.416305,0.09854368,0
1.41691,0.096128508,0
1.417515,0.095389851,0
1.41812,0.096100159,0
1.418725,0.096576235,0
1.41933,0.095781245,0
1.419935,0.094314944,0
1.42054,0.093373265,0
1.421145,0.093337701,0
1.42175,0.093568749,0
1.422355,0.093278967,0
1.42296,0.092271589,0
1.423565,0.090784386,0
1.42417,0.088953226,0
1.424775,0.086757498,0
1.42538,0.084408695,0
1.425985,0.0824476,0
1.42659,0.081278845,0
1.427195,0.080767414,0
1.4278,0.080450494,0
1.428405,0.080003886,0
1.42901,0.079364677,0
1.429615,0.07858209,0
1.43022,0.077777252,0
1.430825,0.077119906,0
1.43143,0.076571482,0
1.432035,0.075760984,0
1.43264,0.074390521,0
1.433245,0.072644247,0
1.43385,0.070949565,0
1.434455,0.069455494,0
1.43506,0.068013721,0
1.435665,0.066619457,0
1.43627,0.06555372,0
1.436875,0.065021601,0
1.43748,0.064850684,0
1.438085,0.064567221,0
1.43869,0.063759343,0
1.439295,0.062506132,0
1.4399,0.061313789,0
1.440505,0.060376098,0
1.44111,0.059131336,0
1.441715,0.056950593,0
1.44232,0.05414099,0
1.442925,0.051790833,0
1.44353,0.050544869,0
1.444135,0.049958296,0
1.44474,0.049221331,0
1.445345,0.048130689,0
1.44595,0.047071703,0
1.446555,0.046303389,0
1.44716,0.045660702,0
1.447765,0.044947883,0
1.44837,0.044238153,0
1.448975,0.043586525,0
1.44958,0.042678232,0
1.450185,0.041074706,0
1.45079,0.038820313,0
1.451395,0.036545205,0
1.452,0.034841092,0
1.452605,0.033697139,0
1.45321,0.032631933,0
1.453815,0.031223904,0
1.45442,0.029408323,0
1.455025,0.027371346,0
1.45563,0.025348184,0
1.456235,0.023526163,0
1.45684,0.021922936,0
1.457445,0.020247503,0
1.45805,0.018029101,0
1.458655,0.015051078,0
1.45926,0.011643025,0
1.459865,0.00842636,0
1.46047,0.005777056,0
1.461075,0.003641197,0
1.46168,0.001799786,0
1.462285,0.000110356,0
1.46289,-0.001533414,0
1.463495,-0.00331032,0
1.4641,-0.005363193,0
1.464705,-0.007534663,0
1.46531,-0.009361638,0
1.465915,-0.010555822,0
1.46652,-0.011516814,0
1.467125,-0.013122433,0
1.46773,-0.015818107,0
1.468335,-0.01909364,0
1.46894,-0.022077095,0
1.469545,-0.024452175,0
1.47015,-0.026552594,0.00E+00
1.470755,-0.028741157,0
1.47136,-0.031000698,0
1.471965,-0.033128869,0
1.47257,-0.035097537,0
1.473175,-0.037053559,0
1.47378,-0.03903982,0
1.474385,-0.040922279,0
1.47499,-0.042667852,0
1.475595,-0.044538652,0
1.4762,-0.046836557,0
1.476805,-0.049536917,0
1.47741,-0.052346309,0
1.478015,-0.055005321,0
1.47862,-0.057338274,0
1.479225,-0.059163757,0
1.47983,-0.060469958,0
1.480435,-0.06168907,0
1.48104,-0.063476729,0
1.481645,-0.065933707,0
1.48225,-0.068164867,0
1.482855,-0.069040096,0
1.48346,-0.068621647,0
1.484065,-0.068546505,0
1.48467,-0.070527144,0
1.485275,-0.074528077,0
1.48588,-0.078881999,0
1.486485,-0.082126569,0
1.48709,-0.084193634,0
1.487695,-0.085859687,0
1.4883,-0.087671547,0
1.488905,-0.089685218,0
1.48951,-0.091861709,0
1.490115,-0.094158507,0
1.49072,-0.096176203,0
1.491325,-0.097239133,0
1.49193,-0.097260175,0
1.492535,-0.097334888,0
1.49314,-0.098922705,0
1.493745,-0.10230515,0
1.49435,-0.106285217,0
1.494955,-0.10950057,0
1.49556,-0.111575593,0
1.496165,-0.112961811,0
1.49677,-0.114245886,0
1.497375,-0.115915467,0
1.49798,-0.118341457,0
1.498585,-0.121266152,0
1.49919,-0.123267799,0
1.499795,-0.122616678,0
1.5004,-0.119437409,0
1.501005,-0.116641716,0
1.50161,-0.11761658,0
1.502215,-0.122722315,0
1.50282,-0.128968555,0
1.503425,-0.133376825,0
1.50403,-0.135583956,0
1.504635,-0.136876151,0
1.50524,-0.138066167,0
1.505845,-0.139243638,0
1.50645,-0.140693883,0
1.507055,-0.142674078,0
1.50766,-0.144308028,0
1.508265,-0.143953374,0
1.50887,-0.141293866,0
1.509475,-0.138444265,0
1.51008,-0.13824429,0
1.510685,-0.141452959,0
1.51129,-0.14610859,0
1.511895,-0.149687884,0
1.5125,-0.15120922,0
1.513105,-0.15117469,0
1.51371,-0.150524507,0
1.514315,-0.150155018,0
1.51492,-0.15073916,0
1.515525,-0.152203996,0
1.51613,-0.153214142,0
1.516735,-0.151708406,0
1.51734,-0.146800097,0
1.517945,-0.140453638,0
1.51855,-0.13667705,0
1.519155,-0.138209233,0
1.51976,-0.143880122,0
1.520365,-0.149655155,0
1.52097,-0.152248677,0
1.521575,-0.151509543,0
1.52218,-0.149643447,0
1.522785,-0.14862057,0
1.52339,-0.148575905,0
1.523995,-0.1485286,0
1.5246,-0.147751665,0
1.525205,-0.145821059,0
1.52581,-0.142158741,0
1.526415,-0.136828565,0
1.52702,-0.1317373,0
1.527625,-0.129699908,0
1.52823,-0.131602263,0
1.528835,-0.135211386,0
1.52944,-0.137285054,0
1.530045,-0.13639026,0
1.53065,-0.133517466,0
1.531255,-0.130516637,0
1.53186,-0.128502615,0
1.532465,-0.127628274,0
1.53307,-0.127256859,0
1.533675,-0.125673948,0
1.53428,-0.120821054,0
1.534885,-0.112777999,0
1.53549,-0.105151926,0
1.536095,-0.102469204,0
1.5367,-0.105641716,0
1.537305,-0.110886786,0
1.53791,-0.11354848,0
1.538515,-0.11222977,0
1.53912,-0.108925793,0
1.539725,-0.106082033,0
1.54033,-0.104422514,0
1.540935,-0.103336772,0
1.54154,-0.102111253,0
1.542145,-0.100075625,0
1.54275,-0.096330373,0
1.543355,-0.090566122,0
1.54396,-0.084330255,0
1.544565,-0.080417312,0
1.54517,-0.080161051,0
1.545775,-0.081875672,0
1.54638,-0.082623413,0
1.546985,-0.08100483,0
1.54759,-0.077743516,0
1.548195,-0.074174501,0
1.5488,-0.071028365,0
1.549405,-0.068567344,0
1.55001,-0.066801722,0
1.550615,-0.064883057,0
1.55122,-0.060978949,0
1.551825,-0.053967604,0
1.55243,-0.045555166,0
1.553035,-0.039683025,0
1.55364,-0.038808102,0
1.554245,-0.041206921,0
1.55485,-0.042803821,0
1.555455,-0.041239784,0
1.55606,-0.037411282,0
1.556665,-0.033491572,0
1.55727,-0.030509919,0
1.557875,-0.028086192,0
1.55848,-0.025646464,0
1.559085,-0.022985603,0
1.55969,-0.019769446,0
1.560295,-0.015416283,0
1.5609,-0.010048117,0
1.561505,-0.005111818,0
1.56211,-0.002241223,0
1.562715,-0.001471079,0
1.56332,-0.001146764,0
1.563925,0.000359525,0
1.56453,0.003289076,0
1.565135,0.006803551,0
1.56574,0.010093496,0
1.566345,0.012914265,0
1.56695,0.015369869,0
1.567555,0.017720524,0
1.56816,0.020535663,0
1.568765,0.0245322,0
1.56937,0.029672616,0
1.569975,0.034549932,0
1.57058,0.037403725,0
1.571185,0.03799546,0
1.57179,0.037909739,0
1.572395,0.03878501,0
1.573,0.040833654,0
1.573605,0.043280065,0
1.57421,0.045572865,0
1.574815,0.04772809,0
1.57542,0.049838398,0
1.576025,0.051786405,0
1.57663,0.05353643,0
1.577235,0.055371982,0
1.57784,0.05756673,0
1.578445,0.059899279,0
1.57905,0.061754088,0
1.579655,0.062813638,0
1.58026,0.063464125,0
1.580865,0.064350137,0
1.58147,0.065706303,0
1.582075,0.067303224,0
1.58268,0.068874299,0
1.583285,0.070355427,0
1.58389,0.071732901,0
1.584495,0.072911291,0
1.5851,0.073932869,0
1.585705,0.075210416,0
1.58631,0.077206581,0
1.586915,0.079719489,0
1.58752,0.081748559,0
1.588125,0.082449432,0
1.58873,0.082116013,0
1.589335,0.081845981,0
1.58994,0.082374833,0
1.590545,0.083605471,0
1.59115,0.085095977,0
1.591755,0.086559095,0
1.59236,0.087849604,0
1.592965,0.08880592,0
1.59357,0.089394095,0
1.594175,0.089945079,0
1.59478,0.090929641,0
1.595385,0.092333827,0
1.59599,0.093451029,0
1.596595,0.093566272,0
1.5972,0.092817808,0
1.597805,0.092146537,0
1.59841,0.092367735,0
1.599015,0.093465525,0
1.59962,0.094822821,0
1.600225,0.095938052,0
1.60083,0.096717775,0
1.601435,0.097211657,0
1.60204,0.09752133,0
1.602645,0.098045502,0
1.60325,0.099210995,0
1.603855,0.100638382,0
1.60446,0.101177767,0
1.605065,0.100291903,0
1.60567,0.098945159,0
1.606275,0.098557737,0
1.60688,0.09935469,0
1.607485,0.100263126,0
1.60809,0.100343687,0
1.608695,0.099820278,0
1.6093,0.099544865,0
1.609905,0.099896948,0
1.61051,0.100568552,0
1.611115,0.101119271,0
1.61172,0.101322758,0
1.612325,0.101070402,0
1.61293,0.100286116,0
1.613535,0.099089918,0
1.61414,0.097859331,0
1.614745,0.096831872,0
1.61535,0.095813565,0
1.615955,0.094733897,0
1.61656,0.094207623,0
1.617165,0.094801669,0
1.61777,0.095947369,0
1.618375,0.096390585,0
1.61898,0.095680571,0
1.619585,0.094634586,0
1.62019,0.094264624,0
1.620795,0.094532486,0
1.6214,0.094370168,0
1.622005,0.092940417,0
1.62261,0.090609226,0
1.623215,0.088453684,0
1.62382,0.087040033,0
1.624425,0.086077227,0
1.62503,0.085181921,0
1.625635,0.084427281,0
1.62624,0.083950731,0
1.626845,0.083488667,0
1.62745,0.08265786,0
1.628055,0.081526304,0
1.62866,0.08058251,0
1.629265,0.08006208,0
1.62987,0.07950072,0
1.630475,0.078119545,0
1.63108,0.075646292,0
1.631685,0.072709012,0
1.63229,0.07034977,0
1.632895,0.069143822,0
1.6335,0.068855168,0
1.634105,0.068818217,0
1.63471,0.068460861,0
1.635315,0.067554401,0
1.63592,0.066264004,0
1.636525,0.065113041,0
1.63713,0.064633221,0
1.637735,0.064741968,0
1.63834,0.06466036,0
1.638945,0.063675053,0
1.63955,0.061772155,0
1.640155,0.059428447,0
1.64076,0.057097861,0
1.641365,0.05512532,0
1.64197,0.053889622,0
1.642575,0.053530122,0
1.64318,0.053496248,0
1.643785,0.052833638,0
1.64439,0.051159728,0
1.644995,0.049141191,0
1.6456,0.047783333,0
1.646205,0.047314362,0
1.64681,0.04693021,0
1.647415,0.045600721,0
1.64802,0.043029718,0
1.648625,0.03986789,0
1.64923,0.037066458,0
1.649835,0.03511824,0
1.65044,0.033932784,0
1.651045,0.033163813,0
1.65165,0.032424211,0
1.652255,0.031364453,0
1.65286,0.029843061,0
1.653465,0.028091303,0
1.65407,0.026578586,0
1.654675,0.025574025,0
1.65528,0.024815279,0
1.655885,0.023658429,0
1.65649,0.021632936,0
1.657095,0.018907176,0
1.6577,0.016151909,0
1.658305,0.013906269,0
1.65891,0.01216812,0
1.659515,0.010592311,0
1.66012,0.008894789,0
1.660725,0.006992942,0
1.66133,0.004923807,0
1.661935,0.002786682,0
1.66254,0.000732277,0
1.663145,-0.001114922,0
1.66375,-0.002795206,0
1.664355,-0.004583308,0
1.66496,-0.006845392,0
1.665565,-0.009699984,0
1.66617,-0.012815687,0
1.666775,-0.015662138,0
1.66738,-0.017982414,0
1.667985,-0.019942295,0
1.66859,-0.021837025,0
1.669195,-0.023773228,0
1.6698,-0.025695888,0
1.670405,-0.02762238,0
1.67101,-0.029653736,0
1.671615,-0.031708746,0
1.67222,-0.03346927,0
1.672825,-0.034810955,0
1.67343,-0.036179932,0
1.674035,-0.038246929,0
1.67464,-0.041170867,0
1.675245,-0.044450591,0
1.67585,-0.047482884,0
1.676455,-0.049998322,0
1.67706,-0.052010802,0
1.677665,-0.053685533,0
1.67827,-0.055346374,0
1.678875,-0.05737799,0
1.67948,-0.059877691,0
1.680085,-0.062398447,0
1.68069,-0.064265491,0
1.681295,-0.065334614,0
1.6819,-0.066360732,0
1.682505,-0.068371824,0
1.68311,-0.071589674,0
1.683715,-0.075164548,0
1.68432,-0.078061028,0
1.684925,-0.079984838,0
1.68553,-0.081392922,0
1.686135,-0.082894397,0
1.68674,-0.084817226,0
1.687345,-0.087164621,0
1.68795,-0.089642931,0
1.688555,-0.091604966,0
1.68916,-0.092279008,0
1.689765,-0.091540717,0
1.69037,-0.090579664,0
1.690975,-0.091335929,0
1.69158,-0.094769073,0
1.692185,-0.099811212,0
1.69279,-0.104362251,0
1.693395,-0.107147127,0
1.694,-0.108424032,0
1.694605,-0.109255855,0
1.69521,-0.110514953,0
1.695815,-0.11252468,0
1.69642,-0.115152442,0
1.697025,-0.117764163,0
1.69763,-0.119233068,0
1.698235,-0.118717782,0
1.69884,-0.116914936,0
1.699445,-0.116163785,0
1.70005,-0.118508774,0
1.700655,-0.123510891,0
1.70126,-0.128493151,0
1.701865,-0.131105158,0
1.70247,-0.131371244,0
1.703075,-0.131211948,0
1.70368,-0.132305438,0
1.704285,-0.134751984,0
1.70489,-0.137573398,0
1.705495,-0.139580498,0
1.7061,-0.13946793,0
1.706705,-0.136355139,0
1.70731,-0.131519059,0
1.707915,-0.128809177,0
1.70852,-0.131471557,0
1.709125,-0.138425942,0
1.70973,-0.14511432,0
1.710335,-0.148193524,0
1.71094,-0.148261797,0
1.711545,-0.147957018,0
1.71215,-0.14868422,0
1.712755,-0.149970462,0
1.71336,-0.151138079,0
1.713965,-0.152053549,0
1.71457,-0.152163236,0
1.715175,-0.150350901,0
1.71578,-0.146709564,0
1.716385,-0.143643832,0
1.71699,-0.143854177,0
1.717595,-0.147226791,0
1.7182,-0.150928265,0
1.718805,-0.152655962,0
1.71941,-0.152520328,0
1.720015,-0.15166176,0
1.72062,-0.150583094,0
1.721225,-0.149556547,0
1.72183,-0.14933635,0
1.722435,-0.149951471,0
1.72304,-0.149315086,0
1.723645,-0.144817334,0
1.72425,-0.136877362,0
1.724855,-0.129828033,0
1.72546,-0.128136684,0
1.726065,-0.131928028,0
1.72667,-0.137143525,0
1.727275,-0.139882112,0
1.72788,-0.139492984,0
1.728485,-0.137607414,0
1.72909,-0.135636095,0
1.729695,-0.133980283,0
1.7303,-0.13276492,0
1.730905,-0.131944108,0
1.73151,-0.130645457,0
1.732115,-0.127453937,0
1.73272,-0.12193646,0
1.733325,-0.115819534,0
1.73393,-0.112122572,0
1.734535,-0.112445428,0
1.73514,-0.115289505,0
1.735745,-0.117581159,0
1.73635,-0.117468439,0
1.736955,-0.115220875,0
1.73756,-0.112097094,0
1.738165,-0.109229017,0
1.73877,-0.107380953,0
1.739375,-0.106653794,0
1.73998,-0.105785332,0
1.740585,-0.102400463,0
1.74119,-0.095185817,0
1.741795,-0.086239679,0
1.7424,-0.080253018,0
1.743005,-0.080230195,0
1.74361,-0.084354984,0
1.744215,-0.087868909,0
1.74482,-0.0876694,0
1.745425,-0.084434572,0
1.74603,-0.080727455,0
1.746635,-0.078086176,0
1.74724,-0.076266779,0
1.747845,-0.074459356,0
1.74845,-0.072182279,0
1.749055,-0.068970551,0
1.74966,-0.064218883,0
1.750265,-0.058187126,0
1.75087,-0.052766349,0
1.751475,-0.050132508,0
1.75208,-0.050402868,0
1.752685,-0.051371713,0
1.75329,-0.05075282,0
1.753895,-0.048071556,0
1.7545,-0.044321393,0
1.755105,-0.040587391,0
1.75571,-0.037421462,0
1.756315,-0.034961535,0
1.75692,-0.0328486,0
1.757525,-0.029960952,0
1.75813,-0.024968,0
1.758735,-0.017899765,0
1.75934,-0.01103703,0
1.759945,-0.007321977,0
1.76055,-0.007438098,0
1.761155,-0.00902111,0
1.76176,-0.009085307,0
1.762365,-0.006683449,0
1.76297,-0.002958574,0
1.763575,0.000669891,0
1.76418,0.003702715,0
1.764785,0.006292254,0
1.76539,0.008670064,0
1.765995,0.011201944,0
1.7666,0.014505066,0
1.767205,0.018874607,0
1.76781,0.023565916,0
1.768415,0.027145089,0
1.76902,0.028884071,0
1.769625,0.029549851,0
1.77023,0.030561325,0
1.770835,0.032657951,0
1.77144,0.035585902,0
1.772045,0.038705666,0
1.77265,0.041543761,0
1.773255,0.04388504,0
1.77386,0.045753431,0
1.774465,0.047564129,0
1.77507,0.050092268,0
1.775675,0.053828214,0
1.77628,0.058159248,0
1.776885,0.061514955,0
1.77749,0.062776988,0
1.778095,0.062467288,0
1.7787,0.062193644,0
1.779305,0.063054667,0
1.77991,0.064895699,0
1.780515,0.066921217,0
1.78112,0.06860068,0
1.781725,0.069908561,0
1.78233,0.071009152,0
1.782935,0.072042146,0
1.78354,0.073189126,0
1.784145,0.074647309,0
1.78475,0.076341717,0
1.785355,0.077773233,0
1.78596,0.078444534,0
1.786565,0.078507988,0
1.78717,0.078711527,0
1.787775,0.079571153,0
1.78838,0.080850694,0
1.788985,0.082025917,0
1.78959,0.08302661,0
1.790195,0.084215078,0
1.7908,0.08573108,0
1.791405,0.087264836,0
1.79201,0.088590917,0
1.792615,0.089950182,0
1.79322,0.091564283,0
1.793825,0.092987931,0
1.79443,0.093479236,0
1.795035,0.093070091,0
1.79564,0.092724698,0
1.796245,0.093213381,0
1.79685,0.094274177,0
1.797455,0.09513846,0
1.79806,0.095518377,0
1.798665,0.095765373,0
1.79927,0.096271981,0
1.799875,0.097075343,0
1.80048,0.098016345,0
1.801085,0.098929625,0
1.80169,0.099555446,0
1.802295,0.099588398,0
1.8029,0.099033981,0
1.803505,0.098273014,0
1.80411,0.097612697,0
1.804715,0.097067418,0
1.80532,0.096707101,0
1.805925,0.096841882,0
1.80653,0.097608159,0
1.807135,0.098580613,0
1.80774,0.099083451,0
1.808345,0.098926817,0
1.80895,0.098657013,0
1.809555,0.098953827,0
1.81016,0.099817082,0
1.810765,0.100401896,0
1.81137,0.099807909,0
1.811975,0.098199236,0
1.81258,0.096894618,0
1.813185,0.096952665,0
1.81379,0.097826223,0
1.814395,0.097929123,0
1.815,0.096635308,0
1.815605,0.095192149,0
1.81621,0.095176451,0
1.816815,0.096428646,0
1.81742,0.097286872,0
1.818025,0.09672776,0
1.81863,0.095390703,0
1.819235,0.094325136,0
1.81984,0.093528283,0
1.820445,0.09218395,0
1.82105,0.089924815,0
1.821655,0.087429675,0
1.82226,0.085828626,0
1.822865,0.085616466,0
1.82347,0.086143114,0
1.824075,0.086240663,0
1.82468,0.085367926,0
1.825285,0.084045836,0
1.82589,0.083191958,0
1.826495,0.08317565,0
1.8271,0.083521031,0
1.827705,0.083353684,0
1.82831,0.082122906,0
1.828915,0.08006243,0
1.82952,0.077937792,0
1.830125,0.076254796,0
1.83073,0.074908658,0
1.831335,0.073722178,0
1.83194,0.072917336,0
1.832545,0.072682363,0
1.83315,0.07257736,0
1.833755,0.071874409,0
1.83436,0.070463749,0
1.834965,0.069067597,0
1.83557,0.068430149,0
1.836175,0.068395209,0
1.83678,0.067865211,0
1.837385,0.065801376,0
1.83799,0.06241844,0
1.838595,0.059229762,0
1.8392,0.057581029,0
1.839805,0.05725953,0
1.84041,0.056945182,0
1.841015,0.055897277,0
1.84162,0.054650323,0
1.842225,0.05398661,0
1.84283,0.053794468,0
1.843435,0.05333762,0
1.84404,0.052329302,0
1.844645,0.051183535,0
1.84525,0.050203074,0
1.845855,0.049020265,0
1.84646,0.047110653,0
1.847065,0.044583865,0
1.84767,0.042146742,0
1.848275,0.040387902,0
1.84888,0.039304308,0
1.849485,0.038435425,0
1.85009,0.037306619,0
1.850695,0.035775393,0
1.8513,0.03404524,0
1.851905,0.032422822,0
1.85251,0.031055195,0
1.853115,0.029778026,0
1.85372,0.028163649,0
1.854325,0.025835068,0
1.85493,0.022859461,0
1.855535,0.019789218,0
1.85614,0.017191057,0
1.856745,0.015169058,0
1.85735,0.013436505,0
1.857955,0.011737705,0
1.85856,0.01004947,0
1.859165,0.008429347,0
1.85977,0.006841451,0
1.860375,0.005227404,0
1.86098,0.003650399,0
1.861585,0.002191252,0
1.86219,0.000697139,0
1.862795,-0.001196481,0
1.8634,-0.0036614,0
1.864005,-0.006372303,0
1.86461,-0.008813724,0
1.865215,-0.010878379,0
1.86582,-0.012925929,0
1.866425,-0.015225093,0
1.86703,-0.017572133,0
1.867635,-0.019585268,0
1.86824,-0.021248464,0
1.868845,-0.022967783,0
1.86945,-0.025083221,0
1.870055,-0.027506001,0
1.87066,-0.029918636,0
1.871265,-0.032196679,0
1.87187,-0.034480853,0
1.872475,-0.03688387,0
1.87308,-0.039322656,0
1.873685,-0.041667839,0
1.87429,-0.043869236,0
1.874895,-0.045876477,0
1.8755,-0.047620972,0
1.876105,-0.049206828,0
1.87671,-0.050991468,0
1.877315,-0.053238709,0
1.87792,-0.055646319,0
1.878525,-0.057443386,0
1.87913,-0.058209199,0
1.879735,-0.058585851,0
1.88034,-0.059880025,0
1.880945,-0.062757291,0
1.88155,-0.066535527,0
1.882155,-0.06996274,0
1.88276,-0.072454279,0
1.883365,-0.074355535,0
1.88397,-0.076246515,0
1.884575,-0.078338526,0
1.88518,-0.080540913,0
1.885785,-0.082765994,0
1.88639,-0.084879018,0
1.886995,-0.086537955,0
1.8876,-0.08752237,0
1.888205,-0.088276285,0
1.88881,-0.089748056,0
1.889415,-0.092449342,0
1.89002,-0.095870179,0
1.890625,-0.099039443,0
1.89123,-0.101460141,0
1.891835,-0.103268109,0
1.89244,-0.10473214,0
1.893045,-0.106026193,0
1.89365,-0.107482214,0
1.894255,-0.109530591,0
1.89486,-0.111905431,0
1.895465,-0.113195086,0
1.89607,-0.112067702,0
1.896675,-0.109319489,0
1.89728,-0.107970963,0
1.897885,-0.110451183,0
1.89849,-0.115971572,0
1.899095,-0.121500383,0
1.8997,-0.125026133,0
1.900305,-0.126943043,0
1.90091,-0.1284721,0
1.901515,-0.129931207,0
1.90212,-0.131077166,0
1.902725,-0.132292422,0
1.90333,-0.134184955,0
1.903935,-0.13602506,0
1.90454,-0.135953746,0
1.905145,-0.133554173,0
1.90575,-0.131303293,0
1.906355,-0.132242431,0
1.90696,-0.136532228,0
1.907565,-0.141471962,0
1.90817,-0.144677042,0
1.908775,-0.145987123,0
1.90938,-0.146415404,0
1.909985,-0.146664548,0
1.91059,-0.147150757,0
1.911195,-0.148416413,0
1.9118,-0.150323955,0
1.912405,-0.151065793,0
1.91301,-0.148402862,0
1.913615,-0.142611801,0
1.91422,-0.137414631,0
1.914825,-0.13694251,0
1.91543,-0.141745453,0
1.916035,-0.148435268,0
1.91664,-0.153121967,0
1.917245,-0.154388322,0
1.91785,-0.153254493,0
1.918455,-0.1515905,0
1.91906,-0.150857919,0
1.919665,-0.151467082,0
1.92027,-0.152584374,0
1.920875,-0.152547094,0
1.92148,-0.149942097,0
1.922085,-0.144851018,0
1.92269,-0.139376515,0
1.923295,-0.136564243,0
1.9239,-0.137920139,0
1.924505,-0.141831454,0
1.92511,-0.144940602,0
1.925715,-0.14506288,0
1.92632,-0.142578864,0
1.926925,-0.139408935,0
1.92753,-0.137194903,0
1.928135,-0.136421594,0
1.92874,-0.136457883,0
1.929345,-0.135703172,0
1.92995,-0.132145795,0
1.930555,-0.12503,0
1.93116,-0.116650278,0
1.931765,-0.11161595,0
1.93237,-0.112774872,0
1.932975,-0.117997666,0
1.93358,-0.122299662,0
1.934185,-0.122807658,0
1.93479,-0.120530258,0
1.935395,-0.117904152,0
1.936,-0.116083033,0
1.936605,-0.114799936,0
1.93721,-0.113664084,0
1.937815,-0.112415787,0
1.93842,-0.110139005,0
1.939025,-0.105609209,0
1.93963,-0.099254995,0
1.940235,-0.093943908,0
1.94084,-0.092468306,0
1.941445,-0.094418774,0
1.94205,-0.096610287,0
1.942655,-0.096392187,0
1.94326,-0.093663243,0
1.943865,-0.08994265,0
1.94447,-0.086551294,0
1.945075,-0.084018297,0
1.94568,-0.082346206,0
1.946285,-0.080824083,0
1.94689,-0.07779443,0
1.947495,-0.071745894,0
1.9481,-0.063347292,0
1.948705,-0.055936829,0
1.94931,-0.052898861,0
1.949915,-0.054333461,0
1.95052,-0.057041085,0
1.951125,-0.057757103,0
1.95173,-0.05568007,0
1.952335,-0.052074791,0
1.95294,-0.0484262,0
1.953545,-0.045364512,0
1.95415,-0.042829862,0
1.954755,-0.040486338,0
1.95536,-0.037706526,0
1.955965,-0.033650625,0
1.95657,-0.028103906,0
1.957175,-0.022328667,0
1.95778,-0.018364597,0
1.958385,-0.017009308,0
1.95899,-0.016894497,0
1.959595,-0.015918281,0
1.9602,-0.013253849,0
1.960805,-0.009663589,0
1.96141,-0.006229348,0
1.962015,-0.003322076,0
1.96262,-0.000727731,0
1.963225,0.001858731,0
1.96383,0.00481943,0
1.964435,0.008728,0
1.96504,0.013841778,0
1.965645,0.019294718,0
1.96625,0.023338951,0
1.966855,0.024971848,0
1.96746,0.025096667,0
1.968065,0.025561197,0
1.96867,0.02727824,0
1.969275,0.029774833,0
1.96988,0.032316834,0
1.970485,0.034817013,0
1.97109,0.037505992,0
1.971695,0.040198861,0
1.9723,0.042428751,0
1.972905,0.044285045,0
1.97351,0.046563218,0
1.974115,0.049751271,0
1.97472,0.05317963,0
1.975325,0.055614445,0
1.97593,0.056622407,0
1.976535,0.056987855,0
1.97714,0.057805966,0
1.977745,0.059491379,0
1.97835,0.061677404,0
1.978955,0.063755816,0
1.97956,0.065353047,0
1.980165,0.066480682,0
1.98077,0.067517281,0
1.981375,0.069039744,0
1.98198,0.071377223,0
1.982585,0.074139941,0
1.98319,0.076310911,0
1.983795,0.077082992,0
1.9844,0.076704761,0
1.985005,0.076312765,0
1.98561,0.076839083,0
1.986215,0.078252579,0
1.98682,0.079879412,0
1.987425,0.081182935,0
1.98803,0.082068103,0
1.988635,0.082645938,0
1.98924,0.083098781,0
1.989845,0.083833658,0
1.99045,0.085312883,0
1.991055,0.087369445,0
1.99166,0.088948125,0
1.992265,0.089043981,0
1.99287,0.087962461,0
1.993475,0.087215684,0
1.99408,0.087944239,0
1.994685,0.089741759,0
1.99529,0.091276323,0
1.995895,0.091820818,0
1.9965,0.091835921,0
1.997105,0.092169575,0
1.99771,0.09314065,0
1.998315,0.094523096,0
1.99892,0.096006933,0
1.999525,0.097349572,0
2.00013,0.098256919,0
2.000735,0.0984847,0
2.00134,0.098159007,0
2.001945,0.097797286,0
2.00255,0.097883158,0
2.003155,0.098486803,0
2.00376,0.099284291,0
2.004365,0.099852042,0
2.00497,0.099973177,0
2.005575,0.099763815,0
2.00618,0.09959904,0
2.006785,0.099882039,0
2.00739,0.100681466,0
2.007995,0.101530766,0
2.0086,0.101727699,0
2.009205,0.100935826,0
2.00981,0.099526244,0
2.010415,0.098241821,0
2.01102,0.097427515,0
2.011625,0.096852298,0
2.01223,0.09648205,0
2.012835,0.096856565,0
2.01344,0.098090819,0
2.014045,0.098999473,0
2.01465,0.098261052,0
2.015255,0.096440513,0
2.01586,0.095711231,0
2.016465,0.09710973,0
2.01707,0.09899561,0
2.017675,0.098906134,0
2.01828,0.096361572,0
2.018885,0.093197963,0
2.01949,0.091439708,0
2.020095,0.091445465,0
2.0207,0.092039624,0
2.021305,0.091899626,0
2.02191,0.090711165,0
2.022515,0.089243593,0
2.02312,0.088384553,0
2.023725,0.088190586,0
2.02433,0.088043034,0
2.024935,0.087494418,0
2.02554,0.086522148,0
2.026145,0.085051026,0
2.02675,0.0828176,0
2.027355,0.079939182,0
2.02796,0.077218995,0
2.028565,0.075562834,0
2.02917,0.07515982,0
2.029775,0.075290717,0
2.03038,0.074951534,0
2.030985,0.07379177,0
2.03159,0.072446279,0
2.032195,0.071800674,0
2.0328,0.071960837,0
2.033405,0.072153195,0
2.03401,0.071617264,0
2.034615,0.070288712,0
2.03522,0.068590807,0
2.035825,0.066923181,0
2.03643,0.065406158,0
2.037035,0.063863997,0
2.03764,0.062115726,0
2.038245,0.060434042,0
2.03885,0.059441503,0
2.039455,0.059267939,0
2.04006,0.059104895,0
2.040665,0.058062034,0
2.04127,0.056336765,0
2.041875,0.055015067,0
2.04248,0.054628361,0
2.043085,0.054328695,0
2.04369,0.052773014,0
2.044295,0.049652678,0
2.0449,0.046065957,0
2.045505,0.043408667,0
2.04611,0.042125896,0
2.046715,0.041570267,0
2.04732,0.040855203,0
2.047925,0.039662419,0
2.04853,0.038261339,0
2.049135,0.036984241,0
2.04974,0.035904974,0
2.050345,0.034998543,0
2.05095,0.034314357,0
2.051555,0.033724146,0
2.05216,0.032659768,0
2.052765,0.030538612,0
2.05337,0.027508059,0
2.053975,0.024413975,0
2.05458,0.021952826,0
2.055185,0.020131853,0
2.05579,0.018564039,0
2.056395,0.016955314,0
2.057,0.015196505,0
2.057605,0.013249004,0
2.05821,0.011192952,0
2.058815,0.009311061,0
2.05942,0.007833492,0
2.060025,0.006497273,0
2.06063,0.004579479,0
2.061235,0.001596918,0
2.06184,-0.002052237,0
2.062445,-0.005338704,0
2.06305,-0.007575038,0
2.063655,-0.009006123,0
2.06426,-0.010378439,0
2.064865,-0.012126318,0
2.06547,-0.014129738,0
2.066075,-0.016114341,0
2.06668,-0.018008123,4.940656E-324
2.067285,-0.019832533,4.940656E-324
2.06789,-0.021476582,9.881313E-324
2.068495,-0.022832102,1.482197E-323
2.0691,-0.024114937,2.470328E-323
2.069705,-0.02580598,3.952525E-323
2.07031,-0.028162624,5.928788E-323
2.070915,-0.030955489,9.387247E-323
2.07152,-0.033791131,1.531604E-322
2.072125,-0.036464651,2.420922E-322
2.07273,-0.038868525,3.903119E-322
2.073335,-0.040858512,6.175821E-322
2.07394,-0.042463605,9.881313E-322
2.074545,-0.044070298,1.571129E-321
2.07515,-0.046122054,2.504913E-321
2.075755,-0.048581271,3.992050E-321
2.07636,-0.050862233,6.358625E-321
2.076965,-0.052462202,1.012835E-320
2.07757,-0.053630151,1.612630E-320
2.078175,-0.055235619,2.567659E-320
2.07878,-0.057856063,4.087405E-320
2.079385,-0.061114101,6.505856E-320
2.07999,-0.064094322,1.035315E-319
2.080595,-0.066298145,1.647462E-319
2.0812,-0.06799164,2.621068E-319
2.081805,-0.069733631,4.169469E-319
2.08241,-0.071814447,6.631596E-319
2.083015,-0.074183152,1.054608E-318
2.08362,-0.076662468,1.676884E-318
2.084225,-0.07893722,2.665934E-318
2.08483,-0.080431083,4.237715E-318
2.085435,-0.080699373,6.735207E-318
2.08604,-0.080240024,1.070302E-317
2.086645,-0.080566911,1.700583E-317
2.08725,-0.082925176,2.701628E-317
2.087855,-0.086976466,4.291306E-317
2.08846,-0.091172178,6.815372E-317
2.089065,-0.094301183,1.082246E-316
2.08967,-0.096308263,1.718297E-316
2.090275,-0.097863067,2.727765E-316
2.09088,-0.099608915,4.329640E-316
2.091485,-0.101806454,6.871204E-316
2.09209,-0.104348807,1.090310E-315
2.092695,-0.106816279,1.729830E-315
2.0933,-0.108547557,2.744057E-315
2.093905,-0.109069548,4.352301E-315
2.09451,-0.108779427,6.902095E-315
2.095115,-0.109029618,1.094408E-314
2.09572,-0.111079583,1.735056E-314
2.096325,-0.114823783,2.750325E-314
2.09693,-0.118849631,4.359040E-314
2.097535,-0.121789222,6.907705E-314
2.09814,-0.123303485,1.094493E-313
2.098745,-0.123885996,1.733917E-313
2.09935,-0.12429465,2.746501E-313
2.099955,-0.125332796,4.349782E-313
2.10056,-0.127588203,6.887973E-313
2.101165,-0.130630476,1.090565E-312
2.10177,-0.132543289,1.726426E-312
2.102375,-0.131296587,2.732627E-312
2.10298,-0.127296139,4.324631E-312
2.103585,-0.123974948,6.843116E-312
2.10419,-0.12484867,1.082667E-311
2.104795,-0.130028225,1.712664E-311
2.1054,-0.136367602,2.708855E-311
2.106005,-0.140794642,4.283861E-311
2.10661,-0.142573782,6.773625E-311
2.107215,-0.142717302,1.070886E-310
2.10782,-0.142587117,1.692784E-310
2.108425,-0.143251417,2.675444E-310
2.10903,-0.145132465,4.227917E-310
2.109635,-0.147591949,6.680258E-310
2.11024,-0.14904127,0
2.110845,-0.148037908,0
2.11145,-0.144752928,0
2.112055,-0.141360774,0
2.11266,-0.140576017,0
2.113265,-0.143400274,0
2.11387,-0.148210821,0
2.114475,-0.152178406,2.58E-308
2.11508,-0.153601068,4.07E-308
2.115685,-0.152935991,6.43E-308
2.11629,-0.151902903,1.01E-307
2.116895,-0.151804668,1.60E-307
2.1175,-0.152623108,2.52E-307
2.118105,-0.153417111,3.98E-307
2.11871,-0.153039816,6.27E-307
2.119315,-0.150397896,9.88E-307
2.11992,-0.145073291,1.56E-306
2.120525,-0.13867181,2.45E-306
2.12113,-0.134822303,3.87E-306
2.121735,-0.136219948,6.09E-306
2.12234,-0.141536291,9.60E-306
2.122945,-0.14647351,1.51E-305
2.12355,-0.147999519,2.38E-305
2.124155,-0.146609633,3.75E-305
2.12476,-0.144597259,5.90E-305
2.125365,-0.143294124,9.28E-305
2.12597,-0.142475976,1.46E-304
2.126575,-0.1416429,2.30E-304
2.12718,-0.140610442,3.62E-304
2.127785,-0.138726191,5.69E-304
2.12839,-0.134851293,8.95E-304
2.128995,-0.12911422,1.41E-303
2.1296,-0.124030845,2.21E-303
2.130205,-0.122517874,3.48E-303
2.13081,-0.124646102,5.47E-303
2.131415,-0.127500435,8.60E-303
2.13202,-0.128356016,1.35E-302
2.132625,-0.126824813,2.12E-302
2.13323,-0.124013084,3.33E-302
2.133835,-0.121028763,5.24E-302
2.13444,-0.118685293,8.23E-302
2.135045,-0.117558739,1.29E-301
2.13565,-0.117226677,2.03E-301
2.136255,-0.115582034,3.18E-301
2.13686,-0.110222493,5.00E-301
2.137465,-0.101520324,7.84E-301
2.13807,-0.093690208,1.23E-300
2.138675,-0.091330949,1.93E-300
2.13928,-0.094673673,3.03E-300
2.139885,-0.099367543,4.75E-300
2.14049,-0.101053161,7.45E-300
2.141095,-0.099016083,1.17E-299
2.1417,-0.095405308,1.83E-299
2.142305,-0.092273344,2.87E-299
2.14291,-0.090092945,4.50E-299
2.143515,-0.088419767,7.05E-299
2.14412,-0.086739754,1.10E-298
2.144725,-0.084338174,1.73E-298
2.14533,-0.08024606,2.71E-298
2.145935,-0.074249159,4.25E-298
2.14654,-0.067939841,6.65E-298
2.147145,-0.063931447,1.04E-297
2.14775,-0.06339405,1.63E-297
2.148355,-0.064743044,2.55E-297
2.14896,-0.06519914,3.99E-297
2.149565,-0.063278016,6.25E-297
2.15017,-0.059565056,9.77E-297
2.150775,-0.055589578,1.53E-296
2.15138,-0.052418919,2.39E-296
2.151985,-0.050228044,3.74E-296
2.15259,-0.048551272,5.85E-296
2.153195,-0.046328317,9.14E-296
2.1538,-0.042057622,1.43E-295
2.154405,-0.03505793,2.23E-295
2.15501,-0.027070042,3.49E-295
2.155615,-0.021628302,5.45E-295
2.15622,-0.020799078,8.52E-295
2.156825,-0.022968398,1.33E-294
2.15743,-0.024573405,2.08E-294
2.158035,-0.023523789,3.25E-294
2.15864,-0.020367954,5.07E-294
2.159245,-0.016739505,7.91E-294
2.15985,-0.013576506,1.24E-293
2.160455,-0.01086379,1.93E-293
2.16106,-0.008323176,3.01E-293
2.161665,-0.005707744,4.69E-293
2.16227,-0.002565065,7.32E-293
2.162875,0.001624629,1.14E-292
2.16348,0.006641554,1.78E-292
2.164085,0.011147215,2.78E-292
2.16469,0.013765444,4.33E-292
2.165295,0.014596079,6.75E-292
2.1659,0.015147274,1.05E-291
2.166505,0.016756992,1.64E-291
2.16711,0.019545406,2.55E-291
2.167715,0.022855797,3.98E-291
2.16832,0.026119909,6.20E-291
2.168925,0.029059516,9.65E-291
2.16953,0.031505862,1.50E-290
2.170135,0.033577553,2.34E-290
2.17074,0.036005666,3.64E-290
2.171345,0.039716278,5.67E-290
2.17195,0.044665704,8.83E-290
2.172555,0.049335105,1.37E-289
2.17316,0.051975631,2.14E-289
2.173765,0.052435922,3.32E-289
2.17437,0.052304361,5.17E-289
2.174975,0.053189619,8.04E-289
2.17558,0.055291078,1.25E-288
2.176185,0.057687503,1.94E-288
2.17679,0.059564194,3.02E-288
2.177395,0.060907061,4.70E-288
2.178,0.062191586,7.30E-288
2.178605,0.063743227,1.13E-287
2.17921,0.065546702,1.76E-287
2.179815,0.067477474,2.74E-287
2.18042,0.069429141,4.25E-287
2.181025,0.071171141,6.60E-287
2.18163,0.072330847,1.02E-286
2.182235,0.072764574,1.59E-286
2.18284,0.07285473,2.47E-286
2.183445,0.073205165,3.83E-286
2.18405,0.074088223,5.95E-286
2.184655,0.075344031,9.22E-286
2.18526,0.07672833,1.43E-285
2.185865,0.078157099,2.22E-285
2.18647,0.079600747,3.44E-285
2.187075,0.080940435,5.34E-285
2.18768,0.082080518,8.28E-285
2.188285,0.083131925,1.28E-284
2.18889,0.084350801,1.99E-284
2.189495,0.085832819,3.08E-284
2.1901,0.087278513,4.77E-284
2.190705,0.088186291,7.40E-284
2.19131,0.088372533,1.15E-283
2.191915,0.088221002,1.77E-283
2.19252,0.088347532,2.75E-283
2.193125,0.089045229,4.25E-283
2.19373,0.090072332,6.59E-283
2.194335,0.090982152,1.02E-282
2.19494,0.091612161,1.58E-282
2.195545,0.092155915,2.44E-282
2.19615,0.09281615,3.78E-282
2.196755,0.0935856,5.84E-282
2.19736,0.094371909,9.04E-282
2.197965,0.095096393,1.40E-281
2.19857,0.095579711,2.16E-281
2.199175,0.09556836,3.34E-281
2.19978,0.095068601,5.17E-281
2.200385,0.094540698,7.98E-281
2.20099,0.09456688,1.23E-280
2.201595,0.095303647,1.91E-280
2.2022,0.096390716,2.95E-280
2.202805,0.097422106,4.55E-280
2.20341,0.098291992,7.03E-280
2.204015,0.099027979,1.09E-279
2.20462,0.099609217,1.68E-279
2.205225,0.100094152,2.59E-279
2.20583,0.100655387,3.99E-279
2.206435,0.101298197,6.16E-279
2.20704,0.101691818,9.51E-279
2.207645,0.101496415,1.47E-278
2.20825,0.10083079,2.26E-278
2.208855,0.100222133,3.49E-278
2.20946,0.100092926,5.38E-278
2.210065,0.10040076,8.30E-278
2.21067,0.10070329,1.28E-277
2.211275,0.100581957,1.97E-277
2.21188,0.100170676,3.04E-277
2.212485,0.100137361,4.68E-277
2.21309,0.100823343,7.22E-277
2.213695,0.101528437,1.11E-276
2.2143,0.101158145,1.71E-276
2.214905,0.099639888,2.64E-276
2.21551,0.098085292,4.06E-276
2.216115,0.09729159,6.26E-276
2.21672,0.096736582,9.63E-276
2.217325,0.095503121,1.48E-275
2.21793,0.093652477,2.28E-275
2.218535,0.092112416,3.51E-275
2.21914,0.091496608,5.40E-275
2.219745,0.091569311,8.31E-275
2.22035,0.091730988,1.28E-274
2.220955,0.09153297,1.97E-274
2.22156,0.090834496,3.02E-274
2.222165,0.08995088,4.65E-274
2.22277,0.089508999,7.14E-274
2.223375,0.089646311,1.10E-273
2.22398,0.089483004,1.69E-273
2.224585,0.087954697,2.59E-273
2.22519,0.085175891,3.98E-273
2.225795,0.082453299,6.12E-273
2.2264,0.080849991,9.40E-273
2.227005,0.08018283,1.44E-272
2.22761,0.079577411,2.22E-272
2.228215,0.078619703,3.40E-272
2.22882,0.077618168,5.22E-272
2.229425,0.076840417,8.01E-272
2.23003,0.075976273,1.23E-271
2.230635,0.074679917,1.89E-271
2.23124,0.073329909,2.89E-271
2.231845,0.072646317,4.44E-271
2.23245,0.072455503,6.81E-271
2.233055,0.071443076,1.04E-270
2.23366,0.06864683,1.60E-270
2.234265,0.064855997,2.45E-270
2.23487,0.061960102,3.76E-270
2.235475,0.061048903,5.76E-270
2.23608,0.061531333,8.83E-270
2.236685,0.061952887,1.35E-269
2.23729,0.061322261,2.07E-269
2.237895,0.059749762,3.17E-269
2.2385,0.058162106,4.86E-269
2.239105,0.057448015,7.44E-269
2.23971,0.057673916,1.14E-268
2.240315,0.058061142,1.74E-268
2.24092,0.05772482,2.67E-268
2.241525,0.056377826,4.08E-268
2.24213,0.054389401,6.25E-268
2.242735,0.052348281,9.56E-268
2.24334,0.050645296,1.46E-267
2.243945,0.049359725,2.24E-267
2.24455,0.048365255,3.42E-267
2.245155,0.047482093,5.23E-267
2.24576,0.046541901,7.99E-267
2.246365,0.045355358,1.22E-266
2.24697,0.043809605,1.87E-266
2.247575,0.042130567,2.85E-266
2.24818,0.040849907,4.36E-266
2.248785,0.040214681,6.65E-266
2.24939,0.039627926,1.02E-265
2.249995,0.03801358,1.55E-265
2.2506,0.034998648,2.37E-265
2.251205,0.031512971,3.62E-265
2.25181,0.028871558,5.52E-265
2.252415,0.027388076,8.43E-265
2.25302,0.026224165,1.29E-264
2.253625,0.024514745,1.96E-264
2.25423,0.022265322,2.99E-264
2.254835,0.02008247,4.57E-264
2.25544,0.018343832,6.96E-264
2.256045,0.016867909,1.06E-263
2.25665,0.015304642,1.62E-263
2.257255,0.013593114,2.47E-263
2.25786,0.0118881,3.76E-263
2.258465,0.010160763,5.73E-263
2.25907,0.00812231,8.73E-263
2.259675,0.00560256,1.33E-262
2.26028,0.002829357,2.03E-262
2.260885,0.000197211,3.09E-262
2.26149,-0.002136519,4.70E-262
2.262095,-0.004279314,7.16E-262
2.2627,-0.006331159,1.09E-261
2.263305,-0.008267971,1.66E-261
2.26391,-0.010066437,2.52E-261
2.264515,-0.01180612,3.84E-261
2.26512,-0.013607502,5.84E-261
2.265725,-0.015526605,8.89E-261
2.26633,-0.017570969,1.35E-260
2.266935,-0.019803038,2.06E-260
2.26754,-0.022331341,3.13E-260
2.268145,-0.025117307,4.75E-260
2.26875,-0.027852869,7.23E-260
2.269355,-0.03018877,1.10E-259
2.26996,-0.032097955,1.67E-259
2.270565,-0.033890751,2.54E-259
2.27117,-0.035859756,3.85E-259
2.271775,-0.037999563,5.85E-259
2.27238,-0.04011115,8.89E-259
2.272985,-0.042108002,1.35E-258
2.27359,-0.044053007,2.05E-258
2.274195,-0.045852749,3.11E-258
2.2748,-0.047179963,4.72E-258
2.275405,-0.047966597,7.17E-258
2.27601,-0.04882837,1.09E-257
2.276615,-0.050606705,1.65E-257
2.27722,-0.053445207,2.50E-257
2.277825,-0.056650722,3.80E-257
2.27843,-0.05949155,5.76E-257
2.279035,-0.061796169,8.74E-257
2.27964,-0.06377463,1.32E-256
2.280245,-0.065628366,2.01E-256
2.28085,-0.067482176,3.04E-256
2.281455,-0.069488127,4.61E-256
2.28206,-0.071723869,6.99E-256
2.282665,-0.073934368,1.06E-255
2.28327,-0.075597065,1.60E-255
2.283875,-0.076503466,2.43E-255
2.28448,-0.077273377,3.68E-255
2.285085,-0.078973444,5.57E-255
2.28569,-0.081996263,8.43E-255
2.286295,-0.085545533,1.28E-254
2.2869,-0.088472173,1.93E-254
2.287505,-0.090396238,2.92E-254
2.28811,-0.091779177,4.42E-254
2.288715,-0.093177025,6.69E-254
2.28932,-0.094866744,1.01E-253
2.289925,-0.097083015,1.53E-253
2.29053,-0.099887576,2.31E-253
2.291135,-0.102457044,3.50E-253
2.29174,-0.103210331,5.29E-253
2.292345,-0.101549903,7.99E-253
2.29295,-0.099370301,1.21E-252
2.293555,-0.099861729,1.83E-252
2.29416,-0.104320501,2.76E-252
2.294765,-0.11071587,4.17E-252
2.29537,-0.115830399,6.29E-252
2.295975,-0.118297682,9.50E-252
2.29658,-0.119216905,1.43E-251
2.297185,-0.120367588,2.17E-251
2.29779,-0.122420998,3.27E-251
2.298395,-0.124813279,4.93E-251
2.299,-0.126774542,7.45E-251
2.299605,-0.127974488,1.12E-250
2.30021,-0.128312392,1.69E-250
2.300815,-0.127764873,2.56E-250
2.30142,-0.126879006,3.86E-250
2.302025,-0.127015525,5.81E-250
2.30263,-0.129322452,8.76E-250
2.303235,-0.133373974,1.32E-249
2.30384,-0.137366765,1.99E-249
2.304445,-0.139815274,3.00E-249
2.30505,-0.140761041,4.52E-249
2.305655,-0.141256386,6.81E-249
2.30626,-0.142017352,1.03E-248
2.306865,-0.143017392,1.55E-248
2.30747,-0.144140578,2.33E-248
2.308075,-0.145175998,3.50E-248
2.30868,-0.144959019,5.28E-248
2.309285,-0.14198887,7.94E-248
2.30989,-0.136983062,1.20E-247
2.310495,-0.133738744,1.80E-247
2.3111,-0.135779267,2.71E-247
2.311705,-0.142315436,4.07E-247
2.31231,-0.148883433,6.12E-247
2.312915,-0.151961827,9.21E-247
2.31352,-0.151765862,1.39E-246
2.314125,-0.150625805,2.08E-246
2.31473,-0.150171069,3.13E-246
2.315335,-0.150709536,4.70E-246
2.31594,-0.152090629,7.07E-246
2.316545,-0.153645739,1.06E-245
2.31715,-0.153537942,1.60E-245
2.317755,-0.14999051,2.40E-245
2.31836,-0.144032558,3.60E-245
2.318965,-0.139752075,5.41E-245
2.31957,-0.140404859,8.12E-245
2.320175,-0.144797534,1.22E-244
2.32078,-0.148771651,1.83E-244
2.321385,-0.149750463,2.75E-244
2.32199,-0.148450811,4.12E-244
2.322595,-0.146666092,6.18E-244
2.3232,-0.145174829,9.28E-244
2.323805,-0.144095657,1.39E-243
2.32441,-0.143762244,2.09E-243
2.325015,-0.143924724,3.13E-243
2.32562,-0.14257597,4.69E-243
2.326225,-0.137357106,7.03E-243
2.32683,-0.128953027,1.05E-242
2.327435,-0.121958953,1.58E-242
2.32804,-0.120909777,2.37E-242
2.328645,-0.12553813,3.55E-242
2.32925,-0.131107054,5.31E-242
2.329855,-0.133352512,7.96E-242
2.33046,-0.131893664,1.19E-241
2.331065,-0.129056904,1.78E-241
2.33167,-0.12691702,2.67E-241
2.332275,-0.125868853,4.00E-241
2.33288,-0.12520696,5.98E-241
2.333485,-0.124187004,8.95E-241
2.33409,-0.122176598,1.34E-240
2.334695,-0.118460513,2.00E-240
2.3353,-0.11299748,3.00E-240
2.335905,-0.107413289,4.48E-240
2.33651,-0.104205224,6.70E-240
2.337115,-0.104344379,1.00E-239
2.33772,-0.106209121,1.50E-239
2.338325,-0.107303878,2.24E-239
2.33893,-0.106473358,3.35E-239
2.339535,-0.104188059,5.00E-239
2.34014,-0.101377779,7.47E-239
2.340745,-0.098629307,1.12E-238
2.34135,-0.096343352,1.67E-238
2.341955,-0.094729692,2.49E-238
2.34256,-0.092959072,3.72E-238
2.343165,-0.08902083,5.55E-238
2.34377,-0.081739541,8.28E-238
2.344375,-0.073136923,1.24E-237
2.34498,-0.067583975,1.85E-237
2.345585,-0.067585491,2.75E-237
2.34619,-0.071003166,4.11E-237
2.346795,-0.073343749,6.13E-237
2.3474,-0.07217277,9.14E-237
2.348005,-0.068508679,1.36E-236
2.34861,-0.064612587,2.03E-236
2.349215,-0.061564392,3.03E-236
2.34982,-0.059093059,4.51E-236
2.350425,-0.056748553,6.73E-236
2.35103,-0.054230069,1.00E-235
2.351635,-0.050840833,1.49E-235
2.35224,-0.045794622,2.22E-235
2.352845,-0.039563358,3.31E-235
2.35345,-0.034214588,4.93E-235
2.354055,-0.03158062,7.35E-235
2.35466,-0.031295661,1.09E-234
2.355265,-0.031258576,1.63E-234
2.35587,-0.029799939,2.42E-234
2.356475,-0.026863227,3.61E-234
2.35708,-0.023331895,5.36E-234
2.357685,-0.019902408,7.98E-234
2.35829,-0.016826833,1.19E-233
2.358895,-0.014213167,1.77E-233
2.3595,-0.011872256,2.63E-233
2.360105,-0.008889677,3.90E-233
2.36071,-0.004103761,5.80E-233
2.361315,0.002371142,8.62E-233
2.36192,0.008371644,1.28E-232
2.362525,0.011344098,1.90E-232
2.36313,0.011025814,2.83E-232
2.363735,0.009792611,4.20E-232
2.36434,0.010178439,6.24E-232
2.364945,0.012692982,9.27E-232
2.36555,0.01612424,1.38E-231
2.366155,0.019197013,2.04E-231
2.36676,0.021514454,3.03E-231
2.367365,0.02332513,4.50E-231
2.36797,0.025053163,6.68E-231
2.368575,0.027203674,9.91E-231
2.36918,0.03026752,1.47E-230
2.369785,0.034238925,2.18E-230
2.37039,0.03824106,3.24E-230
2.370995,0.041067974,4.80E-230
2.3716,0.042372078,7.11E-230
2.372205,0.04308102,1.05E-229
2.37281,0.044406231,1.56E-229
2.373415,0.046650859,2.32E-229
2.37402,0.049205168,3.43E-229
2.374625,0.051472808,5.08E-229
2.37523,0.053415218,7.53E-229
2.375835,0.055216439,1.12E-228
2.37644,0.056890585,1.65E-228
2.377045,0.058523203,2.45E-228
2.37765,0.060596654,3.62E-228
2.378255,0.063559195,5.36E-228
2.37886,0.066979604,7.93E-228
2.379465,0.069568023,1.17E-227
2.38007,0.070439186,1.74E-227
2.380675,0.070159786,2.57E-227
2.38128,0.0701466,3.80E-227
2.381885,0.071165289,5.62E-227
2.38249,0.072781603,8.31E-227
2.383095,0.074173936,1.23E-226
2.3837,0.075091271,1.82E-226
2.384305,0.075909679,2.69E-226
2.38491,0.077024108,3.97E-226
2.385515,0.07848759,5.87E-226
2.38612,0.080184826,8.67E-226
2.386725,0.081999493,1.28E-225
2.38733,0.083635709,1.89E-225
2.387935,0.084535429,2.79E-225
2.38854,0.084372399,4.12E-225
2.389145,0.083654348,6.09E-225
2.38975,0.083468942,8.98E-225
2.390355,0.084444472,1.33E-224
2.39096,0.08616374,1.96E-224
2.391565,0.087741782,2.89E-224
2.39217,0.088788618,4.26E-224
2.392775,0.089587278,6.28E-224
2.39338,0.090470407,9.27E-224
2.393985,0.09143142,1.37E-223
2.39459,0.092462267,2.01E-223
2.395195,0.093832855,2.97E-223
2.3958,0.095593662,4.38E-223
2.396405,0.097027355,6.45E-223
2.39701,0.097209924,9.51E-223
2.397615,0.096198437,1.40E-222
2.39822,0.095155941,2.06E-222
2.398825,0.095123181,3.04E-222
2.39943,0.096042118,4.48E-222
2.400035,0.097139535,6.59E-222
2.40064,0.09788423,9.70E-222
2.401245,0.098269276,1.43E-221
2.40185,0.098453384,2.10E-221
2.402455,0.098596041,3.09E-221
2.40306,0.098957952,4.55E-221
2.403665,0.099695391,6.69E-221
2.40427,0.100453336,9.85E-221
2.404875,0.100477418,1.45E-220
2.40548,0.099361909,2.13E-220
2.406085,0.097612172,3.13E-220
2.40669,0.096259335,4.60E-220
2.407295,0.095916792,6.77E-220
2.4079,0.096386159,9.94E-220
2.408505,0.097115763,1.46E-219
2.40911,0.09776341,2.15E-219
2.409715,0.098228576,3.15E-219
2.41032,0.098349601,4.63E-219
2.410925,0.097968717,6.80E-219
2.41153,0.09749187,9.99E-219
2.412135,0.097894551,1.47E-218
2.41274,0.099479325,2.15E-218
2.413345,0.100825576,3.16E-218
2.41395,0.099945916,4.64E-218
2.414555,0.096823664,6.80E-218
2.41516,0.093927577,9.98E-218
2.415765,0.093511964,1.46E-217
2.41637,0.095078622,2.15E-217
2.416975,0.096305401,3.15E-217
2.41758,0.095894917,4.62E-217
2.418185,0.094571711,6.77E-217
2.41879,0.093596894,9.92E-217
2.419395,0.09332376,1.45E-216
2.42,0.09336999,2.13E-216
2.420605,0.093385244,3.12E-216
2.42121,0.093180972,4.57E-216
2.421815,0.092535337,6.69E-216
2.42242,0.091252089,9.80E-216
2.423025,0.08930947,1.44E-215
2.42363,0.086931751,2.10E-215
2.424235,0.084632169,3.08E-215
2.42484,0.083052543,4.50E-215
2.425445,0.082486314,6.59E-215
2.42605,0.082512866,9.64E-215
2.426655,0.082279977,1.41E-214
2.42726,0.081252476,2.06E-214
2.427865,0.079693007,3.02E-214
2.42847,0.078430616,4.41E-214
2.429075,0.078051116,6.45E-214
2.42968,0.078191186,9.43E-214
2.430285,0.077781373,1.38E-213
2.43089,0.076151263,2.01E-213
2.431495,0.073742173,2.94E-213
2.4321,0.071530725,4.30E-213
2.432705,0.069926684,6.28E-213
2.43331,0.068607428,9.18E-213
2.433915,0.06732059,1.34E-212
2.43452,0.066297998,1.96E-212
2.435125,0.065759077,2.86E-212
2.43573,0.0653842,4.17E-212
2.436335,0.064503922,6.09E-212
2.43694,0.062829282,8.88E-212
2.437545,0.060945052,1.30E-211
2.43815,0.059812898,1.89E-211
2.438755,0.059543467,2.76E-211
2.43936,0.058913136,4.02E-211
2.439965,0.056595571,5.87E-211
2.44057,0.052834967,8.55E-211
2.441175,0.049371331,1.25E-210
2.44178,0.047607697,1.82E-210
2.442385,0.047294398,2.65E-210
2.44299,0.047149044,3.86E-210
2.443595,0.046332388,5.62E-210
2.4442,0.045004822,8.19E-210
2.444805,0.04373172,1.19E-209
2.44541,0.042813364,1.74E-209
2.446015,0.04220224,2.53E-209
2.44662,0.041723293,3.68E-209
2.447225,0.04115933,5.36E-209
2.44783,0.04020501,7.80E-209
2.448435,0.038581859,1.14E-208
2.44904,0.03632552,1.65E-208
2.449645,0.033858187,2.40E-208
2.45025,0.031685576,3.50E-208
2.450855,0.030033536,5.09E-208
2.45146,0.028744967,7.39E-208
2.452065,0.027467928,1.08E-207
2.45267,0.025946499,1.56E-207
2.453275,0.024174376,2.27E-207
2.45388,0.022333009,3.30E-207
2.454485,0.020626796,4.80E-207
2.45509,0.019130578,6.97E-207
2.455695,0.017693941,1.01E-206
2.4563,0.015973414,1.47E-206
2.456905,0.013670136,2.14E-206
2.45751,0.010839301,3.10E-206
2.458115,0.007913775,4.50E-206
2.45872,0.005323252,6.54E-206
2.459325,0.003141722,9.49E-206
2.45993,0.001201357,1.38E-205
2.460535,-0.000571307,2.00E-205
2.46114,-0.002143311,2.90E-205
2.461745,-0.003645775,4.20E-205
2.46235,-0.005383671,6.10E-205
2.462955,-0.007438898,8.84E-205
2.46356,-0.009417315,1.28E-204
2.464165,-0.010843073,1.86E-204
2.46477,-0.011847772,2.69E-204
2.465375,-0.013227041,3.90E-204
2.46598,-0.015614759,5.66E-204
2.466585,-0.018758216,8.20E-204
2.46719,-0.021837849,1.19E-203
2.467795,-0.024340455,1.72E-203
2.4684,-0.026351158,2.49E-203
2.469005,-0.028160719,3.61E-203
2.46961,-0.02994916,5.22E-203
2.470215,-0.031864346,7.56E-203
2.47082,-0.034105022,1.09E-202
2.471425,-0.036676257,1.58E-202
2.47203,-0.039136956,2.29E-202
2.472635,-0.040912384,3.31E-202
2.47324,-0.042014747,4.79E-202
2.473845,-0.043261919,6.93E-202
2.47445,-0.045540113,1.00E-201
2.475055,-0.048864984,1.45E-201
2.47566,-0.052346758,2.10E-201
2.476265,-0.055074495,3.03E-201
2.47687,-0.056858417,4.38E-201
2.477475,-0.058156109,6.32E-201
2.47808,-0.059559344,9.14E-201
2.478685,-0.061450277,1.32E-200
2.47929,-0.063915314,1.91E-200
2.479895,-0.066668295,2.75E-200
2.4805,-0.068997695,3.98E-200
2.481105,-0.070121875,5.74E-200
2.48171,-0.070014988,8.29E-200
2.482315,-0.069886635,1.20E-199
2.48292,-0.07136378,1.73E-199
2.483525,-0.074888985,2.49E-199
2.48413,-0.079236944,3.59E-199
2.484735,-0.082837589,5.18E-199
2.48534,-0.085199297,7.47E-199
2.485945,-0.086866072,1.08E-198
2.48655,-0.088485537,1.55E-198
2.487155,-0.090311129,2.24E-198
2.48776,-0.092367446,3.23E-198
2.488365,-0.094598503,4.65E-198
2.48897,-0.0966914,6.71E-198
2.489575,-0.098090473,9.66E-198
2.49018,-0.098578225,1.39E-197
2.490785,-0.098841429,2.00E-197
2.49139,-0.100099266,2.89E-197
2.491995,-0.10290417,4.16E-197
2.4926,-0.106530463,5.98E-197
2.493205,-0.109788471,8.62E-197
2.49381,-0.112129108,1.24E-196
2.494415,-0.113724465,1.78E-196
2.49502,-0.114941169,2.57E-196
2.495625,-0.116197206,3.69E-196
2.49623,-0.118056397,5.31E-196
2.496835,-0.120756995,7.64E-196
2.49744,-0.123340165,1.10E-195
2.498045,-0.1238227,1.58E-195
2.49865,-0.121186947,2.27E-195
2.499255,-0.117381381,3.27E-195
2.49986,-0.116373059,4.69E-195
2.500465,-0.120317269,6.74E-195
2.50107,-0.127165111,9.69E-195
2.501675,-0.132922605,1.39E-194
2.50228,-0.135706016,2.00E-194
2.502885,-0.136651543,2.87E-194
2.50349,-0.137566496,4.12E-194
2.504095,-0.139079968,5.92E-194
2.5047,-0.141016175,8.50E-194
2.505305,-0.143197519,1.22E-193
2.50591,-0.145111187,1.75E-193
2.506515,-0.145600785,2.51E-193
2.50712,-0.144000756,3.60E-193
2.507725,-0.141468572,5.17E-193
2.50833,-0.140400355,7.41E-193
2.508935,-0.142236037,1.06E-192
2.50954,-0.14612907,1.52E-192
2.510145,-0.149990035,2.18E-192
2.51075,-0.152427217,3.13E-192
2.511355,-0.153312101,4.49E-192
2.51196,-0.153150349,6.43E-192
2.512565,-0.152689171,9.21E-192
2.51317,-0.152787485,1.32E-191
2.513775,-0.153885204,1.89E-191
2.51438,-0.155247104,2.71E-191
2.514985,-0.154938138,3.88E-191
2.51559,-0.151282481,5.55E-191
2.516195,-0.144958422,7.94E-191
2.5168,-0.139412938,1.14E-190
2.517405,-0.138368867,1.63E-190
2.51801,-0.142440665,2.33E-190
2.518615,-0.148497776,3.33E-190
2.51922,-0.152562998,4.76E-190
2.519825,-0.15303965,6.81E-190
2.52043,-0.151205006,9.75E-190
2.521035,-0.149213447,1.39E-189
2.52164,-0.148103145,1.99E-189
2.522245,-0.147638301,2.85E-189
2.52285,-0.147219638,4.07E-189
2.523455,-0.146121552,5.81E-189
2.52406,-0.143293078,8.31E-189
2.524665,-0.138176926,1.19E-188
2.52527,-0.132203762,1.70E-188
2.525875,-0.128553034,2.42E-188
2.52648,-0.129289466,3.46E-188
2.527085,-0.132983362,4.94E-188
2.52769,-0.136005314,7.05E-188
2.528295,-0.135962875,1.01E-187
2.5289,-0.133347563,1.44E-187
2.529505,-0.130171325,2.05E-187
2.53011,-0.127856518,2.92E-187
2.530715,-0.126706889,4.17E-187
2.53132,-0.126297942,5.94E-187
2.531925,-0.125220703,8.48E-187
2.53253,-0.12127338,1.21E-186
2.533135,-0.113623665,1.72E-186
2.53374,-0.104964912,2.46E-186
2.534345,-0.100149342,3.50E-186
2.53495,-0.101653737,4.99E-186
2.535555,-0.106920556,7.11E-186
2.53616,-0.110935719,1.01E-185
2.536765,-0.110921588,1.44E-185
2.53737,-0.107938623,2.05E-185
2.537975,-0.104635454,2.92E-185
2.53858,-0.102544773,4.16E-185
2.539185,-0.101569807,5.93E-185
2.53979,-0.100901219,8.43E-185
2.540395,-0.099513916,1.20E-184
2.541,-0.096274502,1.71E-184
2.541605,-0.090710118,2.43E-184
2.54221,-0.084118522,3.46E-184
2.542815,-0.079244184,4.92E-184
2.54342,-0.077935927,6.99E-184
2.544025,-0.079255108,9.94E-184
2.54463,-0.080510721,1.41E-183
2.545235,-0.07986215,2.01E-183
2.54584,-0.077392515,2.85E-183
2.546445,-0.074109401,4.06E-183
2.54705,-0.07077209,5.76E-183
2.547655,-0.067803312,8.19E-183
2.54826,-0.065513974,1.16E-182
2.548865,-0.063599541,1.65E-182
2.54947,-0.060625031,2.34E-182
2.550075,-0.055002494,3.33E-182
2.55068,-0.047112908,4.73E-182
2.551285,-0.039973835,6.71E-182
2.55189,-0.036800837,9.52E-182
2.552495,-0.037776996,1.35E-181
2.5531,-0.039902537,1.92E-181
2.553705,-0.040051782,2.72E-181
2.55431,-0.03753642,3.86E-181
2.554915,-0.033736821,5.47E-181
2.55552,-0.030127344,7.75E-181
2.556125,-0.027175118,1.10E-180
2.55673,-0.024666366,1.56E-180
2.557335,-0.022235474,2.21E-180
2.55794,-0.019325649,3.13E-180
2.558545,-0.015237721,4.43E-180
2.55915,-0.009914242,6.28E-180
2.559755,-0.004607372,8.89E-180
2.56036,-0.001089988,1.26E-179
2.560965,0.000107974,1.78E-179
2.56157,0.000312217,2.53E-179
2.562175,0.001348539,3.57E-179
2.56278,0.003902705,5.06E-179
2.563385,0.007364079,7.16E-179
2.56399,0.01085838,1.01E-178
2.564595,0.013997501,1.43E-178
2.5652,0.016742107,2.03E-178
2.565805,0.019117808,2.87E-178
2.56641,0.021447789,4.06E-178
2.567015,0.02454738,5.73E-178
2.56762,0.02903777,8.11E-178
2.568225,0.034274929,1.15E-177
2.56883,0.038472034,1.62E-177
2.569435,0.04038087,2.29E-177
2.57004,0.040586509,3.23E-177
2.570645,0.040731748,4.57E-177
2.57125,0.041818183,6.45E-177
2.571855,0.043693751,9.11E-177
2.57246,0.045814271,1.29E-176
2.573065,0.047909638,1.82E-176
2.57367,0.049919739,2.56E-176
2.574275,0.051763498,3.62E-176
2.57488,0.053497065,5.11E-176
2.575485,0.055481067,7.21E-176
2.57609,0.057978467,1.02E-175
2.576695,0.060574839,1.43E-175
2.5773,0.062365344,2.02E-175
2.577905,0.062945283,2.85E-175
2.57851,0.062987177,4.02E-175
2.579115,0.063551798,5.67E-175
2.57972,0.065003586,7.99E-175
2.580325,0.066856076,1.13E-174
2.58093,0.068498778,1.59E-174
2.581535,0.069793064,2.24E-174
2.58214,0.070979546,3.15E-174
2.582745,0.072250499,4.44E-174
2.58335,0.073619959,6.25E-174
2.583955,0.075143056,8.80E-174
2.58456,0.076998995,1.24E-173
2.585165,0.079180989,1.74E-173
2.58577,0.081173534,2.46E-173
2.586375,0.082252501,3.45E-173
2.58698,0.082285557,4.86E-173
2.587585,0.081992462,6.84E-173
2.58819,0.082233754,9.62E-173
2.588795,0.083239989,1.35E-172
2.5894,0.084637902,1.90E-172
2.590005,0.086002401,2.68E-172
2.59061,0.087196908,3.76E-172
2.591215,0.088284389,5.29E-172
2.59182,0.089326046,7.43E-172
2.592425,0.090307096,1.04E-171
2.59303,0.091170282,1.47E-171
2.593635,0.091881666,2.06E-171
2.59424,0.092442812,2.90E-171
2.594845,0.09285679,4.07E-171
2.59545,0.093152985,5.71E-171
2.596055,0.093422217,8.02E-171
2.59666,0.09376353,1.13E-170
2.597265,0.09423139,1.58E-170
2.59787,0.094870816,2.22E-170
2.598475,0.095757793,3.11E-170
2.59908,0.096923734,4.36E-170
2.599685,0.098199613,6.12E-170
2.60029,0.099245139,8.58E-170
2.600895,0.099914783,1.20E-169
2.6015,0.100520492,1.69E-169
2.602105,0.101406158,2.37E-169
2.60271,0.102264079,3.32E-169
2.603315,0.102347252,4.65E-169
2.60392,0.101498848,6.51E-169
2.604525,0.100495333,9.13E-169
2.60513,0.100157295,1.28E-168
2.605735,0.100483104,1.79E-168
2.60634,0.100860284,2.51E-168
2.606945,0.100882686,3.51E-168
2.60755,0.100724463,4.92E-168
2.608155,0.100787728,6.88E-168
2.60876,0.101174899,9.64E-168
2.609365,0.101528631,1.35E-167
2.60997,0.101363213,1.89E-167
2.610575,0.100632224,2.64E-167
2.61118,0.099877157,3.69E-167
2.611785,0.09954896,5.16E-167
2.61239,0.099232098,7.22E-167
2.612995,0.097969277,1.01E-166
2.6136,0.095615678,1.41E-166
2.614205,0.093507068,1.97E-166
2.61481,0.093171922,2.76E-166
2.615415,0.09447173,3.85E-166
2.61602,0.095675639,5.38E-166
2.616625,0.095419767,7.52E-166
2.61723,0.094042194,1.05E-165
2.617835,0.092911689,1.47E-165
2.61844,0.09288219,2.05E-165
2.619045,0.093538462,2.86E-165
2.61965,0.0936597,3.99E-165
2.620255,0.092350641,5.57E-165
2.62086,0.089970169,7.78E-165
2.621465,0.087866846,1.09E-164
2.62207,0.08692838,1.51E-164
2.622675,0.086651603,2.11E-164
2.62328,0.085971928,2.95E-164
2.623885,0.084645351,4.11E-164
2.62449,0.083323118,5.73E-164
2.625095,0.082472087,7.99E-164
2.6257,0.081803815,1.11E-163
2.626305,0.080875051,1.55E-163
2.62691,0.079807276,2.16E-163
2.627515,0.07907211,3.01E-163
2.62812,0.078637416,4.20E-163
2.628725,0.077657389,5.85E-163
2.62933,0.075356188,8.14E-163
2.629935,0.072173386,1.13E-162
2.63054,0.069575147,1.58E-162
2.631145,0.068528209,2.20E-162
2.63175,0.068498672,3.06E-162
2.632355,0.068230789,4.26E-162
2.63296,0.067215615,5.92E-162
2.633565,0.066004358,8.24E-162
2.63417,0.06531435,1.15E-161
2.634775,0.0652914,1.59E-161
2.63538,0.065539045,2.22E-161
2.635985,0.065494111,3.08E-161
2.63659,0.064782161,4.29E-161
2.637195,0.063406906,5.96E-161
2.6378,0.061630888,8.28E-161
2.638405,0.059690479,1.15E-160
2.63901,0.057732976,1.60E-160
2.639615,0.055986775,2.22E-160
2.64022,0.054736076,3.08E-160
2.640825,0.053983996,4.28E-160
2.64143,0.053285199,5.95E-160
2.642035,0.052114139,8.26E-160
2.64264,0.050409191,1.15E-159
2.643245,0.048655368,1.59E-159
2.64385,0.047427549,2.21E-159
2.644455,0.046845755,3.06E-159
2.64506,0.046362273,4.25E-159
2.645665,0.045102282,5.90E-159
2.64627,0.042629676,8.18E-159
2.646875,0.039462503,1.13E-158
2.64748,0.036685475,1.57E-158
2.648085,0.034939147,2.18E-158
2.64869,0.033886448,3.02E-158
2.649295,0.032768653,4.19E-158
2.6499,0.031300962,5.81E-158
2.650505,0.02979125,8.04E-158
2.65111,0.028517234,1.11E-157
2.651715,0.027340626,1.54E-157
2.65232,0.026028129,2.14E-157
2.652925,0.024680418,2.96E-157
2.65353,0.023555082,4.10E-157
2.654135,0.022509617,5.67E-157
2.65474,0.020931595,7.85E-157
2.655345,0.018426606,1.09E-156
2.65595,0.015420527,1.50E-156
2.656555,0.01277427,2.08E-156
2.65716,0.010827502,2.88E-156
2.657765,0.009122045,3.98E-156
2.65837,0.007090743,5.51E-156
2.658975,0.004744359,7.61E-156
2.65958,0.002556237,1.05E-155
2.660185,0.000814145,1.45E-155
2.66079,-0.000708171,2.01E-155
2.661395,-0.002408497,2.78E-155
2.662,-0.004378433,3.84E-155
2.662605,-0.006424676,5.30E-155
2.66321,-0.008485355,7.33E-155
2.663815,-0.010785689,1.01E-154
2.66442,-0.013473086,1.40E-154
2.665025,-0.016299115,1.93E-154
2.66563,-0.018853133,2.66E-154
2.666235,-0.020986245,3.68E-154
2.66684,-0.022854224,5.07E-154
2.667445,-0.024642526,7.00E-154
2.66805,-0.026423264,9.66E-154
2.668655,-0.028271241,1.33E-153
2.66926,-0.030287388,1.84E-153
2.669865,-0.03235149,2.53E-153
2.67047,-0.034046373,3.49E-153
2.671075,-0.035125741,4.82E-153
2.67168,-0.03603788,6.64E-153
2.672285,-0.037659266,9.15E-153
2.67289,-0.040337387,1.26E-152
2.673495,-0.043455942,1.74E-152
2.6741,-0.046164075,2.39E-152
2.674705,-0.04828874,3.30E-152
2.67531,-0.050297996,4.54E-152
2.675915,-0.052576831,6.25E-152
2.67652,-0.055029485,8.61E-152
2.677125,-0.05737681,1.18E-151
2.67773,-0.059567733,1.63E-151
2.678335,-0.061690726,2.24E-151
2.67894,-0.063638619,3.09E-151
2.679545,-0.065206607,4.25E-151
2.68015,-0.06659634,5.85E-151
2.680755,-0.068504002,8.04E-151
2.68136,-0.071402849,1.11E-150
2.681965,-0.074897644,1.52E-150
2.68257,-0.078104972,2.09E-150
2.683175,-0.080550495,2.87E-150
2.68378,-0.082442445,3.95E-150
2.684385,-0.084226835,5.43E-150
2.68499,-0.086174793,7.46E-150
2.685595,-0.088386715,1.02E-149
2.6862,-0.090851332,1.41E-149
2.686805,-0.09317844,1.93E-149
2.68741,-0.094460856,2.65E-149
2.688015,-0.094036287,3.64E-149
2.68862,-0.092701123,5.00E-149
2.689225,-0.092658352,6.86E-149
2.68983,-0.095555194,9.42E-149
2.690435,-0.100674394,1.29E-148
2.69104,-0.105625071,1.77E-148
2.691645,-0.108712234,2.43E-148
2.69225,-0.110168022,3.34E-148
2.692855,-0.111259152,4.58E-148
2.69346,-0.11281187,6.27E-148
2.694065,-0.114821288,8.60E-148
2.69467,-0.117037206,1.18E-147
2.695275,-0.119228601,1.62E-147
2.69588,-0.120804368,2.21E-147
2.696485,-0.120927682,3.03E-147
2.69709,-0.119645151,4.16E-147
2.697695,-0.1186305,5.69E-147
2.6983,-0.119989951,7.80E-147
2.698905,-0.124055317,1.07E-146
2.69951,-0.128853364,1.46E-146
2.700115,-0.132018928,2.00E-146
2.70072,-0.132936677,2.74E-146
2.701325,-0.13288511,3.75E-146
2.70193,-0.133412031,5.13E-146
2.702535,-0.134989405,7.02E-146
2.70314,-0.137184864,9.60E-146
2.703745,-0.139300079,1.31E-145
2.70435,-0.140227642,1.80E-145
2.704955,-0.13853383,2.46E-145
2.70556,-0.134192392,3.36E-145
2.706165,-0.130198026,4.59E-145
2.70677,-0.130641478,6.27E-145
2.707375,-0.136305108,8.57E-145
2.70798,-0.143448955,1.17E-144
2.708585,-0.147763444,1.60E-144
2.70919,-0.148493493,2.19E-144
2.709795,-0.148026854,2.98E-144
2.7104,-0.148429648,4.08E-144
2.711005,-0.149625605,5.57E-144
2.71161,-0.150745776,7.60E-144
2.712215,-0.151616602,1.04E-143
2.71282,-0.152059155,1.42E-143
2.713425,-0.150959461,1.93E-143
2.71403,-0.147579668,2.63E-143
2.714635,-0.143592155,3.59E-143
2.71524,-0.142257563,4.90E-143
2.715845,-0.144878493,6.69E-143
2.71645,-0.149205311,9.12E-143
2.717055,-0.152119099,1.24E-142
2.71766,-0.152737798,1.69E-142
2.718265,-0.152101974,2.31E-142
2.71887,-0.151090349,3.15E-142
2.719475,-0.149972647,4.29E-142
2.72008,-0.149307553,5.84E-142
2.720685,-0.149565678,7.96E-142
2.72129,-0.149572824,1.08E-141
2.721895,-0.146757167,1.48E-141
2.7225,-0.140108484,2.01E-141
2.723105,-0.132489952,2.73E-141
2.72371,-0.128683684,3.72E-141
2.724315,-0.130640245,5.07E-141
2.72492,-0.135596391,6.89E-141
2.725525,-0.13930681,9.38E-141
2.72613,-0.140014057,1.28E-140
2.726735,-0.13872477,1.74E-140
2.72734,-0.136869453,2.36E-140
2.727945,-0.134972382,3.21E-140
2.72855,-0.133218665,4.36E-140
2.729155,-0.131913587,5.93E-140
2.72976,-0.130818283,8.06E-140
2.730365,-0.128685637,1.10E-139
2.73097,-0.12424577,1.49E-139
2.731575,-0.118040481,2.02E-139
2.73218,-0.112897168,2.75E-139
2.732785,-0.111586345,3.73E-139
2.73339,-0.113884499,5.06E-139
2.733995,-0.116730789,6.88E-139
2.7346,-0.11724565,9.34E-139
2.735205,-0.114941155,1.27E-138
2.73581,-0.111255584,1.72E-138
2.736415,-0.107916959,2.33E-138
2.73702,-0.105971446,3.17E-138
2.737625,-0.10548823,4.29E-138
2.73823,-0.105286128,5.83E-138
2.738835,-0.103087715,7.90E-138
2.73944,-0.097100656,1.07E-137
2.740045,-0.088409416,1.45E-137
2.74065,-0.081238473,1.97E-137
2.741255,-0.079448988,2.67E-137
2.74186,-0.082607686,3.62E-137
2.742465,-0.086437661,4.90E-137
2.74307,-0.087183954,6.64E-137
2.743675,-0.084682611,8.99E-137
2.74428,-0.081179817,1.22E-136
2.744885,-0.078348197,1.65E-136
2.74549,-0.076181316,2.23E-136
2.746095,-0.074064427,3.02E-136
2.7467,-0.071708632,4.09E-136
2.747305,-0.068779307,5.54E-136
2.74791,-0.064509935,7.49E-136
2.748515,-0.058666957,1.01E-135
2.74912,-0.052740987,1.37E-135
2.749725,-0.049083293,1.85E-135
2.75033,-0.048426587,2.51E-135
2.750935,-0.048992506,3.39E-135
2.75154,-0.048423975,4.58E-135
2.752145,-0.045946488,6.20E-135
2.75275,-0.042375265,8.38E-135
2.753355,-0.03878428,1.13E-134
2.75396,-0.03572843,1.53E-134
2.754565,-0.033332406,2.07E-134
2.75517,-0.031352063,2.79E-134
2.755775,-0.028868435,3.77E-134
2.75638,-0.024486625,5.09E-134
2.756985,-0.017737623,6.87E-134
2.75759,-0.010426989,9.28E-134
2.758195,-0.005694646,1.25E-133
2.7588,-0.005012684,1.69E-133
2.759405,-0.006561025,2.28E-133
2.76001,-0.007165043,3.08E-133
2.760615,-0.005360679,4.15E-133
2.76122,-0.002031168,5.60E-133
2.761825,0.001333636,7.55E-133
2.76243,0.004150951,1.02E-132
2.763035,0.006668186,1.37E-132
2.76364,0.009189197,1.85E-132
2.764245,0.011882342,2.49E-132
2.76485,0.015065302,3.36E-132
2.765455,0.019036333,4.53E-132
2.76606,0.023420238,6.10E-132
2.766665,0.02707974,8.22E-132
2.76727,0.029141327,1.11E-131
2.767875,0.030020677,1.49E-131
2.76848,0.031013705,2.01E-131
2.769085,0.032951068,2.70E-131
2.76969,0.035629734,3.64E-131
2.770295,0.038428361,4.89E-131
2.7709,0.041029426,6.58E-131
2.771505,0.043433582,8.86E-131
2.77211,0.045622654,1.19E-130
2.772715,0.047646087,1.60E-130
2.77332,0.049996267,2.16E-130
2.773925,0.053362265,2.90E-130
2.77453,0.057645201,3.90E-130
2.775135,0.061480022,5.24E-130
2.77574,0.063327922,7.04E-130
2.776345,0.063159833,9.46E-130
2.77695,0.062580208,1.27E-129
2.777555,0.063148195,1.71E-129
2.77816,0.064983593,2.29E-129
2.778765,0.067103383,3.08E-129
2.77937,0.06869679,4.14E-129
2.779975,0.06977042,5.56E-129
2.78058,0.070740373,7.46E-129
2.781185,0.071852877,1.00E-128
2.78179,0.073153297,1.34E-128
2.782395,0.074700437,1.80E-128
2.783,0.076481279,2.42E-128
2.783605,0.078141976,3.24E-128
2.78421,0.079131793,4.35E-128
2.784815,0.079327527,5.84E-128
2.78542,0.079309296,7.83E-128
2.786025,0.079791265,1.05E-127
2.78663,0.080918316,1.41E-127
2.787235,0.082291828,1.89E-127
2.78784,0.083550446,2.53E-127
2.788445,0.084673973,3.39E-127
2.78905,0.085739147,4.54E-127
2.789655,0.086719197,6.08E-127
2.79026,0.08770258,8.14E-127
2.790865,0.089033306,1.09E-126
2.79147,0.090878084,1.46E-126
2.792075,0.092685475,1.95E-126
2.79268,0.093508501,2.61E-126
2.793285,0.093127743,3.50E-126
2.79389,0.092481119,4.68E-126
2.794495,0.092606332,6.26E-126
2.7951,0.093501395,8.38E-126
2.795705,0.094421737,1.12E-125
2.79631,0.094970826,1.50E-125
2.796915,0.095414417,2.00E-125
2.79752,0.096044084,2.68E-125
2.798125,0.096737266,3.58E-125
2.79873,0.097329694,4.79E-125
2.799335,0.098033436,6.40E-125
2.79994,0.09906825,8.55E-125
2.800545,0.100037994,1.14E-124
2.80115,0.100128623,1.53E-124
2.801755,0.099013849,2.04E-124
2.80236,0.097326945,2.72E-124
2.802965,0.096148106,3.63E-124
2.80357,0.096120518,4.85E-124
2.804175,0.097061437,6.47E-124
2.80478,0.09828473,8.64E-124
2.805385,0.099179649,1.15E-123
2.80599,0.099529065,1.54E-123
2.806595,0.099491549,2.05E-123
2.8072,0.099461391,2.74E-123
2.807805,0.09986246,3.65E-123
2.80841,0.10076626,4.87E-123
2.809015,0.101556145,6.49E-123
2.80962,0.101303752,8.65E-123
2.810225,0.099887028,1.15E-122
2.81083,0.098446525,1.54E-122
2.811435,0.098109154,2.05E-122
2.81204,0.098467299,2.73E-122
2.812645,0.098168466,3.63E-122
2.81325,0.096994251,4.84E-122
2.813855,0.096288063,6.44E-122
2.81446,0.096922141,8.58E-122
2.815065,0.09787605,1.14E-121
2.81567,0.097646141,1.52E-121
2.816275,0.096344928,2.02E-121
2.81688,0.095386649,2.69E-121
2.817485,0.095356597,3.58E-121
2.81809,0.095183239,4.76E-121
2.818695,0.093608277,6.34E-121
2.8193,0.090747494,8.43E-121
2.819905,0.087870605,1.12E-120
2.82051,0.086152059,1.49E-120
2.821115,0.085864261,1.98E-120
2.82172,0.086328675,2.63E-120
2.822325,0.086446231,3.50E-120
2.82293,0.085588369,4.65E-120
2.823535,0.084123672,6.18E-120
2.82414,0.082958798,8.20E-120
2.824745,0.082584502,1.09E-119
2.82535,0.08265582,1.45E-119
2.825955,0.082380016,1.92E-119
2.82656,0.081193198,2.55E-119
2.827165,0.079171614,3.39E-119
2.82777,0.076883537,4.49E-119
2.828375,0.074833843,5.96E-119
2.82898,0.073145031,7.91E-119
2.829585,0.071812441,1.05E-118
2.83019,0.070978325,1.39E-118
2.830795,0.07065397,1.85E-118
2.8314,0.070362624,2.45E-118
2.832005,0.069511695,3.25E-118
2.83261,0.068150407,4.30E-118
2.833215,0.067020181,5.70E-118
2.83382,0.066736439,7.56E-118
2.834425,0.06700261,1.00E-117
2.83503,0.066664461,1.33E-117
2.835635,0.064690747,1.76E-117
2.83624,0.061295704,2.33E-117
2.836845,0.057957171,3.08E-117
2.83745,0.056049217,4.08E-117
2.838055,0.055556679,5.40E-117
2.83866,0.055404002,7.15E-117
2.839265,0.054840284,9.46E-117
2.83987,0.05402873,1.25E-116
2.840475,0.053342626,1.66E-116
2.84108,0.052669977,2.19E-116
2.841685,0.051712548,2.90E-116
2.84229,0.05061628,3.83E-116
2.842895,0.049830972,5.07E-116
2.8435,0.049381591,6.70E-116
2.844105,0.048644497,8.86E-116
2.84471,0.046981621,1.17E-115
2.845315,0.044456067,1.55E-115
2.84592,0.041811044,2.04E-115
2.846525,0.039810417,2.70E-115
2.84713,0.038680482,3.57E-115
2.847735,0.038061019,4.71E-115
2.84834,0.0373299,6.22E-115
2.848945,0.036055829,8.22E-115
2.84955,0.034295374,1.08E-114
2.850155,0.032484496,1.43E-114
2.85076,0.031012808,1.89E-114
2.851365,0.029838885,2.49E-114
2.85197,0.02846,3.29E-114
2.852575,0.026302901,4.34E-114
2.85318,0.023251095,5.73E-114
2.853785,0.01981677,7.55E-114
2.85439,0.016739188,9.96E-114
2.854995,0.014412239,1.31E-113
2.8556,0.012721819,1.73E-113
2.856205,0.011313142,2.28E-113
2.85681,0.009877569,3.01E-113
2.857415,0.008241292,3.96E-113
2.85802,0.006348185,5.22E-113
2.858625,0.004292922,6.87E-113
2.85923,0.002361192,9.05E-113
2.859835,0.000843359,1.19E-112
2.86044,-0.000339626,1.57E-112
2.861045,-0.001725874,2.07E-112
2.86165,-0.003832091,2.72E-112
2.862255,-0.006566347,3.58E-112
2.86286,-0.009302538,4.71E-112
2.863465,-0.011585109,6.20E-112
2.86407,-0.01354775,8.15E-112
2.864675,-0.015575336,1.07E-111
2.86528,-0.017797743,1.41E-111
2.865885,-0.020058342,1.85E-111
2.86649,-0.022225016,2.44E-111
2.867095,-0.024330918,3.21E-111
2.8677,-0.026404693,4.21E-111
2.868305,-0.028331215,5.54E-111
2.86891,-0.03001651,7.28E-111
2.869515,-0.031660054,9.56E-111
2.87012,-0.033695321,1.26E-110
2.870725,-0.036326179,1.65E-110
2.87133,-0.039225754,2.17E-110
2.871935,-0.041869343,2.84E-110
2.87254,-0.044066595,3.73E-110
2.873145,-0.045990046,4.90E-110
2.87375,-0.047810108,6.43E-110
2.874355,-0.04955223,8.44E-110
2.87496,-0.051297783,1.11E-109
2.875565,-0.053247736,1.45E-109
2.87617,-0.055375072,1.91E-109
2.876775,-0.057153254,2.50E-109
2.87738,-0.058006901,3.28E-109
2.877985,-0.0582017,4.30E-109
2.87859,-0.058993162,5.63E-109
2.879195,-0.061480125,7.38E-109
2.8798,-0.065375961,9.67E-109
2.880405,-0.069291354,1.27E-108
2.88101,-0.072168066,1.66E-108
2.881615,-0.074070842,2.17E-108
2.88222,-0.075685871,2.85E-108
2.882825,-0.077514003,3.73E-108
2.88343,-0.079670309,4.88E-108
2.884035,-0.082104159,6.39E-108
2.88464,-0.084625207,8.37E-108
2.885245,-0.086768499,1.10E-107
2.88585,-0.088052724,1.43E-107
2.886455,-0.088616552,1.88E-107
2.88706,-0.089414664,2.45E-107
2.887665,-0.091447474,3.21E-107
2.88827,-0.094757633,4.20E-107
2.888875,-0.098430894,5.49E-107
2.88948,-0.101553164,7.18E-107
2.890085,-0.103848983,9.38E-107
2.89069,-0.105471633,1.23E-106
2.891295,-0.106690319,1.60E-106
2.8919,-0.107994158,2.09E-106
2.892505,-0.110052554,2.74E-106
2.89311,-0.112938885,3.57E-106
2.893715,-0.115396561,4.67E-106
2.89432,-0.115644111,6.09E-106
2.894925,-0.113521374,7.96E-106
2.89553,-0.111471697,1.04E-105
2.896135,-0.112510145,1.36E-105
2.89674,-0.117096798,1.77E-105
2.897345,-0.122769144,2.31E-105
2.89795,-0.126952139,3.01E-105
2.898555,-0.129233801,3.93E-105
2.89916,-0.13070211,5.13E-105
2.899765,-0.13210566,6.69E-105
2.90037,-0.133449178,8.72E-105
2.900975,-0.134891824,1.14E-104
2.90158,-0.136856733,1.48E-104
2.902185,-0.138888098,1.93E-104
2.90279,-0.139432184,2.52E-104
2.903395,-0.137714925,3.28E-104
2.904,-0.135356746,4.27E-104
2.904605,-0.135068025,5.57E-104
2.90521,-0.137776824,7.25E-104
2.905815,-0.141936144,9.44E-104
2.90642,-0.145560898,1.23E-103
2.907025,-0.147847775,1.60E-103
2.90763,-0.148832829,2.08E-103
2.908235,-0.148764989,2.71E-103
2.90884,-0.148357927,3.53E-103
2.909445,-0.148832912,4.59E-103
2.91005,-0.150673692,5.97E-103
2.910655,-0.152300588,7.77E-103
2.91126,-0.150963974,1.01E-102
2.911865,-0.145707159,1.31E-102
2.91247,-0.139260117,1.71E-102
2.913075,-0.136278425,2.22E-102
2.91368,-0.139154472,2.89E-102
2.914285,-0.145768662,3.75E-102
2.91489,-0.151654775,4.87E-102
2.915495,-0.153906265,6.33E-102
2.9161,-0.152856409,8.22E-102
2.916705,-0.15084284,1.07E-101
2.91731,-0.149911712,1.39E-101
2.917915,-0.150444626,1.80E-101
2.91852,-0.151444897,2.34E-101
2.919125,-0.151573722,3.04E-101
2.91973,-0.149766227,3.94E-101
2.920335,-0.145594162,5.11E-101
2.92094,-0.14005043,6.63E-101
2.921545,-0.135830177,8.60E-101
2.92215,-0.13549903,1.12E-100
2.922755,-0.138818979,1.45E-100
2.92336,-0.142644577,1.88E-100
2.923965,-0.143857311,2.43E-100
2.92457,-0.141998065,3.15E-100
2.925175,-0.138951106,4.09E-100
2.92578,-0.136674104,5.30E-100
2.926385,-0.135730472,6.87E-100
2.92699,-0.135533777,8.90E-100
2.927595,-0.134938392,1.15E-99
2.9282,-0.13235316,1.49E-99
2.928805,-0.126471323,1.93E-99
2.92941,-0.118236037,2.50E-99
2.930015,-0.111567523,3.24E-99
2.93062,-0.110289804,4.19E-99
2.931225,-0.114102612,5.43E-99
2.93183,-0.118906297,7.02E-99
2.932435,-0.12105058,9.09E-99
2.93304,-0.120125805,1.18E-98
2.933645,-0.117837088,1.52E-98
2.93425,-0.115561185,1.97E-98
2.934855,-0.113601182,2.54E-98
2.93546,-0.111984767,3.29E-98
2.936065,-0.110744648,4.25E-98
2.93667,-0.109151651,5.49E-98
2.937275,-0.10570115,7.10E-98
2.93788,-0.099930638,9.17E-98
2.938485,-0.093930411,1.19E-97
2.93909,-0.090832927,1.53E-97
2.939695,-0.091534285,1.98E-97
2.9403,-0.093721407,2.55E-97
2.940905,-0.094364854,3.30E-97
2.94151,-0.092452193,4.26E-97
2.942115,-0.089049579,5.49E-97
2.94272,-0.08556961,7.09E-97
2.943325,-0.082715849,9.15E-97
2.94393,-0.080630989,1.18E-96
2.944535,-0.079029837,1.52E-96
2.94514,-0.076831947,1.96E-96
2.945745,-0.072372733,2.53E-96
2.94635,-0.065064387,3.27E-96
2.946955,-0.057029882,4.21E-96
2.94756,-0.052022376,5.43E-96
2.948165,-0.05190117,7.00E-96
2.94877,-0.054650947,9.02E-96
2.949375,-0.056433449,1.16E-95
2.94998,-0.055143711,1.50E-95
2.950585,-0.051575845,1.93E-95
2.95119,-0.047734954,2.48E-95
2.951795,-0.044774945,3.20E-95
2.9524,-0.042540693,4.12E-95
2.953005,-0.040387553,5.30E-95
2.95361,-0.037750987,6.83E-95
2.954215,-0.034077661,8.79E-95
2.95482,-0.029092569,1.13E-94
2.955425,-0.02355587,1.46E-94
2.95603,-0.019170546,1.87E-94
2.956635,-0.017062005,2.41E-94
2.95724,-0.016515183,3.10E-94
2.957845,-0.015731889,3.98E-94
2.95845,-0.013653651,5.12E-94
2.959055,-0.010569219,6.58E-94
2.95966,-0.007223319,8.46E-94
2.960265,-0.003983312,1.09E-93
2.96087,-0.000924609,1.40E-93
2.961475,0.001810265,1.79E-93
2.96208,0.004246591,2.31E-93
2.962685,0.007101924,2.96E-93
2.96329,0.011438657,3.80E-93
2.963895,0.017281255,4.88E-93
2.9645,0.022849786,6.27E-93
2.965105,0.025935,8.05E-93
2.96571,0.026207278,1.03E-92
2.966315,0.025570888,1.33E-92
2.96692,0.026124059,1.70E-92
2.967525,0.02836057,2.18E-92
2.96813,0.031410203,2.80E-92
2.968735,0.034345189,3.59E-92
2.96934,0.036860586,4.60E-92
2.969945,0.03902995,5.90E-92
2.97055,0.041022686,7.56E-92
2.971155,0.043202342,9.69E-92
2.97176,0.046029712,1.24E-91
2.972365,0.04949468,1.59E-91
2.97297,0.052796373,2.04E-91
2.973575,0.054963449,2.61E-91
2.97418,0.055893307,3.35E-91
2.974785,0.056503595,4.29E-91
2.97539,0.057754654,5.49E-91
2.975995,0.059794059,7.03E-91
2.9766,0.062106025,8.99E-91
2.977205,0.064180931,1.15E-90
2.97781,0.065880247,1.47E-90
2.978415,0.067321444,1.88E-90
2.97902,0.06866528,2.41E-90
2.979625,0.070094341,3.08E-90
2.98023,0.071856814,3.94E-90
2.980835,0.07411506,5.04E-90
2.98144,0.076604123,6.45E-90
2.982045,0.078577854,8.24E-90
2.98265,0.079426771,1.05E-89
2.983255,0.079349523,1.35E-89
2.98386,0.079172769,1.72E-89
2.984465,0.079574483,2.20E-89
2.98507,0.080630259,2.81E-89
2.985675,0.081955453,3.59E-89
2.98628,0.083103863,4.58E-89
2.986885,0.083895237,5.85E-89
2.98749,0.084520674,7.47E-89
2.988095,0.085364165,9.53E-89
2.9887,0.086622378,1.22E-88
2.989305,0.088053131,1.55E-88
2.98991,0.089135337,1.98E-88
2.990515,0.089514862,2.53E-88
2.99112,0.089334174,3.22E-88
2.991725,0.089116922,4.11E-88
2.99233,0.089310683,5.24E-88
2.992935,0.089998431,6.68E-88
2.99354,0.091004272,8.52E-88
2.994145,0.092104652,1.09E-87
2.99475,0.093131407,1.38E-87
2.995355,0.094008105,1.76E-87
2.99596,0.094763076,2.25E-87
2.996565,0.095524771,2.86E-87
2.99717,0.096456368,3.65E-87
2.997775,0.097588542,4.64E-87
2.99838,0.098673839,5.91E-87
2.998985,0.099277361,7.53E-87
2.99959,0.099137492,9.58E-87
3.000195,0.098489398,1.22E-86
3.0008,0.097934944,1.55E-86
3.001405,0.097895341,1.97E-86
3.00201,0.098251016,2.51E-86
3.002615,0.098594749,3.19E-86
3.00322,0.098728675,4.06E-86
3.003825,0.098780488,5.17E-86
3.00443,0.098935298,6.57E-86
3.005035,0.099233247,8.35E-86
3.00564,0.099608909,1.06E-85
3.006245,0.099973092,1.35E-85
3.00685,0.100179842,1.71E-85
3.007455,0.10000374,2.18E-85
3.00806,0.099265556,2.77E-85
3.008665,0.097958661,3.51E-85
3.00927,0.096302437,4.46E-85
3.009875,0.094877747,5.67E-85
3.01048,0.094543577,7.19E-85
3.011085,0.095632173,9.13E-85
3.01169,0.09713672,1.16E-84
3.012295,0.09739524,1.47E-84
3.0129,0.096012982,1.87E-84
3.013505,0.094573481,2.37E-84
3.01411,0.094859466,3.00E-84
3.014715,0.096732523,3.81E-84
3.01532,0.098347152,4.83E-84
3.015925,0.098174938,6.12E-84
3.01653,0.096280042,7.76E-84
3.017135,0.093816882,9.84E-84
3.01774,0.091860346,1.25E-83
3.018345,0.090774963,1.58E-83
3.01895,0.09025534,2.00E-83
3.019555,0.089745636,2.54E-83
3.02016,0.089012785,3.21E-83
3.020765,0.088339519,4.07E-83
3.02137,0.087969365,5.15E-83
3.021975,0.087571108,6.52E-83
3.02258,0.086677331,8.25E-83
3.023185,0.085476701,1.04E-82
3.02379,0.084560156,1.32E-82
3.024395,0.083861077,1.67E-82
3.025,0.082495032,2.12E-82
3.025605,0.079928094,2.68E-82
3.02621,0.076875441,3.39E-82
3.026815,0.074669145,4.28E-82
3.02742,0.073858077,5.41E-82
3.028025,0.073724817,6.84E-82
3.02863,0.073234402,8.65E-82
3.029235,0.072206722,1.09E-81
3.02984,0.071321833,1.38E-81
3.030445,0.071084759,1.74E-81
3.03105,0.071165678,2.20E-81
3.031655,0.070930518,2.78E-81
3.03226,0.070246666,3.52E-81
3.032865,0.069367407,4.44E-81
3.03347,0.068321815,5.60E-81
3.034075,0.066921331,7.08E-81
3.03468,0.0651908,8.93E-81
3.035285,0.06336874,1.13E-80
3.03589,0.061638017,1.42E-80
3.036495,0.060171599,1.79E-80
3.0371,0.059186471,2.26E-80
3.037705,0.058605188,2.85E-80
3.03831,0.057924881,3.60E-80
3.038915,0.056781165,4.54E-80
3.03952,0.055463624,5.72E-80
3.040125,0.05454771,7.21E-80
3.04073,0.0540663,9.09E-80
3.041335,0.053318869,1.14E-79
3.04194,0.051591859,1.44E-79
3.042545,0.048928354,1.82E-79
3.04315,0.046104839,2.29E-79
3.043755,0.043905477,2.88E-79
3.04436,0.042476203,3.63E-79
3.044965,0.041411139,4.57E-79
3.04557,0.040363477,5.75E-79
3.046175,0.039362402,7.24E-79
3.04678,0.038529857,9.11E-79
3.047385,0.037722968,1.15E-78
3.04799,0.036638535,1.44E-78
3.048595,0.035247186,1.81E-78
3.0492,0.033925351,2.28E-78
3.049805,0.032981877,2.87E-78
3.05041,0.032125982,3.61E-78
3.051015,0.030645234,4.53E-78
3.05162,0.028202361,5.70E-78
3.052225,0.025269941,7.16E-78
3.05283,0.022637151,9.00E-78
3.053435,0.02065272,1.13E-77
3.05404,0.019083285,1.42E-77
3.054645,0.017538815,1.78E-77
3.05525,0.015848801,2.24E-77
3.055855,0.014057988,2.81E-77
3.05646,0.012226704,3.53E-77
3.057065,0.010364432,4.43E-77
3.05767,0.008491663,5.57E-77
3.058275,0.006597156,6.98E-77
3.05888,0.004509683,8.76E-77
3.059485,0.001965741,1.10E-76
3.06009,-0.00107403,1.38E-76
3.060695,-0.00425723,1.73E-76
3.0613,-0.007107521,2.17E-76
3.061905,-0.009407949,2.72E-76
3.06251,-0.011281101,3.41E-76
3.063115,-0.013005708,4.27E-76
3.06372,-0.014818855,5.36E-76
3.064325,-0.016831707,6.71E-76
3.06493,-0.019025209,8.41E-76
3.065535,-0.021225906,1.05E-75
3.06614,-0.023115354,1.32E-75
3.066745,-0.024458804,1.65E-75
3.06735,-0.025483576,2.07E-75
3.067955,-0.026916694,2.59E-75
3.06856,-0.029363028,3.24E-75
3.069165,-0.032621479,4.06E-75
3.06977,-0.035852634,5.08E-75
3.070375,-0.038422327,6.35E-75
3.07098,-0.040378191,7.95E-75
3.071585,-0.042155803,9.94E-75
3.07219,-0.044067099,1.24E-74
3.072795,-0.046147938,1.56E-74
3.0734,-0.048334843,1.94E-74
3.074005,-0.050566418,2.43E-74
3.07461,-0.05268103,3.04E-74
3.075215,-0.05441522,3.80E-74
3.07582,-0.055696765,4.74E-74
3.076425,-0.056915669,5.93E-74
3.07703,-0.058691935,7.41E-74
3.077635,-0.061262159,9.25E-74
3.07824,-0.06423341,1.16E-73
3.078845,-0.067017669,1.44E-73
3.07945,-0.069359465,1.80E-73
3.080055,-0.071376172,2.25E-73
3.08066,-0.073262772,2.81E-73
3.081265,-0.075159551,3.50E-73
3.08187,-0.077245324,4.37E-73
3.082475,-0.079603223,5.45E-73
3.08308,-0.081801358,6.80E-73
3.083685,-0.082965946,8.48E-73
3.08429,-0.082787304,1.06E-72
3.084895,-0.082402193,1.32E-72
3.0855,-0.083671387,1.64E-72
3.086105,-0.087306384,2.05E-72
3.08671,-0.092120803,2.55E-72
3.087315,-0.096314882,3.18E-72
3.08792,-0.099069194,3.96E-72
3.088525,-0.100784535,4.94E-72
3.08913,-0.102282275,6.15E-72
3.089735,-0.104086132,7.66E-72
3.09034,-0.106278326,9.54E-72
3.090945,-0.108644403,1.19E-71
3.09155,-0.110698563,1.48E-71
3.092155,-0.111770344,1.84E-71
3.09276,-0.111598358,2.29E-71
3.093365,-0.111056603,2.85E-71
3.09397,-0.111841023,3.54E-71
3.094575,-0.114892833,4.41E-71
3.09518,-0.119262818,5.48E-71
3.095785,-0.122940647,6.82E-71
3.09639,-0.124724306,8.48E-71
3.096995,-0.125098002,1.05E-70
3.0976,-0.125517101,1.31E-70
3.098205,-0.12708657,1.63E-70
3.09881,-0.129805275,2.02E-70
3.099415,-0.132683711,2.51E-70
3.10002,-0.134295124,3.12E-70
3.100625,-0.133478969,3.88E-70
3.10123,-0.130265862,4.82E-70
3.101835,-0.126595858,5.98E-70
3.10244,-0.12559528,7.43E-70
3.103045,-0.129056179,9.22E-70
3.10365,-0.135418786,1.14E-69
3.104255,-0.140989593,1.42E-69
3.10486,-0.143426493,1.76E-69
3.105465,-0.143578842,2.19E-69
3.10607,-0.143818761,2.71E-69
3.106675,-0.145249757,3.36E-69
3.10728,-0.147139664,4.17E-69
3.107885,-0.14853927,5.17E-69
3.10849,-0.14925916,6.41E-69
3.109095,-0.149088386,7.94E-69
3.1097,-0.147293076,9.85E-69
3.110305,-0.143993315,1.22E-68
3.11091,-0.141417974,1.51E-68
3.111515,-0.14218528,1.87E-68
3.11212,-0.146208481,2.32E-68
3.112725,-0.150592335,2.87E-68
3.11333,-0.152751524,3.56E-68
3.113935,-0.152599147,4.40E-68
3.11454,-0.151564072,5.45E-68
3.115145,-0.150605076,6.75E-68
3.11575,-0.149964297,8.35E-68
3.116355,-0.149998057,1.03E-67
3.11696,-0.150640078,1.28E-67
3.117565,-0.150070369,1.58E-67
3.11817,-0.145826277,1.96E-67
3.118775,-0.138369962,2.42E-67
3.11938,-0.132233515,2.99E-67
3.119985,-0.131853894,3.70E-67
3.12059,-0.136762555,4.57E-67
3.121195,-0.142388708,5.65E-67
3.1218,-0.145105797,6.98E-67
3.122405,-0.14492518,8.62E-67
3.12301,-0.143605813,1.06E-66
3.123615,-0.142075145,1.32E-66
3.12422,-0.140452554,1.62E-66
3.124825,-0.139233876,2.01E-66
3.12543,-0.138873417,2.48E-66
3.126035,-0.138318059,3.06E-66
3.12664,-0.135365457,3.77E-66
3.127245,-0.129386839,4.66E-66
3.12785,-0.123055364,5.75E-66
3.128455,-0.120181225,7.09E-66
3.12906,-0.121874765,8.74E-66
3.129665,-0.125604533,1.08E-65
3.13027,-0.127835197,1.33E-65
3.130875,-0.126979423,1.64E-65
3.13148,-0.123981412,2.02E-65
3.132085,-0.120767534,2.49E-65
3.13269,-0.118630493,3.07E-65
3.133295,-0.117798136,3.78E-65
3.1339,-0.117523518,4.66E-65
3.134505,-0.116061518,5.74E-65
3.13511,-0.111421904,7.07E-65
3.135715,-0.103465804,8.71E-65
3.13632,-0.09530692,1.07E-64
3.136925,-0.091340913,1.32E-64
3.13753,-0.093117073,1.63E-64
3.138135,-0.097728815,2.00E-64
3.13874,-0.100734797,2.46E-64
3.139345,-0.100132008,3.03E-64
3.13995,-0.097133819,3.73E-64
3.140555,-0.093885958,4.59E-64
3.14116,-0.091388873,5.64E-64
3.141765,-0.089451422,6.94E-64
3.14237,-0.087619585,8.53E-64
3.142975,-0.085421181,1.05E-63
3.14358,-0.082012697,1.29E-63
3.144185,-0.076670999,1.58E-63
3.14479,-0.070201455,1.95E-63
3.145395,-0.065108308,2.39E-63
3.146,-0.063380532,2.94E-63
3.146605,-0.064242143,3.61E-63
3.14721,-0.06484287,4.43E-63
3.147815,-0.063150404,5.44E-63
3.14842,-0.059531614,6.68E-63
3.149025,-0.055590459,8.20E-63
3.14963,-0.052335904,1.01E-62
3.150235,-0.049813058,1.24E-62
3.15084,-0.047718363,1.52E-62
3.151445,-0.045435152,1.86E-62
3.15205,-0.041693105,2.28E-62
3.152655,-0.035402071,2.80E-62
3.15326,-0.027447284,3.43E-62
3.153865,-0.020927249,4.21E-62
3.15447,-0.018552575,5.16E-62
3.155075,-0.019793049,6.32E-62
3.15568,-0.021372761,7.75E-62
3.156285,-0.020625092,9.49E-62
3.15689,-0.017633934,1.16E-61
3.157495,-0.014131904,1.42E-61
3.1581,-0.011244878,1.75E-61
3.158705,-0.008782052,2.14E-61
3.15931,-0.006198044,2.62E-61
3.159915,-0.003393889,3.20E-61
3.16052,-0.000380169,3.92E-61
3.161125,0.003174641,4.80E-61
3.16173,0.007453383,5.88E-61
3.162335,0.011748174,7.19E-61
3.16294,0.014843169,8.80E-61
3.163545,0.016332569,1.08E-60
3.16415,0.017112746,1.32E-60
3.164755,0.018370795,1.61E-60
3.16536,0.020511634,1.97E-60
3.165965,0.023226762,2.41E-60
3.16657,0.026144357,2.94E-60
3.167175,0.029048361,3.59E-60
3.16778,0.031669032,4.39E-60
3.168385,0.033793339,5.36E-60
3.16899,0.035787623,6.55E-60
3.169595,0.038609863,8.01E-60
3.1702,0.042827347,9.78E-60
3.170805,0.047605319,1.19E-59
3.17141,0.051109199,1.46E-59
3.172015,0.052273641,1.78E-59
3.17262,0.051944157,2.17E-59
3.173225,0.051961506,2.65E-59
3.17383,0.053375821,3.23E-59
3.174435,0.055794721,3.95E-59
3.17504,0.058187814,4.81E-59
3.175645,0.059976779,5.87E-59
3.17625,0.061312474,7.16E-59
3.176855,0.062575659,8.73E-59
3.17746,0.063972878,1.06E-58
3.178065,0.06563158,1.30E-58
3.17867,0.067701043,1.58E-58
3.179275,0.070046979,1.93E-58
3.17988,0.072021094,2.35E-58
3.180485,0.072970737,2.86E-58
3.18109,0.073031968,3.48E-58
3.181695,0.073110555,4.24E-58
3.1823,0.074021012,5.16E-58
3.182905,0.075813086,6.29E-58
3.18351,0.077909037,7.65E-58
3.184115,0.079699368,9.32E-58
3.18472,0.080937457,1.13E-57
3.185325,0.081741209,1.38E-57
3.18593,0.082454949,1.68E-57
3.186535,0.083521394,2.04E-57
3.18714,0.085263316,2.48E-57
3.187745,0.08752348,3.02E-57
3.18835,0.08948773,3.67E-57
3.188955,0.090209594,4.46E-57
3.18956,0.089603436,5.43E-57
3.190165,0.088745356,6.59E-57
3.19077,0.088910333,8.01E-57
3.191375,0.090340114,9.74E-57
3.19198,0.092108944,1.18E-56
3.192585,0.093168509,1.44E-56
3.19319,0.093351752,1.74E-56
3.193795,0.093314855,2.12E-56
3.1944,0.093722346,2.57E-56
3.195005,0.094702906,3.12E-56
3.19561,0.095963176,3.79E-56
3.196215,0.097077437,4.60E-56
3.19682,0.097592986,5.58E-56
3.197425,0.097210273,6.77E-56
3.19803,0.096164168,8.21E-56
3.198635,0.095274547,9.96E-56
3.19924,0.095290999,1.21E-55
3.199845,0.096155789,1.46E-55
3.20045,0.097124647,1.78E-55
3.201055,0.097621795,2.15E-55
3.20166,0.097727081,2.61E-55
3.202265,0.097826426,3.16E-55
3.20287,0.09814419,3.83E-55
3.203475,0.098728544,4.64E-55
3.20408,0.099568103,5.62E-55
3.204685,0.100471926,6.81E-55
3.20529,0.10095326,8.24E-55
3.205895,0.100541572,9.98E-55
3.2065,0.099358762,1.21E-54
3.207105,0.098203661,1.46E-54
3.20771,0.097865459,1.77E-54
3.208315,0.098379928,2.14E-54
3.20892,0.099010366,2.59E-54
3.209525,0.098988643,3.13E-54
3.21013,0.09833877,3.79E-54
3.210735,0.097862225,4.58E-54
3.21134,0.098151221,5.54E-54
3.211945,0.098782416,6.70E-54
3.21255,0.098791412,8.10E-54
3.213155,0.097879487,9.79E-54
3.21376,0.096696143,1.18E-53
3.214365,0.095763826,1.43E-53
3.21497,0.094702306,1.73E-53
3.215575,0.092997825,2.09E-53
3.21618,0.091053894,2.52E-53
3.216785,0.089836734,3.04E-53
3.21739,0.089685412,3.67E-53
3.217995,0.089981203,4.43E-53
3.2186,0.089919104,5.35E-53
3.219205,0.089228716,6.46E-53
3.21981,0.088230808,7.79E-53
3.220415,0.087555498,9.40E-53
3.22102,0.087663611,1.13E-52
3.221625,0.088243997,1.37E-52
3.22223,0.088214832,1.65E-52
3.222835,0.086728281,1.99E-52
3.22344,0.084155251,2.40E-52
3.224045,0.081768775,2.89E-52
3.22465,0.080444324,3.48E-52
3.225255,0.079943374,4.20E-52
3.22586,0.079473375,5.06E-52
3.226465,0.078633565,6.09E-52
3.22707,0.077663348,7.34E-52
3.227675,0.076887229,8.84E-52
3.22828,0.076170722,1.06E-51
3.228885,0.075186474,1.28E-51
3.22949,0.074103082,1.54E-51
3.230095,0.073481383,1.86E-51
3.2307,0.073280685,2.23E-51
3.231305,0.072478506,2.69E-51
3.23191,0.070181674,3.23E-51
3.232515,0.066843966,3.89E-51
3.23312,0.063881009,4.68E-51
3.233725,0.062262589,5.63E-51
3.23433,0.061848739,6.77E-51
3.234935,0.061825879,8.13E-51
3.23554,0.061419666,9.78E-51
3.236145,0.060389546,1.18E-50
3.23675,0.059128298,1.41E-50
3.237355,0.058206708,1.70E-50
3.23796,0.057742346,2.04E-50
3.238565,0.057353482,2.45E-50
3.23917,0.056680645,2.94E-50
3.239775,0.055655016,3.53E-50
3.24038,0.05427707,4.24E-50
3.240985,0.052501828,5.09E-50
3.24159,0.050442763,6.11E-50
3.242195,0.048443446,7.33E-50
3.2428,0.046838767,8.80E-50
3.243405,0.045742354,1.06E-49
3.24401,0.045026647,1.27E-49
3.244615,0.044342869,1.52E-49
3.24522,0.043229134,1.82E-49
3.245825,0.041477971,2.18E-49
3.24643,0.039470133,2.62E-49
3.247035,0.037910165,3.14E-49
3.24764,0.037021872,3.76E-49
3.248245,0.036109742,4.51E-49
3.24885,0.034194407,5.40E-49
3.249455,0.031118237,6.47E-49
3.25006,0.027787511,7.75E-49
3.250665,0.025249765,9.28E-49
3.25127,0.023731498,1.11E-48
3.251875,0.022659303,1.33E-48
3.25248,0.021402727,1.59E-48
3.253085,0.019785356,1.91E-48
3.25369,0.017958375,2.28E-48
3.254295,0.016073675,2.73E-48
3.2549,0.014265371,3.27E-48
3.255505,0.012792077,3.91E-48
3.25611,0.011836782,4.67E-48
3.256715,0.011043472,5.59E-48
3.25732,0.00955202,6.68E-48
3.257925,0.006822976,7.99E-48
3.25853,0.003336009,9.55E-48
3.259135,0.000161839,1.14E-47
3.25974,-0.002131037,1.36E-47
3.260345,-0.003872397,1.63E-47
3.26095,-0.005649679,1.95E-47
3.261555,-0.007622515,2.32E-47
3.26216,-0.009605713,2.78E-47
3.262765,-0.011576336,3.32E-47
3.26337,-0.013752009,3.96E-47
3.263975,-0.016144196,4.73E-47
3.26458,-0.018380682,5.64E-47
3.265185,-0.020215074,6.73E-47
3.26579,-0.022026468,8.03E-47
3.266395,-0.024487713,9.58E-47
3.267,-0.027733717,1.14E-46
3.267605,-0.031134198,1.36E-46
3.26821,-0.033958357,1.63E-46
3.268815,-0.036043149,1.94E-46
3.26942,-0.03774853,2.31E-46
3.270025,-0.039470334,2.76E-46
3.27063,-0.041354333,3.28E-46
3.271235,-0.043393145,3.91E-46
3.27184,-0.045519547,4.66E-46
3.272445,-0.047448807,5.55E-46
3.27305,-0.048687286,6.62E-46
3.273655,-0.049097872,7.88E-46
3.27426,-0.049445828,9.38E-46
3.274865,-0.050928176,1.12E-45
3.27547,-0.053918471,1.33E-45
3.276075,-0.057510122,1.58E-45
3.27668,-0.060526894,1.88E-45
3.277285,-0.062643518,2.24E-45
3.27789,-0.064335723,2.67E-45
3.278495,-0.066129413,3.17E-45
3.2791,-0.068208044,3.77E-45
3.279705,-0.070543541,4.49E-45
3.28031,-0.073012809,5.34E-45
3.280915,-0.075284103,6.34E-45
3.28152,-0.076885623,7.54E-45
3.282125,-0.077702668,8.96E-45
3.28273,-0.078379297,1.07E-44
3.283335,-0.079910532,1.27E-44
3.28394,-0.082647363,1.50E-44
3.284545,-0.085934559,1.79E-44
3.28515,-0.088919007,2.12E-44
3.285755,-0.091393039,2.52E-44
3.28636,-0.093588938,2.99E-44
3.286965,-0.095528878,3.55E-44
3.28757,-0.097074497,4.21E-44
3.288175,-0.098509639,5.00E-44
3.28878,-0.100449267,5.93E-44
3.289385,-0.102798451,7.04E-44
3.28999,-0.104231667,8.35E-44
3.290595,-0.103504024,9.90E-44
3.2912,-0.101457964,1.17E-43
3.291805,-0.100947979,1.39E-43
3.29241,-0.104046023,1.65E-43
3.293015,-0.10974707,1.96E-43
3.29362,-0.115152503,2.32E-43
3.294225,-0.118481019,2.75E-43
3.29483,-0.120164302,3.26E-43
3.295435,-0.121418367,3.86E-43
3.29604,-0.122778531,4.57E-43
3.296645,-0.124263619,5.41E-43
3.29725,-0.12614623,6.41E-43
3.297855,-0.128625058,7.59E-43
3.29846,-0.130820362,8.98E-43
3.299065,-0.131132049,1.06E-42
3.29967,-0.129315962,1.26E-42
3.300275,-0.12767739,1.49E-42
3.30088,-0.129089575,1.76E-42
3.301485,-0.133768876,2.08E-42
3.30209,-0.139019525,2.47E-42
3.302695,-0.142293012,2.92E-42
3.3033,-0.143434032,3.45E-42
3.303905,-0.143692303,4.08E-42
3.30451,-0.14383352,4.82E-42
3.305115,-0.14416311,5.69E-42
3.30572,-0.145371958,6.73E-42
3.306325,-0.147626653,7.95E-42
3.30693,-0.14899444,9.39E-42
3.307535,-0.146688014,1.11E-41
3.30814,-0.140843917,1.31E-41
3.308745,-0.135880027,1.55E-41
3.30935,-0.136487227,1.83E-41
3.309955,-0.142539149,2.16E-41
3.31056,-0.149414014,2.55E-41
3.311165,-0.153071844,3.00E-41
3.31177,-0.153290326,3.54E-41
3.312375,-0.152231787,4.18E-41
3.31298,-0.151642653,4.93E-41
3.313585,-0.15198353,5.82E-41
3.31419,-0.153049264,6.86E-41
3.314795,-0.154120619,8.09E-41
3.3154,-0.153732752,9.54E-41
3.316005,-0.150640537,1.12E-40
3.31661,-0.145567007,1.33E-40
3.317215,-0.141309157,1.56E-40
3.31782,-0.14041606,1.84E-40
3.318425,-0.142846216,2.17E-40
3.31903,-0.14625487,2.55E-40
3.319635,-0.148271741,3.01E-40
3.32024,-0.148055469,3.54E-40
3.320845,-0.14616439,4.17E-40
3.32145,-0.143783814,4.91E-40
3.322055,-0.142102579,5.78E-40
3.32266,-0.141732301,6.80E-40
3.323265,-0.142026237,8.00E-40
3.32387,-0.140959432,9.41E-40
3.324475,-0.136459895,1.11E-39
3.32508,-0.128677507,1.30E-39
3.325685,-0.120955641,1.53E-39
3.32629,-0.117611293,1.80E-39
3.326895,-0.120015443,2.12E-39
3.3275,-0.125252142,2.49E-39
3.328105,-0.128966332,2.93E-39
3.32871,-0.129113652,3.44E-39
3.329315,-0.126868515,4.04E-39
3.32992,-0.124468435,4.75E-39
3.330525,-0.122863923,5.57E-39
3.33113,-0.121673,6.55E-39
3.331735,-0.12049095,7.69E-39
3.33234,-0.119090695,9.03E-39
3.332945,-0.116665199,1.06E-38
3.33355,-0.112222909,1.24E-38
3.334155,-0.106312484,1.46E-38
3.33476,-0.101538008,1.71E-38
3.335365,-0.100327255,2.01E-38
3.33597,-0.102331963,2.36E-38
3.336575,-0.104762385,2.77E-38
3.33718,-0.105170062,3.24E-38
3.337785,-0.103291439,3.80E-38
3.33839,-0.100341543,4.46E-38
3.338995,-0.097450488,5.23E-38
3.3396,-0.095166262,6.12E-38
3.340205,-0.093621657,7.18E-38
3.34081,-0.092200649,8.41E-38
3.341415,-0.089227285,9.85E-38
3.34202,-0.08316028,1.15E-37
3.342625,-0.074888428,1.35E-37
3.34323,-0.068131431,1.58E-37
3.343835,-0.066265545,1.85E-37
3.34444,-0.06879805,2.17E-37
3.345045,-0.071922503,2.54E-37
3.34565,-0.072412948,2.97E-37
3.346255,-0.070078701,3.48E-37
3.34686,-0.06660797,4.07E-37
3.347465,-0.063274173,4.76E-37
3.34807,-0.060340165,5.57E-37
3.348675,-0.057818121,6.51E-37
3.34928,-0.055646989,7.61E-37
3.349885,-0.053111664,8.90E-37
3.35049,-0.049055233,1.04E-36
3.351095,-0.043283099,1.22E-36
3.3517,-0.037410827,1.42E-36
3.352305,-0.033645751,1.66E-36
3.35291,-0.032587846,1.94E-36
3.353515,-0.032641905,2.27E-36
3.35412,-0.031724038,2.65E-36
3.354725,-0.029108941,3.09E-36
3.35533,-0.025468853,3.61E-36
3.355935,-0.021702105,4.21E-36
3.35654,-0.018249837,4.92E-36
3.357145,-0.015291681,5.74E-36
3.35775,-0.012828188,6.69E-36
3.358355,-0.010196628,7.81E-36
3.35896,-0.006087659,9.11E-36
3.359565,9.35E-05,1.06E-35
3.36017,0.006860676,1.24E-35
3.360775,0.01147015,1.45E-35
3.36138,0.012610003,1.68E-35
3.361985,0.011800845,1.96E-35
3.36259,0.011725863,2.29E-35
3.363195,0.013670311,2.67E-35
3.3638,0.016951862,3.11E-35
3.364405,0.020280159,3.62E-35
3.36501,0.023053329,4.22E-35
3.365615,0.025415825,4.91E-35
3.36622,0.027622089,5.72E-35
3.366825,0.029821505,6.66E-35
3.36743,0.032330005,7.75E-35
3.368035,0.035535873,9.03E-35
3.36864,0.039257718,1.05E-34
3.369245,0.042526954,1.22E-34
3.36985,0.04448708,1.42E-34
3.370455,0.045442229,1.65E-34
3.37106,0.046577613,1.92E-34
3.371665,0.048673498,2.24E-34
3.37227,0.05145877,2.60E-34
3.372875,0.054165907,3.03E-34
3.37348,0.056347557,3.52E-34
3.374085,0.058054434,4.09E-34
3.37469,0.059513997,4.75E-34
3.375295,0.060956788,5.52E-34
3.3759,0.062699651,6.41E-34
3.376505,0.065058525,7.45E-34
3.37711,0.067934101,8.65E-34
3.377715,0.070563946,1.00E-33
3.37832,0.072039468,1.17E-33
3.378925,0.072208998,1.35E-33
3.37953,0.071832699,1.57E-33
3.380135,0.07182836,1.82E-33
3.38074,0.072596862,2.12E-33
3.381345,0.073980066,2.46E-33
3.38195,0.075561003,2.85E-33
3.382555,0.076941861,3.30E-33
3.38316,0.077923863,3.83E-33
3.383765,0.078646461,4.44E-33
3.38437,0.079559002,5.15E-33
3.384975,0.081026576,5.97E-33
3.38558,0.082814571,6.92E-33
3.386185,0.084101128,8.02E-33
3.38679,0.084283939,9.29E-33
3.387395,0.083777644,1.08E-32
3.388,0.083671119,1.25E-32
3.388605,0.084541728,1.44E-32
3.38921,0.085961748,1.67E-32
3.389815,0.087226442,1.94E-32
3.39042,0.088181218,2.24E-32
3.391025,0.089118386,2.60E-32
3.39163,0.090145394,3.00E-32
3.392235,0.091085171,3.48E-32
3.39284,0.091966426,4.02E-32
3.393445,0.093147989,4.65E-32
3.39405,0.094751051,5.38E-32
3.394655,0.096243932,6.22E-32
3.39526,0.096893236,7.19E-32
3.395865,0.09660111,8.32E-32
3.39647,0.096053001,9.62E-32
3.397075,0.095984362,1.11E-31
3.39768,0.096535048,1.28E-31
3.398285,0.097378747,1.48E-31
3.39889,0.098171234,1.71E-31
3.399495,0.098708976,1.98E-31
3.4001,0.098924644,2.29E-31
3.400705,0.098975744,2.64E-31
3.40131,0.099210597,3.05E-31
3.401915,0.099843445,3.52E-31
3.40252,0.100642089,4.06E-31
3.403125,0.101002959,4.69E-31
3.40373,0.100451555,5.41E-31
3.404335,0.099152631,6.24E-31
3.40494,0.097825641,7.20E-31
3.405545,0.097078101,8.31E-31
3.40615,0.096946001,9.58E-31
3.406755,0.097132942,1.10E-30
3.40736,0.09747605,1.27E-30
3.407965,0.09793734,1.47E-30
3.40857,0.098266224,1.69E-30
3.409175,0.098164635,1.95E-30
3.40978,0.097953097,2.25E-30
3.410385,0.098485397,2.59E-30
3.41099,0.099870269,2.98E-30
3.411595,0.10070432,3.43E-30
3.4122,0.09944103,3.96E-30
3.412805,0.096532967,4.55E-30
3.41341,0.094261408,5.24E-30
3.414015,0.094050521,6.03E-30
3.41462,0.094848575,6.95E-30
3.415225,0.094749831,7.99E-30
3.41583,0.093391812,9.20E-30
3.416435,0.091985422,1.06E-29
3.41704,0.091520851,1.22E-29
3.417645,0.091769309,1.40E-29
3.41825,0.091909127,1.61E-29
3.418855,0.091466656,1.85E-29
3.41946,0.090544791,2.13E-29
3.420065,0.089501182,2.44E-29
3.42067,0.088468222,2.81E-29
3.421275,0.087098565,3.23E-29
3.42188,0.084965363,3.71E-29
3.422485,0.082287957,4.26E-29
3.42309,0.079991026,4.89E-29
3.423695,0.078882572,5.62E-29
3.4243,0.078906807,6.45E-29
3.424905,0.079276799,7.40E-29
3.42551,0.079207674,8.50E-29
3.426115,0.078501863,9.75E-29
3.42672,0.077575438,1.12E-28
3.427325,0.076954571,1.28E-28
3.42793,0.076717815,1.47E-28
3.428535,0.076480558,1.69E-28
3.42914,0.075864108,1.94E-28
3.429745,0.074795271,2.22E-28
3.43035,0.07333762,2.55E-28
3.430955,0.071485522,2.92E-28
3.43156,0.069341682,3.35E-28
3.432165,0.067358912,3.84E-28
3.43277,0.066120974,4.40E-28
3.433375,0.065824409,5.04E-28
3.43398,0.065999253,5.77E-28
3.434585,0.065741761,6.61E-28
3.43519,0.064443189,7.57E-28
3.435795,0.06249513,8.66E-28
3.4364,0.06101393,9.92E-28
3.437005,0.060525143,1.14E-27
3.43761,0.060151633,1.30E-27
3.438215,0.058566192,1.49E-27
3.43882,0.055631124,1.70E-27
3.439425,0.05257935,1.95E-27
3.44003,0.050557394,2.23E-27
3.440635,0.049514464,2.55E-27
3.44124,0.048684198,2.91E-27
3.441845,0.047648901,3.33E-27
3.44245,0.046570514,3.80E-27
3.443055,0.045666219,4.35E-27
3.44366,0.044842367,4.97E-27
3.444265,0.043855603,5.68E-27
3.44487,0.042668079,6.49E-27
3.445475,0.0414966,7.41E-27
3.44608,0.040447391,8.46E-27
3.446685,0.039224367,9.66E-27
3.44729,0.037383583,1.10E-26
3.447895,0.034877287,1.26E-26
3.4485,0.032207118,1.44E-26
3.449105,0.029991719,1.64E-26
3.44971,0.028443614,1.87E-26
3.450315,0.02726626,2.14E-26
3.45092,0.025973107,2.44E-26
3.451525,0.0242658,2.78E-26
3.45213,0.022178313,3.17E-26
3.452735,0.019990873,3.62E-26
3.45334,0.018037971,4.12E-26
3.453945,0.016465768,4.70E-26
3.45455,0.015046732,5.36E-26
3.455155,0.013260398,6.10E-26
3.45576,0.0107064,6.95E-26
3.456365,0.00752954,7.92E-26
3.45697,0.004357223,9.02E-26
3.457575,0.001763847,1.03E-25
3.45818,-0.000121066,1.17E-25
3.458785,-0.001535645,1.33E-25
3.45939,-0.002839465,1.52E-25
3.459995,-0.004367418,1.73E-25
3.4606,-0.006307127,1.97E-25
3.461205,-0.008527002,2.24E-25
3.46181,-0.010555434,2.54E-25
3.462415,-0.011942035,2.89E-25
3.46302,-0.012786324,3.29E-25
3.463625,-0.013833731,3.74E-25
3.46423,-0.015857773,4.26E-25
3.464835,-0.018888717,4.84E-25
3.46544,-0.022196101,5.50E-25
3.466045,-0.025058127,6.26E-25
3.46665,-0.027347813,7.11E-25
3.467255,-0.029369778,8.08E-25
3.46786,-0.031405016,9.18E-25
3.468465,-0.033525001,1.04E-24
3.46907,-0.035689418,1.18E-24
3.469675,-0.037835667,1.34E-24
3.47028,-0.039837634,1.53E-24
3.470885,-0.041533696,1.73E-24
3.47149,-0.0429452,1.97E-24
3.472095,-0.044433598,2.23E-24
3.4727,-0.046486699,2.53E-24
3.473305,-0.049242125,2.87E-24
3.47391,-0.052301621,3.26E-24
3.474515,-0.055112751,3.70E-24
3.47512,-0.057426875,4.19E-24
3.475725,-0.059337861,4.76E-24
3.47633,-0.061070046,5.39E-24
3.476935,-0.062859955,6.11E-24
3.47754,-0.064943145,6.93E-24
3.478145,-0.067421001,7.85E-24
3.47875,-0.069949318,8.90E-24
3.479355,-0.071686226,1.01E-23
3.47996,-0.071990795,1.14E-23
3.480565,-0.07144186,1.29E-23
3.48117,-0.071822494,1.46E-23
3.481775,-0.074525645,1.66E-23
3.48238,-0.079041872,1.88E-23
3.482985,-0.083498468,2.13E-23
3.48359,-0.086571563,2.41E-23
3.484195,-0.088434939,2.72E-23
3.4848,-0.090023438,3.08E-23
3.485405,-0.091912542,3.48E-23
3.48601,-0.094051081,3.94E-23
3.486615,-0.096214504,4.46E-23
3.48722,-0.098262288,5.04E-23
3.487825,-0.099935417,5.70E-23
3.48843,-0.100859599,6.44E-23
3.489035,-0.101110519,7.28E-23
3.48964,-0.101602579,8.23E-23
3.490245,-0.103444331,9.30E-23
3.49085,-0.106791223,1.05E-22
3.491455,-0.110625428,1.19E-22
3.49206,-0.113703244,1.34E-22
3.492665,-0.115516619,1.51E-22
3.49327,-0.116470563,1.71E-22
3.493875,-0.117440552,1.93E-22
3.49448,-0.119154611,2.18E-22
3.495085,-0.121674308,2.46E-22
3.49569,-0.124120916,2.77E-22
3.496295,-0.124991648,3.13E-22
3.4969,-0.123365386,3.53E-22
3.497505,-0.120260721,3.98E-22
3.49811,-0.118452206,4.49E-22
3.498715,-0.120187529,5.06E-22
3.49932,-0.125018857,5.71E-22
3.499925,-0.130415251,6.43E-22
3.50053,-0.13431481,7.25E-22
3.501135,-0.136432422,8.17E-22
3.50174,-0.13752052,9.21E-22
3.502345,-0.138378121,1.04E-21
3.50295,-0.139560206,1.17E-21
3.503555,-0.14122614,1.32E-21
3.50416,-0.142884108,1.48E-21
3.504765,-0.143569202,1.67E-21
3.50537,-0.142605232,1.88E-21
3.505975,-0.140360934,2.12E-21
3.50658,-0.138391537,2.38E-21
3.507185,-0.138562587,2.68E-21
3.50779,-0.141495877,3.01E-21
3.508395,-0.145875518,3.39E-21
3.509,-0.149512783,3.81E-21
3.509605,-0.151060329,4.29E-21
3.51021,-0.150812262,4.82E-21
3.510815,-0.150091803,5.42E-21
3.51142,-0.150012702,6.10E-21
3.512025,-0.150870763,6.85E-21
3.51263,-0.152231101,7.70E-21
3.513235,-0.152910572,8.65E-21
3.51384,-0.151175265,9.72E-21
3.514445,-0.146175104,1.09E-20
3.51505,-0.139855438,1.23E-20
3.515655,-0.136500001,1.38E-20
3.51626,-0.138921688,1.55E-20
3.516865,-0.145253593,1.74E-20
3.51747,-0.150642753,1.95E-20
3.518075,-0.152021465,2.19E-20
3.51868,-0.150323138,2.45E-20
3.519285,-0.148253349,2.75E-20
3.51989,-0.147220521,3.09E-20
3.520495,-0.146978519,3.47E-20
3.5211,-0.146997159,3.89E-20
3.521705,-0.146715486,4.36E-20
3.52231,-0.14483015,4.89E-20
3.522915,-0.140059711,5.48E-20
3.52352,-0.13344411,6.14E-20
3.524125,-0.128723959,6.88E-20
3.52473,-0.128935051,7.71E-20
3.525335,-0.132948565,8.64E-20
3.52594,-0.136562968,9.68E-20
3.526545,-0.13683679,1.08E-19
3.52715,-0.134354043,1.21E-19
3.527755,-0.131400148,1.36E-19
3.52836,-0.129308265,1.52E-19
3.528965,-0.128145906,1.70E-19
3.52957,-0.127605004,1.91E-19
3.530175,-0.126834295,2.13E-19
3.53078,-0.124020528,2.39E-19
3.531385,-0.117726553,2.67E-19
3.53199,-0.109283752,2.99E-19
3.532595,-0.102932255,3.34E-19
3.5332,-0.102202983,3.73E-19
3.533805,-0.106176572,4.18E-19
3.53441,-0.110387391,4.67E-19
3.535015,-0.111363284,5.22E-19
3.53562,-0.109269624,5.83E-19
3.536225,-0.106302854,6.51E-19
3.53683,-0.103919922,7.28E-19
3.537435,-0.10217251,8.13E-19
3.53804,-0.100704985,9.08E-19
3.538645,-0.099239178,1.01E-18
3.53925,-0.097060477,1.13E-18
3.539855,-0.093018859,1.26E-18
3.54046,-0.086941706,1.41E-18
3.541065,-0.080779248,1.57E-18
3.54167,-0.077306573,1.76E-18
3.542275,-0.077360746,1.96E-18
3.54288,-0.078942176,2.19E-18
3.543485,-0.07928238,2.44E-18
3.54409,-0.077291683,2.72E-18
3.544695,-0.073776909,3.03E-18
3.5453,-0.069980697,3.38E-18
3.545905,-0.066605936,3.77E-18
3.54651,-0.063918169,4.20E-18
3.547115,-0.061817816,4.68E-18
3.54772,-0.059368937,5.22E-18
3.548325,-0.054917572,5.82E-18
3.54893,-0.047781871,6.48E-18
3.549535,-0.039979896,7.22E-18
3.55014,-0.035156161,8.04E-18
3.550745,-0.034989879,8.95E-18
3.55135,-0.037297586,9.96E-18
3.551955,-0.038346121,1.11E-17
3.55256,-0.036420942,1.23E-17
3.553165,-0.032584244,1.37E-17
3.55377,-0.028724524,1.53E-17
3.554375,-0.025758643,1.70E-17
3.55498,-0.023491289,1.89E-17
3.555585,-0.021335365,2.10E-17
3.55619,-0.018667845,2.34E-17
3.556795,-0.014856662,2.60E-17
3.5574,-0.009721828,2.89E-17
3.558005,-0.004213017,3.21E-17
3.55861,-9.81E-05,3.57E-17
3.559215,0.001612269,3.97E-17
3.55982,0.001830968,4.41E-17
3.560425,0.002534334,4.90E-17
3.56103,0.004835925,5.44E-17
3.561635,0.00827494,6.04E-17
3.56224,0.011770851,6.71E-17
3.562845,0.014754362,7.44E-17
3.56345,0.017310207,8.26E-17
3.564055,0.019685821,9.17E-17
3.56466,0.022147427,1.02E-16
3.565265,0.025206294,1.13E-16
3.56587,0.029356315,1.25E-16
3.566475,0.034235236,1.39E-16
3.56708,0.038406705,1.54E-16
3.567685,0.040577758,1.71E-16
3.56829,0.04101549,1.89E-16
3.568895,0.04125045,2.10E-16
3.5695,0.042456138,2.33E-16
3.570105,0.044616099,2.58E-16
3.57071,0.047107331,2.86E-16
3.571315,0.049508025,3.17E-16
3.57192,0.05171892,3.51E-16
3.572525,0.053670951,3.89E-16
3.57313,0.055311516,4.30E-16
3.573735,0.056875947,4.77E-16
3.57434,0.058815123,5.28E-16
3.574945,0.061233912,5.84E-16
3.57555,0.063529394,6.46E-16
3.576155,0.064881376,7.15E-16
3.57676,0.065200996,7.91E-16
3.577365,0.065336347,8.76E-16
3.57797,0.066197779,9.68E-16
3.578575,0.067893969,1.07E-15
3.57918,0.069813851,1.18E-15
3.579785,0.071346343,1.31E-15
3.58039,0.072362811,1.45E-15
3.580995,0.073110114,1.60E-15
3.5816,0.073930978,1.77E-15
3.582205,0.075194372,1.95E-15
3.58281,0.077213338,2.16E-15
3.583415,0.079886924,2.38E-15
3.58402,0.082412729,2.63E-15
3.584625,0.083717171,2.91E-15
3.58523,0.083475609,3.21E-15
3.585835,0.082548471,3.55E-15
3.58644,0.082196402,3.91E-15
3.587045,0.082998571,4.32E-15
3.58765,0.084567082,4.77E-15
3.588255,0.086064603,5.26E-15
3.58886,0.086928851,5.80E-15
3.589465,0.087252084,6.40E-15
3.59007,0.087577588,7.06E-15
3.590675,0.088382221,7.78E-15
3.59128,0.089723193,8.58E-15
3.591885,0.091223708,9.46E-15
3.59249,0.092282071,1.04E-14
3.593095,0.0924358,1.15E-14
3.5937,0.091789292,1.27E-14
3.594305,0.091096048,1.40E-14
3.59491,0.091193589,1.54E-14
3.595515,0.092271765,1.69E-14
3.59612,0.093757372,1.86E-14
3.596725,0.094885047,2.05E-14
3.59733,0.095346246,2.26E-14
3.597935,0.095476427,2.49E-14
3.59854,0.095895796,2.74E-14
3.599145,0.096964772,3.01E-14
3.59975,0.098548206,3.32E-14
3.600355,0.100174927,3.65E-14
3.60096,0.101279408,4.01E-14
3.601565,0.101429983,4.41E-14
3.60217,0.100651673,4.85E-14
3.602775,0.099572563,5.33E-14
3.60338,0.099020606,5.86E-14
3.603985,0.099351152,6.45E-14
3.60459,0.10019159,7.08E-14
3.605195,0.100835763,7.78E-14
3.6058,0.100874968,8.55E-14
3.606405,0.100506173,9.39E-14
3.60701,0.100285287,1.03E-13
3.607615,0.100557844,1.13E-13
3.60822,0.101115886,1.24E-13
3.608825,0.101472537,1.37E-13
3.60943,0.101411494,1.50E-13
3.610035,0.100994922,1.65E-13
3.61064,0.100028198,1.81E-13
3.611245,0.098101883,1.98E-13
3.61185,0.095550513,2.17E-13
3.612455,0.093771311,2.38E-13
3.61306,0.093834924,2.62E-13
3.613665,0.095068135,2.87E-13
3.61427,0.095755957,3.14E-13
3.614875,0.095131126,3.45E-13
3.61548,0.094005056,3.78E-13
3.616085,0.093473676,4.14E-13
3.61669,0.093699871,4.54E-13
3.617295,0.094111135,4.97E-13
3.6179,0.094114633,5.45E-13
3.618505,0.093313986,5.96E-13
3.61911,0.091623659,6.53E-13
3.619715,0.089543077,7.15E-13
3.62032,0.087849079,7.83E-13
3.620925,0.086744358,8.57E-13
3.62153,0.08573396,9.38E-13
3.622135,0.084474825,1.03E-12
3.62274,0.083239006,1.12E-12
3.623345,0.082352331,1.23E-12
3.62395,0.081627531,1.34E-12
3.624555,0.080665332,1.47E-12
3.62516,0.079516154,1.61E-12
3.625765,0.078684084,1.76E-12
3.62637,0.078334902,1.92E-12
3.626975,0.077728532,2.10E-12
3.62758,0.075837952,2.30E-12
3.628185,0.072645109,2.51E-12
3.62879,0.069483963,2.74E-12
3.629395,0.06775172,2.99E-12
3.63,0.067450459,3.27E-12
3.630605,0.067393968,3.57E-12
3.63121,0.06669606,3.90E-12
3.631815,0.065555663,4.26E-12
3.63242,0.06464018,4.65E-12
3.633025,0.064217272,5.07E-12
3.63363,0.064022651,5.53E-12
3.634235,0.063671922,6.04E-12
3.63484,0.063019438,6.59E-12
3.635445,0.062155654,7.19E-12
3.63605,0.061115724,7.84E-12
3.636655,0.059724589,8.55E-12
3.63726,0.057886599,9.32E-12
3.637865,0.05592836,1.02E-11
3.63847,0.054397196,1.11E-11
3.639075,0.053478082,1.21E-11
3.63968,0.052785236,1.31E-11
3.640285,0.05181902,1.43E-11
3.64089,0.050484566,1.56E-11
3.641495,0.049056574,1.70E-11
3.6421,0.047833996,1.85E-11
3.642705,0.046955568,2.02E-11
3.64331,0.046294243,2.19E-11
3.643915,0.045358461,2.39E-11
3.64452,0.043533789,2.60E-11
3.645125,0.040688185,2.83E-11
3.64573,0.037475669,3.08E-11
3.646335,0.034801135,3.35E-11
3.64694,0.032978625,3.64E-11
3.647545,0.03162424,3.96E-11
3.64815,0.030305782,4.31E-11
3.648755,0.028959887,4.68E-11
3.64936,0.027638897,5.09E-11
3.649965,0.026207246,5.54E-11
3.65057,0.02452729,6.02E-11
3.651175,0.022791864,6.54E-11
3.65178,0.021398445,7.10E-11
3.652385,0.020413329,7.72E-11
3.65299,0.019287982,8.38E-11
3.653595,0.017310817,9.10E-11
3.6542,0.014398806,9.88E-11
3.654805,0.011258953,1.07E-10
3.65541,0.008673514,1.16E-10
3.656015,0.00679169,1.26E-10
3.65662,0.005188158,1.37E-10
3.657225,0.00343111,1.49E-10
3.65783,0.001438662,1.61E-10
3.658435,-0.000653758,1.75E-10
3.65904,-0.002738709,1.90E-10
3.659645,-0.004726114,2.06E-10
3.66025,-0.006481655,2.23E-10
3.660855,-0.008011345,2.42E-10
3.66146,-0.0096615,2.62E-10
3.662065,-0.011914814,2.84E-10
3.66267,-0.014881318,3.08E-10
3.663275,-0.018097726,3.34E-10
3.66388,-0.020938306,3.62E-10
3.664485,-0.023149415,3.92E-10
3.66509,-0.024920804,4.24E-10
3.665695,-0.026563808,4.59E-10
3.6663,-0.028264547,4.97E-10
3.666905,-0.030116902,5.39E-10
3.66751,-0.032191076,5.83E-10
3.668115,-0.034389531,6.31E-10
3.66872,-0.036311937,6.82E-10
3.669325,-0.03754592,7.38E-10
3.66993,-0.038263632,7.99E-10
3.670535,-0.039349034,8.64E-10
3.67114,-0.041596091,9.34E-10
3.671745,-0.044794334,1.01E-09
3.67235,-0.047922495,1.09E-09
3.672955,-0.050246638,1.18E-09
3.67356,-0.051936765,1.28E-09
3.674165,-0.053604646,1.38E-09
3.67477,-0.055549405,1.49E-09
3.675375,-0.057635578,1.61E-09
3.67598,-0.059725206,1.74E-09
3.676585,-0.061866773,1.88E-09
3.67719,-0.063995127,2.03E-09
3.677795,-0.065801441,2.19E-09
3.6784,-0.067178169,2.36E-09
3.679005,-0.068621828,2.55E-09
3.67961,-0.070841176,2.75E-09
3.680215,-0.073939589,2.97E-09
3.68082,-0.077258461,3.20E-09
3.681425,-0.080049039,3.45E-09
3.68203,-0.082061916,3.72E-09
3.682635,-0.083528901,4.02E-09
3.68324,-0.084870839,4.33E-09
3.683845,-0.086518371,4.67E-09
3.68445,-0.08878332,5.03E-09
3.685055,-0.09151366,5.42E-09
3.68566,-0.093752115,5.84E-09
3.686265,-0.094232796,6.30E-09
3.68687,-0.092874235,6.78E-09
3.687475,-0.091659886,7.31E-09
3.68808,-0.09315866,7.87E-09
3.688685,-0.097831636,8.47E-09
3.68929,-0.103460532,9.12E-09
3.689895,-0.107514998,9.82E-09
3.6905,-0.109455635,1.06E-08
3.691105,-0.110523995,1.14E-08
3.69171,-0.111982978,1.22E-08
3.692315,-0.114091979,1.32E-08
3.69292,-0.116510971,1.42E-08
3.693525,-0.118951761,1.52E-08
3.69413,-0.121046931,1.64E-08
3.694735,-0.122049197,1.76E-08
3.69534,-0.12145791,1.89E-08
3.695945,-0.120144711,2.03E-08
3.69655,-0.120223838,2.19E-08
3.697155,-0.123149535,2.35E-08
3.69776,-0.128095367,2.52E-08
3.698365,-0.132639769,2.71E-08
3.69897,-0.134969561,2.91E-08
3.699575,-0.13527157,3.13E-08
3.70018,-0.135179243,3.36E-08
3.700785,-0.136131088,3.61E-08
3.70139,-0.138349614,3.87E-08
3.701995,-0.141017746,4.16E-08
3.7026,-0.142747544,4.46E-08
3.703205,-0.141967744,4.79E-08
3.70381,-0.138090903,5.13E-08
3.704415,-0.13317833,5.51E-08
3.70502,-0.131434228,5.91E-08
3.705625,-0.13539032,6.33E-08
3.70623,-0.142862442,6.79E-08
3.706835,-0.149025726,7.28E-08
3.70744,-0.151241431,7.80E-08
3.708045,-0.150806665,8.36E-08
3.70865,-0.150347754,8.96E-08
3.709255,-0.150842338,9.60E-08
3.70986,-0.151683476,1.03E-07
3.710465,-0.152442878,1.10E-07
3.71107,-0.153036829,1.18E-07
3.711675,-0.1525698,1.26E-07
3.71228,-0.149815295,1.35E-07
3.712885,-0.14546079,1.45E-07
3.71349,-0.142615343,1.55E-07
3.714095,-0.143781915,1.66E-07
3.7147,-0.147866905,1.77E-07
3.715305,-0.151459229,1.90E-07
3.71591,-0.152580873,2.03E-07
3.716515,-0.15191354,2.17E-07
3.71712,-0.150837064,2.32E-07
3.717725,-0.14982624,2.48E-07
3.71833,-0.14899819,2.65E-07
3.718935,-0.148768907,2.84E-07
3.71954,-0.148812804,3.03E-07
3.720145,-0.147113682,3.24E-07
3.72075,-0.14166442,3.46E-07
3.721355,-0.133601044,3.70E-07
3.72196,-0.127486069,3.95E-07
3.722565,-0.127169548,4.22E-07
3.72317,-0.131778393,4.51E-07
3.723775,-0.136888075,4.81E-07
3.72438,-0.139088521,5.14E-07
3.724985,-0.138299657,5.48E-07
3.72559,-0.136251371,5.85E-07
3.726195,-0.134220023,6.24E-07
3.7268,-0.132553146,6.66E-07
3.727405,-0.131276668,7.10E-07
3.72801,-0.130164854,7.58E-07
3.728615,-0.128357657,8.08E-07
3.72922,-0.124654681,8.61E-07
3.729825,-0.118907987,9.18E-07
3.73043,-0.113181969,9.79E-07
3.731035,-0.110504548,1.04E-06
3.73164,-0.111813669,1.11E-06
3.732245,-0.114837997,1.18E-06
3.73285,-0.116401832,1.26E-06
3.733455,-0.115201511,1.34E-06
3.73406,-0.112147017,1.43E-06
3.734665,-0.108837691,1.52E-06
3.73527,-0.106351829,1.62E-06
3.735875,-0.105029782,1.73E-06
3.73648,-0.104376146,1.84E-06
3.737085,-0.102782241,1.96E-06
3.73769,-0.098174664,2.08E-06
3.738295,-0.090219424,2.21E-06
3.7389,-0.081954582,2.36E-06
3.739505,-0.077828179,2.51E-06
3.74011,-0.07931885,2.66E-06
3.740715,-0.083319487,2.83E-06
3.74132,-0.085427568,3.01E-06
3.741925,-0.08404454,3.20E-06
3.74253,-0.080704639,3.40E-06
3.743135,-0.077377767,3.62E-06
3.74374,-0.074662676,3.84E-06
3.744345,-0.072316477,4.08E-06
3.74495,-0.070189349,4.33E-06
3.745555,-0.067940301,4.60E-06
3.74616,-0.064510702,4.89E-06
3.746765,-0.059037436,5.19E-06
3.74737,-0.052494443,5.51E-06
3.747975,-0.047493448,5.85E-06
3.74858,-0.045795556,6.20E-06
3.749185,-0.046460287,6.58E-06
3.74979,-0.046917977,6.99E-06
3.750395,-0.045435709,7.41E-06
3.751,-0.042129126,7.86E-06
3.751605,-0.038110185,8.33E-06
3.75221,-0.034368575,8.84E-06
3.752815,-0.031388861,9.37E-06
3.75342,-0.02915082,9.93E-06
3.754025,-0.026948691,1.05E-05
3.75463,-0.023409762,1.12E-05
3.755235,-0.017550958,1.18E-05
3.75584,-0.01032943,1.25E-05
3.756445,-0.004583948,1.33E-05
3.75705,-0.002549195,1.40E-05
3.757655,-0.003486017,1.49E-05
3.75826,-0.004471031,1.57E-05
3.758865,-0.003410445,1.67E-05
3.75947,-0.000573541,1.76E-05
3.760075,0.002603686,1.87E-05
3.76068,0.005285078,1.97E-05
3.761285,0.007598637,2.09E-05
3.76189,0.009902879,2.21E-05
3.762495,0.012336587,2.34E-05
3.7631,0.015079045,2.47E-05
3.763705,0.018488324,2.61E-05
3.76431,0.022569763,2.76E-05
3.764915,0.026489331,2.92E-05
3.76552,0.029136424,3.09E-05
3.766125,0.030357885,3.26E-05
3.76673,0.03124005,3.45E-05
3.767335,0.032941613,3.64E-05
3.76794,0.035588215,3.85E-05
3.768545,0.038490226,4.06E-05
3.76915,0.041114557,4.29E-05
3.769755,0.043520483,4.53E-05
3.77036,0.04592374,4.78E-05
3.770965,0.048273312,5.05E-05
3.77157,0.05053662,5.32E-05
3.772175,0.053086044,5.62E-05
3.77278,0.056294352,5.93E-05
3.773385,0.059710512,6.25E-05
3.77399,0.06213615,6.59E-05
3.774595,0.062899306,6.95E-05
3.7752,0.062744299,7.33E-05
3.775805,0.063051348,7.73E-05
3.77641,0.064414299,8.15E-05
3.777015,0.066320375,8.59E-05
3.77762,0.068000754,9.05E-05
3.778225,0.069207952,9.53E-05
3.77883,0.070160876,0.0001
3.779435,0.071080567,0.000106
3.78004,0.072041808,0.000111
3.780645,0.073153985,0.000117
3.78125,0.07457899,0.000124
3.781855,0.076221045,0.00013
3.78246,0.077558794,0.000137
3.783065,0.07809916,0.000144
3.78367,0.078016813,0.000152
3.784275,0.078053578,0.000159
3.78488,0.078722943,0.000168
3.785485,0.079858704,0.000176
3.78609,0.081036786,0.000186
3.786695,0.08218549,0.000195
3.7873,0.083510781,0.000205
3.787905,0.084965994,0.000216
3.78851,0.086217061,0.000227
3.789115,0.087200976,0.000238
3.78972,0.088304431,0.00025
3.790325,0.08971883,0.000263
3.79093,0.09093067,0.000276
3.791535,0.091284776,0.00029
3.79214,0.090911493,0.000304
3.792745,0.090638792,0.00032
3.79335,0.091013672,0.000335
3.793955,0.091819022,0.000352
3.79456,0.092595761,0.00037
3.795165,0.093254517,0.000388
3.79577,0.093941185,0.000407
3.796375,0.09454111,0.000427
3.79698,0.094768009,0.000448
3.797585,0.094780665,0.000469
3.79819,0.095172029,0.000492
3.798795,0.096042064,0.000516
3.7994,0.096540144,0.000541
3.800005,0.095786362,0.000567
3.80061,0.094021003,0.000594
3.801215,0.092438776,0.000622
3.80182,0.091943702,0.000652
3.802425,0.09239131,0.000683
3.80303,0.093083396,0.000715
3.803635,0.093627364,0.000749
3.80424,0.094051995,0.000784
3.804845,0.094362037,0.000821
3.80545,0.094442706,0.000859
3.806055,0.094415752,0.000899
3.80666,0.094638928,0.000941
3.807265,0.095080022,0.000984
3.80787,0.095032587,0.00103
3.808475,0.093941342,0.001077
3.80908,0.092337143,0.001126
3.809685,0.091291752,0.001177
3.81029,0.09095267,0.001231
3.810895,0.090456409,0.001287
3.8115,0.089445187,0.001345
3.812105,0.088669068,0.001405
3.81271,0.08869154,0.001468
3.813315,0.088923663,0.001534
3.81392,0.088545263,0.001602
3.814525,0.087757818,0.001673
3.81513,0.087377647,0.001747
3.815735,0.087389986,0.001824
3.81634,0.086668423,0.001904
3.816945,0.084339139,0.001988
3.81755,0.080924483,0.002074
3.818155,0.077863966,0.002164
3.81876,0.076190554,0.002258
3.819365,0.075816899,0.002356
3.81997,0.075809989,0.002457
3.820575,0.075180945,0.002562
3.82118,0.073649212,0.002671
3.821785,0.071820444,0.002785
3.82239,0.070538952,0.002903
3.822995,0.070078654,0.003026
3.8236,0.069993609,0.003153
3.824205,0.069554657,0.003285
3.82481,0.068229602,0.003422
3.825415,0.065957639,0.003565
3.82602,0.063171805,0.003713
3.826625,0.060510003,0.003866
3.82723,0.058371577,0.004025
3.827835,0.056767281,0.00419
3.82844,0.05553182,0.004361
3.829045,0.054417914,0.004539
3.82965,0.053065916,0.004723
3.830255,0.051283609,0.004913
3.83086,0.049351065,0.005111
3.831465,0.04780085,0.005316
3.83207,0.046901945,0.005528
3.832675,0.046320287,0.005748
3.83328,0.045152402,0.005976
3.833885,0.04254364,0.006212
3.83449,0.038672478,0.006456
3.835095,0.034941424,0.006709
3.8357,0.032683075,0.006971
3.836305,0.031765256,0.007242
3.83691,0.030940335,0.007522
3.837515,0.029418959,0.007812
3.83812,0.027550787,0.008112
3.838725,0.025990323,0.008422
3.83933,0.024784509,0.008743
3.839935,0.023559444,0.009075
3.84054,0.022204295,0.009418
3.841145,0.020923929,0.009773
3.84175,0.019709227,0.010139
3.842355,0.018080644,0.010518
3.84296,0.015522397,0.010909
3.843565,0.012166043,0.011313
3.84417,0.008861901,0.01173
3.844775,0.006416689,0.012161
3.84538,0.004831382,0.012605
3.845985,0.003367348,0.013065
3.84659,0.001320024,0.013538
3.847195,-0.00131509,0.014027
3.8478,-0.003947391,0.014532
3.848405,-0.006075092,0.015052
3.84901,-0.007747935,0.015589
3.849615,-0.009414668,0.016143
3.85022,-0.01151803,0.016714
3.850825,-0.014281946,0.017302
3.85143,-0.017673495,0.017909
3.852035,-0.021391354,0.018534
3.85264,-0.02498535,0.019178
3.853245,-0.028121429,0.019841
3.85385,-0.030729922,0.020525
3.854455,-0.032934624,0.021228
3.85506,-0.034937786,0.021953
3.855665,-0.036984219,0.022699
3.85627,-0.039320711,0.023467
3.856875,-0.04203271,0.024258
3.85748,-0.044893928,0.025071
3.858085,-0.047506753,0.025908
3.85869,-0.049709451,0.026769
3.859295,-0.051856086,0.027655
3.8599,-0.054563415,0.028566
3.860505,-0.058044607,0.029502
3.86111,-0.061821752,0.030464
3.861715,-0.065259836,0.031453
3.86232,-0.068197337,3.25E-02
3.862925,-0.07088291,0.033515
3.86353,-0.073533635,0.034588
3.864135,-0.076186278,0.03569
3.86474,-0.078842945,0.036822
3.865345,-0.08153932,0.037984
3.86595,-0.084249099,0.039177
3.866555,-0.086841576,0.040401
3.86716,-0.089234188,0.041658
3.867765,-0.091589702,0.042948
3.86837,-0.094277247,0.044271
3.868975,-0.097538366,0.045628
3.86958,-0.101183049,0.04702
3.870185,-0.104689485,0.048447
3.87079,-0.10762284,0.04991
3.871395,-0.109929024,0.051409
3.872,-0.111872999,0.052946
3.872605,-0.113787101,0.054521
3.87321,-0.115876328,0.056135
3.873815,-0.118147639,0.057788
3.87442,-0.120422712,0.05948
3.875025,-0.122446918,0.061213
3.87563,-0.124096472,0.062988
3.876235,-0.125558659,0.064804
3.87684,-0.127282268,0.066663
3.877445,-0.129608181,0.068566
3.87805,-0.132382793,0.070512
3.878655,-0.135067331,0.072503
3.87926,-0.137285467,0.074539
3.879865,-0.139130824,0.076621
3.88047,-0.140917592,0.078749
3.881075,-0.142778578,0.080925
3.88168,-0.144578863,0.083149
3.882285,-0.146165125,0.085421
3.88289,-0.14758337,0.087742
3.883495,-0.148969254,0.090114
3.8841,-0.150300602,0.092535
3.884705,-0.151416894,0.095008
3.88531,-0.152313987,0.097533
3.885915,-0.153289472,0.10011
3.88652,-0.154662324,0.10274
3.887125,-0.156363728,0.105423
3.88773,-0.157911174,0.108161
3.888335,-0.158812354,0.110954
3.88894,-0.158969829,0.113802
3.889545,-0.158731388,0.116706
3.89015,-0.158587767,0.119666
3.890755,-0.158767171,0.122684
3.89136,-0.159045131,0.125759
3.891965,-0.158954963,0.128892
3.89257,-0.158250869,0.132084
3.893175,-0.157201148,0.135335
3.89378,-0.15638381,0.138646
3.894385,-0.156126921,0.142017
3.89499,-0.156191781,0.145448
3.895595,-0.156105596,0.148941
3.8962,-0.155729467,0.152495
3.896805,-0.155319529,0.156111
3.89741,-0.155059429,0.159789
3.898015,-0.154727891,0.163529
3.89862,-0.153905051,0.167333
3.899225,-0.152464531,0.1712
3.89983,-0.150812106,0.175131
3.900435,-0.149533798,0.179125
3.90104,-0.148731055,0.183184
3.901645,-0.147871106,0.187307
3.90225,-0.146503945,0.191495
3.902855,-0.144935225,0.195748
3.90346,-0.143820131,0.200066
3.904065,-0.143194951,0.204449
3.90467,-0.142350984,0.208897
3.905275,-0.140721563,0.213411
3.90588,-0.138534586,0.21799
3.906485,-0.136420221,0.222635
3.90709,-0.134605497,0.227345
3.907695,-0.13273698,0.232121
3.9083,-0.130410218,0.236963
3.908905,-0.127631234,0.241869
3.90951,-0.124671876,0.246842
3.910115,-0.121610933,0.251879
3.91072,-0.118316972,0.256982
3.911325,-0.114941382,0.262149
3.91193,-0.111960405,0.267381
3.912535,-0.109495478,0.272677
3.91314,-0.107054713,0.278037
3.913745,-0.104146907,0.283461
3.91435,-0.100726795,0.288949
3.914955,-0.096925778,0.294499
3.91556,-0.092788243,0.300112
3.916165,-0.08847517,0.305787
3.91677,-0.084356406,0.311523
3.917375,-0.080592216,0.317321
3.91798,-0.076849897,0.323179
3.918585,-0.072703861,0.329096
3.91919,-0.06823244,0.335073
3.919795,-0.064048893,0.341108
3.9204,-0.060627841,0.347201
3.921005,-0.057663559,0.353351
3.92161,-0.054358808,0.359557
3.922215,-0.05031496,0.365818
3.92282,-0.04582472,0.372133
3.923425,-0.041333298,0.378502
3.92403,-0.036944318,0.384923
3.924635,-0.0325412,0.391396
3.92524,-0.028134785,0.397919
3.925845,-0.023826221,0.404492
3.92645,-0.01953015,0.411112
3.927055,-0.015047209,0.41778
3.92766,-0.010462555,0.424493
3.928265,-0.00624149,0.431251
3.92887,-0.002757096,0.438052
3.929475,0.000177736,0.444895
3.93008,0.003141468,0.451778
3.930685,0.006558883,0.458701
3.93129,0.010464117,0.465661
3.931895,0.014674373,0.472657
3.9325,0.019001502,0.479688
3.933105,0.023298331,0.486752
3.93371,0.027472072,0.493848
3.934315,0.031592873,0.500973
3.93492,0.035915416,0.508127
3.935525,0.040603523,0.515306
3.93613,0.045347778,0.522511
3.936735,0.049375616,0.529738
3.93734,0.052107471,0.536987
3.937945,0.053896425,0.544255
3.93855,0.055904727,0.55154
3.939155,0.05911076,0.55884
3.93976,0.063540901,0.566154
3.940365,0.0685001,0.57348
3.94097,0.073347555,0.580814
3.941575,0.077894006,0.588157
3.94218,0.082236436,0.595504
3.942785,0.086548254,0.602855
3.94339,0.091069671,0.610207
3.943995,0.096011585,0.617557
3.9446,0.101210858,0.624905
3.945205,0.105941407,0.632247
3.94581,0.10937929,0.639581
3.946415,0.111434829,0.646905
3.94702,0.113008487,0.654217
3.947625,0.115293409,0.661515
3.94823,0.118849746,0.668795
3.948835,0.123364923,0.676057
3.94944,0.12813989,0.683296
3.950045,0.132620392,0.690512
3.95065,0.136569328,0.697702
3.951255,0.140070082,0.704863
3.95186,0.143524296,0.711993
3.952465,0.147432804,0.719089
3.95307,0.151839768,0.726149
3.953675,0.155939503,0.733171
3.95428,0.158541573,0.740152
3.954885,0.159193909,0.74709
3.95549,0.15879061,0.753981
3.956095,0.158902079,0.760825
3.9567,0.160503063,0.767618
3.957305,0.163424284,0.774358
3.95791,0.166889004,0.781042
3.958515,0.170276178,0.787669
3.95912,0.173355714,0.794235
3.959725,0.176155568,0.800737
3.96033,0.178884405,0.807175
3.960935,0.181836302,0.813545
3.96154,0.185006341,0.819844
3.962145,0.187735043,0.826071
3.96275,0.189070725,0.832223
3.963355,0.188720557,0.838298
3.96396,0.187505962,0.844293
3.964565,0.186715477,0.850205
3.96517,0.187083326,0.856034
3.965775,0.188482853,0.861776
3.96638,0.190416358,0.867428
3.966985,0.192497765,0.87299
3.96759,0.19448132,0.878458
3.968195,0.196162776,0.883831
3.9688,0.197503448,0.889106
3.969405,0.198770103,0.894281
3.97001,0.200223464,0.899354
3.970615,0.201470544,0.904322
3.97122,0.201395172,0.909185
3.971825,0.199187887,0.91394
3.97243,0.195501682,0.918584
3.973035,0.192194155,0.923116
3.97364,0.190667392,0.927535
3.974245,0.190707968,0.931837
3.97485,0.191176542,0.936023
3.975455,0.191450125,0.940088
3.97606,0.191727097,0.944033
3.976665,0.19215322,0.947855
3.97727,0.192320575,0.951553
3.977875,0.191905034,0.955124
3.97848,0.191362505,0.958569
3.979085,0.191334694,0.961884
3.97969,0.19128176,0.965069
3.980295,0.189439,0.968122
3.9809,0.184844118,0.971043
3.981505,0.179079736,0.973829
3.98211,0.175118039,0.976479
3.982715,0.174352135,0.978993
3.98332,0.175367894,0.981369
3.983925,0.175739875,0.983607
3.98453,0.174504431,0.985705
3.985135,0.172602587,0.987662
3.98574,0.171406047,0.989477
3.986345,0.171402659,0.991151
3.98695,0.172001741,0.992681
3.987555,0.171955615,0.994067
3.98816,0.170133507,0.995309
3.988765,0.166414375,0.996407
3.98937,0.161869997,0.997359
3.989975,0.157919127,0.998165
3.99058,0.155245641,0.998825
3.991185,0.153528984,0.999339
3.99179,0.152201406,0.999706
3.992395,0.151184806,0.999927
3.993,0.150589759,1
3.993605,0.150037986,0.999927
3.99421,0.148942007,0.999706
3.994815,0.147477035,0.999339
3.99542,0.146611593,0.998825
3.996025,0.14668166,0.998165
3.99663,0.146319368,0.997359
3.997235,0.143630283,0.996407
3.99784,0.13850638,0.995309
3.998445,0.133017746,0.994067
3.99905,0.1292513,0.992681
3.999655,0.12736074,0.991151
4.00026,0.126021231,0.989477
4.000865,0.124217322,0.987662
4.00147,0.122059074,0.985705
4.002075,0.120065888,0.983607
4.00268,0.118265327,0.981369
4.003285,0.116332799,0.978993
4.00389,0.114268528,0.976479
4.004495,0.112325117,0.973829
4.0051,0.110293015,0.971043
4.005705,0.107357566,0.968122
4.00631,0.102847972,0.965069
4.006915,0.097061622,0.961884
4.00752,0.091281122,0.958569
4.008125,0.08684542,0.955124
4.00873,0.084140316,0.951553
4.009335,0.082459531,0.947855
4.00994,0.080711504,0.944033
4.010545,0.078264499,0.940088
4.01115,0.075297331,0.936023
4.011755,0.072489549,0.931837
4.01236,0.070377581,0.927535
4.012965,0.068833599,0.923116
4.01357,0.067043572,0.918584
4.014175,0.064128092,0.91394
4.01478,0.059944159,0.909185
4.015385,0.055257897,0.904322
4.01599,0.051057184,0.899354
4.016595,0.047720607,0.894281
4.0172,0.044913884,0.889106
4.017805,0.042192998,0.883831
4.01841,0.039517648,0.878458
4.019015,0.03711745,0.87299
4.01962,0.034971683,0.867428
4.020225,0.032668774,0.861776
4.02083,0.029906961,0.856034
4.021435,0.026914025,0.850205
4.02204,0.024138341,0.844293
4.022645,0.021604562,0.838298
4.02325,0.018787934,0.832223
4.023855,0.015215254,0.826071
4.02446,0.011052901,0.819844
4.025065,0.00693521,0.813545
4.02567,0.00333194,0.807175
4.026275,0.000301381,0.800737
4.02688,-0.002212506,0.794235
4.027485,-0.004212011,0.787669
4.02809,-0.006037263,0.781042
4.028695,-0.00852212,0.774358
4.0293,-0.012000595,0.767618
4.029905,-0.015318625,0.760825
4.03051,-0.016822628,0.753981
4.031115,-0.016499426,0.74709
4.03172,-0.016333905,0.740152
4.032325,-0.018237848,0.733171
4.03293,-0.022157607,0.726149
4.033535,-0.026569588,0.719089
4.03414,-0.030305734,0.711993
4.034745,-0.033166774,0.704863
4.03535,-0.035213089,0.697702
4.035955,-0.036744106,0.690512
4.03656,-0.038856211,0.683296
4.037165,-0.042474713,0.676057
4.03777,-0.046601929,0.668795
4.038375,-0.048943716,0.661515
4.03898,-0.048716785,0.654217
4.039585,-0.04790754,0.646905
4.04019,-0.049371288,0.639581
4.040795,-0.054076836,0.632247
4.0414,-0.060430037,0.624905
4.042005,-0.066188822,0.617557
4.04261,-0.070647968,0.610207
4.043215,-0.07460455,0.602855
4.04382,-0.078676674,0.595504
4.044425,-0.082595693,0.588157
4.04503,-0.086174154,0.580814
4.045635,-0.090056455,0.57348
4.04624,-0.094846327,0.566154
4.046845,-0.099593727,0.55884
4.04745,-0.101913687,0.55154
4.048055,-0.100616942,0.544255
4.04866,-0.098224884,0.536987
4.049265,-0.09950028,0.529738
4.04987,-0.106739874,0.522511
4.050475,-0.117487447,0.515306
4.05108,-0.127420454,0.508127
4.051685,-0.134361231,0.500973
4.05229,-0.138971414,0.493848
4.052895,-0.142932748,0.486752
4.0535,-0.147565902,0.479688
4.054105,-0.15355356,0.472657
4.05471,-0.160714655,0.465661
4.055315,-0.167482604,0.458701
4.05592,-0.171259325,0.451778
4.056525,-0.17074391,0.444895
4.05713,-0.168492027,0.438052
4.057735,-0.16989472,0.431251
4.05834,-0.178252814,0.424493
4.058945,-0.19130075,0.41778
4.05955,-0.20359168,0.411112
4.060155,-0.211843922,0.404492
4.06076,-0.217029173,0.397919
4.061365,-0.221854467,0.391396
4.06197,-0.227695438,0.384923
4.062575,-0.234253162,0.378502
4.06318,-0.2408122,0.372133
4.063785,-0.246313116,0.365818
4.06439,-0.248496318,0.359557
4.064995,-0.245283076,0.353351
4.0656,-0.238549635,0.347201
4.066205,-0.23495041,0.341108
4.06681,-0.240509003,0.335073
4.067415,-0.254484531,0.329096
4.06802,-0.270075935,0.323179
4.068625,-0.280908892,0.317321
4.06923,-0.285583126,0.311523
4.069835,-0.286556043,0.305787
4.07044,-0.286883007,0.300112
4.071045,-0.28858913,0.294499
4.07165,-0.292058111,0.288949
4.072255,-0.295249036,0.283461
4.07286,-0.294264615,0.278037
4.073465,-0.28659687,0.272677
4.07407,-0.274746258,0.267381
4.074675,-0.265691723,0.262149
4.07528,-0.265235053,0.256982
4.075885,-0.272748366,0.251879
4.07649,-0.282121508,0.246842
4.077095,-0.287447612,0.241869
4.0777,-0.287080283,0.236963
4.078305,-0.282923202,0.232121
4.07891,-0.277726457,0.227345
4.079515,-0.273787276,0.222635
4.08012,-0.272368583,0.21799
4.080725,-0.2720914,0.213411
4.08133,-0.268176838,0.208897
4.081935,-0.25583846,0.204449
4.08254,-0.236318343,0.200066
4.083145,-0.218537799,0.195748
4.08375,-0.212335577,0.191495
4.084355,-0.219374255,0.187307
4.08496,-0.23167971,0.183184
4.085565,-0.239357841,0.179125
4.08617,-0.238669033,0.175131
4.086775,-0.232517297,0.1712
4.08738,-0.225624402,0.167333
4.087985,-0.221072923,0.163529
4.08859,-0.219511794,0.159789
4.089195,-0.218847398,0.156111
4.0898,-0.214669262,0.152495
4.090405,-0.203116969,0.148941
4.09101,-0.185224843,0.145448
4.091615,-0.168215264,0.142017
4.09222,-0.160652393,0.138646
4.092825,-0.165159354,0.135335
4.09343,-0.176089412,0.132084
4.094035,-0.18471242,0.128892
4.09464,-0.186305754,0.125759
4.095245,-0.182085749,0.122684
4.09585,-0.176084494,0.119666
4.096455,-0.171894611,0.116706
4.09706,-0.171113111,0.113802
4.097665,-0.172391366,0.110954
4.09827,-0.171318799,0.108161
4.098875,-0.162796225,0.105423
4.09948,-0.14595546,0.10274
4.100085,-0.127391647,0.10011
4.10069,-0.117545193,0.097533
4.101295,-0.122005081,0.095008
4.1019,-0.136390542,0.092535
4.102505,-0.150392464,0.090114
4.10311,-0.156560242,0.087742
4.103715,-0.154800992,0.085421
4.10432,-0.149819162,0.083149
4.104925,-0.146300963,0.080925
4.10553,-0.146181659,0.078749
4.106135,-0.148213869,0.076621
4.10674,-0.14870254,0.074539
4.107345,-0.143312118,0.072503
4.10795,-0.130429781,0.070512
4.108555,-0.114233439,0.068566
4.10916,-0.103361076,0.066663
4.109765,-0.104540559,0.064804
4.11037,-0.116612271,0.062988
4.110975,-0.131163924,0.061213
4.11158,-0.139681413,0.05948
4.112185,-0.139988052,0.057788
4.11279,-0.135917759,0.056135
4.113395,-0.132408268,0.054521
4.114,-0.131881303,0.052946
4.114605,-0.133744653,0.051409
4.11521,-0.134998923,0.04991
4.115815,-0.131161248,0.048447
4.11642,-0.119298054,0.04702
4.117025,-0.102368155,0.045628
4.11763,-0.08932835,0.044271
4.118235,-0.088460367,0.042948
4.11884,-0.099925379,0.041658
4.119445,-0.115555444,0.040401
4.12005,-0.126233751,0.039177
4.120655,-0.128877201,0.037984
4.12126,-0.126390712,0.036822
4.121865,-0.123032275,0.03569
4.12247,-0.121383028,0.034588
4.123075,-0.122154644,0.033515
4.12368,-0.12409712,0.03247
4.124285,-0.123462589,0.031453
4.12489,-0.115876054,0.030464
4.125495,-0.101332034,0.029502
4.1261,-0.086923479,0.028566
4.126705,-0.082018803,0.027655
4.12731,-0.089607935,0.026769
4.127915,-0.103399798,0.025908
4.12852,-0.113969428,0.025071
4.129125,-0.116806131,0.024258
4.12973,-0.114085261,0.023467
4.130335,-0.110448441,0.022699
4.13094,-0.108826386,0.021953
4.131545,-0.109534024,0.021228
4.13215,-0.11099095,0.020525
4.132755,-0.110104545,0.019841
4.13336,-0.103334892,0.019178
4.133965,-0.089992703,0.018534
4.13457,-0.07522838,0.017909
4.135175,-0.067669837,0.017302
4.13578,-0.072053604,0.016714
4.136385,-0.084509311,0.016143
4.13699,-0.096154762,0.015589
4.137595,-0.100961606,0.015052
4.1382,-0.09946364,0.014532
4.138805,-0.095884361,0.014027
4.13941,-0.093558568,0.013538
4.140015,-0.093269029,0.013065
4.14062,-0.094006062,0.012605
4.141225,-0.093544338,0.012161
4.14183,-0.088883817,0.01173
4.142435,-0.078489569,0.011313
4.14304,-0.06527224,0.010909
4.143645,-0.055949786,0.010518
4.14425,-0.055645428,0.010139
4.144855,-0.063096327,0.009773
4.14546,-0.071978209,0.009418
4.146065,-0.076666113,0.009075
4.14667,-0.075984573,0.008743
4.147275,-0.072126387,0.008422
4.14788,-0.067802536,0.008112
4.148485,-0.06483943,0.007812
4.14909,-0.063783872,0.007522
4.149695,-0.063140617,0.007242
4.1503,-0.059273494,0.006971
4.150905,-0.049081003,0.006709
4.15151,-0.034264521,0.006456
4.152115,-0.022005292,0.006212
4.15272,-0.01933824,0.005976
4.153325,-0.026376009,0.005748
4.15393,-0.036101116,0.005528
4.154535,-0.041090356,0.005316
4.15514,-0.039553739,0.005111
4.155745,-0.034722101,0.004913
4.15635,-0.030036784,0.004723
4.156955,-0.026422066,0.004539
4.15756,-0.023375075,0.004361
4.158165,-0.020386439,0.00419
4.15877,-0.016312417,0.004025
4.159375,-0.008965808,0.003866
4.15998,0.002463365,0.003713
4.160585,0.014692281,0.003565
4.16119,0.022115035,0.003422
4.161795,0.022234114,0.003285
4.1624,0.018312132,0.003153
4.163005,0.015976883,0.003026
4.16361,0.018096533,0.002903
4.164215,0.023521896,0.002785
4.16482,0.029566268,0.002671
4.165425,0.034355959,0.002562
4.16603,0.037375326,0.002457
4.166635,0.039458314,0.002356
4.16724,0.042938642,0.002258
4.167845,0.050727265,0.002164
4.16845,0.06358004,0.002074
4.169055,0.077909345,0.001988
4.16966,0.087656893,0.001904
4.170265,0.089614224,0.001824
4.17087,0.086599162,0.001747
4.171475,0.084585766,0.001673
4.17208,0.087010855,0.001602
4.172685,0.092609891,0.001534
4.17329,0.098333465,0.001468
4.173895,0.10294097,0.001405
4.1745,0.107139973,0.001345
4.175105,0.111406598,0.001287
4.17571,0.115440789,0.001231
4.176315,0.119807837,0.001177
4.17692,0.126214679,0.001126
4.177525,0.134920303,0.001077
4.17813,0.142973501,0.00103
4.178735,0.146674939,0.000984
4.17934,0.1456229,0.000941
4.179945,0.14311306,0.000899
4.18055,0.142608174,0.000859
4.181155,0.144854711,0.000821
4.18176,0.148387259,0.000784
4.182365,0.151651574,0.000749
4.18297,0.154025512,0.000715
4.183575,0.155421401,0.000683
4.18418,0.156045749,0.000652
4.184785,0.156929091,0.000622
4.18539,0.159702384,0.000594
4.185995,0.164677283,0.000567
4.1866,0.169461258,0.000541
4.187205,0.170848106,0.000516
4.18781,0.168380487,0.000492
4.188415,0.164836804,0.000469
4.18902,0.162767756,0.000448
4.189625,0.161961379,0.000427
4.19023,0.161117363,0.000407
4.190835,0.160428682,0.000388
4.19144,0.160876649,0.00037
4.192045,0.161891112,0.000352
4.19265,0.161650788,0.000335
4.193255,0.159786984,0.00032
4.19386,0.158317114,0.000304
4.194465,0.159164867,0.00029
4.19507,0.161493446,0.000276
4.195675,0.162437003,0.000263
4.19628,0.160335609,0.00025
4.196885,0.156467175,0.000238
4.19749,0.153472633,0.000227
4.198095,0.15263521,0.000216
4.1987,0.153021653,0.000205
4.199305,0.152976944,0.000195
4.19991,0.151817293,0.000186
4.200515,0.149972341,0.000176
4.20112,0.14820502,0.000168
4.201725,0.147101045,0.000159
4.20233,0.146878173,0.000152
4.202935,0.147233631,0.000144
4.20354,0.147401084,0.000137
4.204145,0.146649757,0.00013
4.20475,0.144850845,0.000124
4.205355,0.142419203,0.000117
4.20596,0.139807168,0.000111
4.206565,0.137361153,0.000106
4.20717,0.135559067,0.0001
4.207775,0.134869593,9.53E-05
4.20838,0.135033054,9.05E-05
4.208985,0.134804414,8.59E-05
4.20959,0.13306747,8.15E-05
4.210195,0.130247974,7.73E-05
4.2108,0.128111477,7.33E-05
4.211405,0.127882208,6.95E-05
4.21201,0.128748672,6.59E-05
4.212615,0.128641565,6.25E-05
4.21322,0.126437188,5.93E-05
4.213825,0.122897265,5.62E-05
4.21443,0.119665388,5.32E-05
4.215035,0.117962374,5.05E-05
4.21564,0.117952645,4.78E-05
4.216245,0.118712922,4.53E-05
4.21685,0.118853282,4.29E-05
4.217455,0.117616374,4.06E-05
4.21806,0.115526479,3.85E-05
4.218665,0.113763674,3.64E-05
4.21927,0.113005109,3.45E-05
4.219875,0.113083989,3.26E-05
4.22048,0.113263624,3.09E-05
4.221085,0.112592323,2.92E-05
4.22169,0.110674641,2.76E-05
4.222295,0.10818717,2.61E-05
4.2229,0.106099943,2.47E-05
4.223505,0.104603496,2.34E-05
4.22411,0.10323316,2.21E-05
4.224715,0.101738446,2.09E-05
4.22532,0.10026233,1.97E-05
4.225925,0.098754357,1.87E-05
4.22653,0.096932284,1.76E-05
4.227135,0.094930375,1.67E-05
4.22774,0.093285541,1.57E-05
4.228345,0.092198071,1.49E-05
4.22895,0.091251319,1.40E-05
4.229555,0.089785045,1.33E-05
4.23016,0.087393338,1.25E-05
4.230765,0.084245349,1.18E-05
4.23137,0.081013454,1.12E-05
4.231975,0.078482194,1.05E-05
4.23258,0.07714971,9.93E-06
4.233185,0.076851313,9.37E-06
4.23379,0.07656043,8.84E-06
4.234395,0.075054854,8.33E-06
4.235,0.072275201,7.86E-06
4.235605,0.069606443,7.41E-06
4.23621,0.068413123,6.99E-06
4.236815,0.068672388,6.58E-06
4.23742,0.068993369,6.20E-06
4.238025,0.067497577,5.85E-06
4.23863,0.063453321,5.51E-06
4.239235,0.059348524,5.19E-06
4.23984,0.059949197,4.89E-06
4.240445,0.065533123,4.60E-06
4.24105,0.067250079,4.33E-06
4.241655,0.056897899,4.08E-06
4.24226,0.041624011,3.84E-06
4.242865,0.038101094,3.62E-06
4.24347,0.049929814,3.40E-06
4.244075,0.061925983,3.20E-06
4.24468,0.060019675,3.01E-06
4.245285,0.047691456,2.83E-06
4.24589,0.038553758,2.66E-06
4.246495,0.038726858,2.51E-06
4.2471,0.04235062,2.36E-06
4.247705,0.042438671,2.21E-06
4.24831,0.039410568,2.08E-06
4.248915,0.036668375,1.96E-06
4.24952,0.033611273,1.84E-06
4.250125,0.028673193,1.73E-06
4.25073,0.025324687,1.62E-06
4.251335,0.027752412,1.52E-06
4.25194,0.032634569,1.43E-06
4.252545,0.032109659,1.34E-06
4.25315,0.0243118,1.26E-06
4.253755,0.015647053,1.18E-06
4.25436,0.012369369,1.11E-06
4.254965,0.014221299,1.04E-06
4.25557,0.017204419,9.79E-07
4.256175,0.018391471,9.18E-07
4.25678,0.016604467,8.61E-07
4.257385,0.011853809,8.08E-07
4.25799,0.005919791,7.58E-07
4.258595,0.001920731,7.10E-07
4.2592,0.00147422,6.66E-07
4.259805,0.002217159,6.24E-07
4.26041,0.000169949,5.85E-07
4.261015,-0.004861965,5.48E-07
4.26162,-0.008710511,5.14E-07
4.262225,-0.008457621,4.81E-07
4.26283,-0.006270697,4.51E-07
4.263435,-0.006393444,4.22E-07
4.26404,-0.01007382,3.95E-07
4.264645,-0.015148717,3.70E-07
4.26525,-0.019357651,3.46E-07
4.265855,-0.02215171,3.24E-07
4.26646,-0.023892622,3.03E-07
4.267065,-0.02499355,2.84E-07
4.26767,-0.026142969,2.65E-07
4.268275,-0.028175,2.48E-07
4.26888,-0.030941346,2.32E-07
4.269485,-0.033421128,2.17E-07
4.27009,-0.03558369,2.03E-07
4.270695,-0.038621017,1.90E-07
4.2713,-0.042636755,1.77E-07
4.271905,-0.04560083,1.66E-07
4.27251,-0.045811349,1.55E-07
4.273115,-0.044659688,1.45E-07
4.27372,-0.045475347,1.35E-07
4.274325,-0.049799713,1.26E-07
4.27493,-0.055972251,1.18E-07
4.275535,-0.061082104,1.10E-07
4.27614,-0.063495133,1.03E-07
4.276745,-0.063833214,9.60E-08
4.27735,-0.064119394,8.96E-08
4.277955,-0.066090931,8.36E-08
4.27856,-0.069897131,7.80E-08
4.279165,-0.073895748,7.28E-08
4.27977,-0.076022218,6.79E-08
4.280375,-0.075904912,6.33E-08
4.28098,-0.075398499,5.91E-08
4.281585,-0.076627597,5.51E-08
4.28219,-0.079811185,5.13E-08
4.282795,-0.083554992,4.79E-08
4.2834,-0.086794387,4.46E-08
4.284005,-0.089505631,4.16E-08
4.28461,-0.091943591,3.87E-08
4.285215,-0.094156539,3.61E-08
4.28582,-0.096121795,3.36E-08
4.286425,-0.097950981,3.13E-08
4.28703,-0.099908772,2.91E-08
4.287635,-0.102030138,2.71E-08
4.28824,-0.103652946,2.52E-08
4.288845,-0.103779765,2.35E-08
4.28945,-0.102412529,2.19E-08
4.290055,-0.101300949,2.03E-08
4.29066,-0.102569026,1.89E-08
4.291265,-0.106525816,1.76E-08
4.29187,-0.111454257,1.64E-08
4.292475,-0.115513119,1.52E-08
4.29308,-0.118254419,1.42E-08
4.293685,-0.120253023,1.32E-08
4.29429,-0.121911204,1.22E-08
4.294895,-0.123229539,1.14E-08
4.2955,-0.12451484,1.06E-08
4.296105,-0.12632572,9.82E-09
4.29671,-0.128220184,9.12E-09
4.297315,-0.128411486,8.47E-09
4.29792,-0.125899648,7.87E-09
4.298525,-0.12276433,7.31E-09
4.29913,-0.122846466,6.78E-09
4.299735,-0.127560542,6.30E-09
4.30034,-0.134086738,5.84E-09
4.300945,-0.138380778,5.42E-09
4.30155,-0.139122913,5.03E-09
4.302155,-0.138131109,4.67E-09
4.30276,-0.13779856,4.33E-09
4.303365,-0.139047673,4.02E-09
4.30397,-0.141332392,3.72E-09
4.304575,-0.143466306,3.45E-09
4.30518,-0.144059953,3.20E-09
4.305785,-0.142025424,2.97E-09
4.30639,-0.137737612,2.75E-09
4.306995,-0.133687323,2.55E-09
4.3076,-0.132968782,2.36E-09
4.308205,-0.136480379,2.19E-09
4.30881,-0.142043333,2.03E-09
4.309415,-0.146557044,1.88E-09
4.31002,-0.148441057,1.74E-09
4.310625,-0.148004201,1.61E-09
4.31123,-0.146549808,1.49E-09
4.311835,-0.145576094,1.38E-09
4.31244,-0.14608037,1.28E-09
4.313045,-0.147812338,1.18E-09
4.31365,-0.149020913,1.09E-09
4.314255,-0.147431518,1.01E-09
4.31486,-0.142318269,9.34E-10
4.315465,-0.135981275,8.64E-10
4.31607,-0.132505205,7.99E-10
4.316675,-0.134124296,7.38E-10
4.31728,-0.138953047,6.82E-10
4.317885,-0.142959526,6.31E-10
4.31849,-0.143840503,5.83E-10
4.319095,-0.142366625,5.39E-10
4.3197,-0.140511519,4.97E-10
4.320305,-0.139312355,4.59E-10
4.32091,-0.138674626,4.24E-10
4.321515,-0.138267866,3.92E-10
4.32212,-0.137548363,3.62E-10
4.322725,-0.135149943,3.34E-10
4.32333,-0.129715348,3.08E-10
4.323935,-0.122212521,2.84E-10
4.32454,-0.116512847,2.62E-10
4.325145,-0.116146669,2.42E-10
4.32575,-0.120484114,2.23E-10
4.326355,-0.125241052,2.06E-10
4.32696,-0.12674131,1.90E-10
4.327565,-0.124789576,1.75E-10
4.32817,-0.12160128,1.61E-10
4.328775,-0.119107747,1.49E-10
4.32938,-0.117729878,1.37E-10
4.329985,-0.116942841,1.26E-10
4.33059,-0.115950049,1.16E-10
4.331195,-0.11369977,1.07E-10
4.3318,-0.109207561,9.88E-11
4.332405,-0.102796789,9.10E-11
4.33301,-0.09685199,8.38E-11
4.333615,-0.094254841,7.72E-11
4.33422,-0.09553769,7.10E-11
4.334825,-0.09819901,6.54E-11
4.33543,-0.099196442,6.02E-11
4.336035,-0.097557252,5.54E-11
4.33664,-0.094374352,5.09E-11
4.337245,-0.091098064,4.68E-11
4.33785,-0.088499636,4.31E-11
4.338455,-0.086752901,3.96E-11
4.33906,-0.085423819,3.64E-11
4.339665,-0.083171697,3.35E-11
4.34027,-0.078403078,3.08E-11
4.340875,-0.071137157,2.83E-11
4.34148,-0.064032266,2.60E-11
4.342085,-0.060486144,2.39E-11
4.34269,-0.061224057,2.19E-11
4.343295,-0.063490004,2.02E-11
4.3439,-0.064016268,1.85E-11
4.344505,-0.062024744,1.70E-11
4.34511,-0.058952456,1.56E-11
4.345715,-0.056152125,1.43E-11
4.34632,-0.053700051,1.31E-11
4.346925,-0.05113429,1.21E-11
4.34753,-0.048383196,1.11E-11
4.348135,-0.045485699,1.02E-11
4.34874,-0.04194523,9.32E-12
4.349345,-0.037220437,8.55E-12
4.34995,-0.031940446,7.84E-12
4.350555,-0.027875288,7.19E-12
4.35116,-0.026157002,6.59E-12
4.351765,-0.025938836,6.04E-12
4.35237,-0.025326486,5.53E-12
4.352975,-0.023280542,5.07E-12
4.35358,-0.020153652,4.65E-12
4.354185,-0.016734941,4.26E-12
4.35479,-0.013401045,3.90E-12
4.355395,-0.010246188,3.57E-12
4.356,-0.007456052,3.27E-12
4.356605,-0.004996047,2.99E-12
4.35721,-0.002112143,2.74E-12
4.357815,0.002157709,2.51E-12
4.35842,0.007637543,2.30E-12
4.359025,0.012599209,2.10E-12
4.35963,0.015315273,1.92E-12
4.360235,0.015948692,1.76E-12
4.36084,0.016355615,1.61E-12
4.361445,0.018097529,1.47E-12
4.36205,0.021148401,1.34E-12
4.362655,0.024456686,1.23E-12
4.36326,0.027229894,1.12E-12
4.363865,0.029451702,1.03E-12
4.36447,0.031473664,9.38E-13
4.365075,0.033597712,8.57E-13
4.36568,0.036091441,7.83E-13
4.366285,0.039152395,7.15E-13
4.36689,0.042551645,6.53E-13
4.367495,0.04551264,5.96E-13
4.3681,0.047337898,5.45E-13
4.368705,0.048194723,4.97E-13
4.36931,0.048979581,4.54E-13
4.369915,0.050386675,4.14E-13
4.37052,0.052372387,3.78E-13
4.371125,0.054502288,3.45E-13
4.37173,0.056527521,3.14E-13
4.372335,0.058485336,2.87E-13
4.37294,0.06040164,2.62E-13
4.373545,0.062187053,2.38E-13
4.37415,0.063885041,2.17E-13
4.374755,0.065794738,1.98E-13
4.37536,0.068137062,1.81E-13
4.375965,0.07059372,1.65E-13
4.37657,0.072391631,1.50E-13
4.377175,0.073040633,1.37E-13
4.37778,0.072890979,1.24E-13
4.378385,0.072832539,1.13E-13
4.37899,0.073550499,1.03E-13
4.379595,0.07510803,9.39E-14
4.3802,0.077042815,8.55E-14
4.380805,0.078722032,7.78E-14
4.38141,0.079731426,7.08E-14
4.382015,0.08016023,6.45E-14
4.38262,0.080576615,5.86E-14
4.383225,0.08157572,5.33E-14
4.38383,0.083189718,4.85E-14
4.384435,0.084728018,4.41E-14
4.38504,0.085339782,4.01E-14
4.385645,0.084865646,3.65E-14
4.38625,0.084074157,3.32E-14
4.386855,0.083958802,3.01E-14
4.38746,0.084863729,2.74E-14
4.388065,0.086335256,2.49E-14
4.38867,0.08769223,2.26E-14
4.389275,0.08861993,2.05E-14
4.38988,0.089254844,1.86E-14
4.390485,0.089877509,1.69E-14
4.39109,0.090690847,1.54E-14
4.391695,0.091828703,1.40E-14
4.3923,0.093308704,1.27E-14
4.392905,0.09483606,1.15E-14
4.39351,0.09582333,1.04E-14
4.394115,0.095848842,9.46E-15
4.39472,0.095130355,8.58E-15
4.395325,0.094448061,7.78E-15
4.39593,0.094557279,7.06E-15
4.396535,0.095633212,6.40E-15
4.39714,0.097193803,5.80E-15
4.397745,0.098500683,5.26E-15
4.39835,0.099069227,4.77E-15
4.398955,0.098961881,4.32E-15
4.39956,0.098765293,3.91E-15
4.400165,0.099188095,3.55E-15
4.40077,0.100402425,3.21E-15
4.401375,0.101696387,2.91E-15
4.40198,0.101959867,2.63E-15
4.402585,0.100715491,2.38E-15
4.40319,0.098667388,2.16E-15
4.403795,0.097107311,1.95E-15
4.4044,0.096801922,1.77E-15
4.405005,0.097548276,1.60E-15
4.40561,0.098640931,1.45E-15
4.406215,0.099474144,1.31E-15
4.40682,0.099736483,1.18E-15
4.407425,0.099433717,1.07E-15
4.40803,0.098979927,9.68E-16
4.408635,0.099031796,8.76E-16
4.40924,0.099859866,7.91E-16
4.409845,0.100850952,7.15E-16
4.41045,0.100879999,6.46E-16
4.411055,0.099356837,5.84E-16
4.41166,0.096878773,5.28E-16
4.412265,0.094754997,4.77E-16
4.41287,0.0938879,4.30E-16
4.413475,0.094120232,3.89E-16
4.41408,0.094560267,3.51E-16
4.414685,0.094427063,3.17E-16
4.41529,0.093574962,2.86E-16
4.415895,0.092347527,2.58E-16
4.4165,0.09118489,2.33E-16
4.417105,0.090440738,2.10E-16
4.41771,0.090260574,1.89E-16
4.418315,0.090308422,1.71E-16
4.41892,0.089733383,1.54E-16
4.419525,0.087791841,1.39E-16
4.42013,0.084633746,1.25E-16
4.420735,0.081324505,1.13E-16
4.42134,0.079002488,1.02E-16
4.421945,0.078030214,9.17E-17
4.42255,0.07793174,8.26E-17
4.423155,0.078006665,7.44E-17
4.42376,0.07781986,6.71E-17
4.424365,0.077181781,6.04E-17
4.42497,0.076106703,5.44E-17
4.425575,0.075035562,4.90E-17
4.42618,0.074686349,4.41E-17
4.426785,0.075156909,3.97E-17
4.42739,0.075345164,3.57E-17
4.427995,0.07390494,3.21E-17
4.4286,0.070904257,2.89E-17
4.429205,0.067977686,2.60E-17
4.42981,0.066549264,2.34E-17
4.430415,0.066351809,2.10E-17
4.43102,0.066073451,1.89E-17
4.431625,0.06506252,1.70E-17
4.43223,0.063835278,1.53E-17
4.432835,0.063074552,1.37E-17
4.43344,0.062739071,1.23E-17
4.434045,0.062343271,1.11E-17
4.43465,0.061697338,9.96E-18
4.435255,0.060930327,8.95E-18
4.43586,0.059919736,8.04E-18
4.436465,0.05822068,7.22E-18
4.43707,0.055694375,6.48E-18
4.437675,0.052859132,5.82E-18
4.43828,0.050427584,5.22E-18
4.438885,0.04869429,4.68E-18
4.43949,0.04754188,4.20E-18
4.440095,0.046818881,3.77E-18
4.4407,0.046385099,3.38E-18
4.441305,0.045895013,3.03E-18
4.44191,0.044930921,2.72E-18
4.442515,0.043467397,2.44E-18
4.44312,0.041983551,2.19E-18
4.443725,0.040936229,1.96E-18
4.44433,0.040198409,1.76E-18
4.444935,0.039164206,1.57E-18
4.44554,0.03735166,1.41E-18
4.446145,0.034731557,1.26E-18
4.44675,0.031522931,1.13E-18
4.447355,0.028080554,1.01E-18
4.44796,0.025375178,9.08E-19
4.448565,0.02505943,8.13E-19
4.44917,0.027264451,7.28E-19
4.449775,0.027930854,6.51E-19
4.45038,0.022201371,5.83E-19
4.450985,0.012900852,5.22E-19
4.45159,0.009763463,4.67E-19
4.452195,0.015846905,4.18E-19
4.4528,0.021818489,3.73E-19
4.453405,0.018788443,3.34E-19
4.45401,0.009694978,2.99E-19
4.454615,0.003149555,2.67E-19
4.45522,0.001653489,2.39E-19
4.455825,0.00091848,2.13E-19
4.45643,-0.001651494,1.91E-19
4.457035,-0.003363109,1.70E-19
4.45764,-0.002567581,1.52E-19
4.458245,-0.003396,1.36E-19
4.45885,-0.009328994,1.21E-19
4.459455,-0.015597585,1.08E-19
4.46006,-0.014799915,9.68E-20
4.460665,-0.008734577,8.64E-20
4.46127,-0.007287633,7.71E-20
4.461875,-0.014835664,6.88E-20
4.46248,-0.02441227,6.14E-20
4.463085,-0.027585394,5.48E-20
4.46369,-0.024777936,4.89E-20
4.464295,-0.02257493,4.36E-20
4.4649,-0.02466784,3.89E-20
4.465505,-0.029275157,3.47E-20
4.46611,-0.033451715,3.09E-20
4.466715,-0.036306328,2.75E-20
4.46732,-0.038077179,2.45E-20
4.467925,-0.038792914,2.19E-20
4.46853,-0.039126472,1.95E-20
4.469135,-0.040685497,1.74E-20
4.46974,-0.043841358,1.55E-20
4.470345,-0.046816425,1.38E-20
4.47095,-0.048191422,1.23E-20
4.471555,-0.048928753,1.09E-20
4.47216,-0.051045611,9.72E-21
4.472765,-0.055085549,8.65E-21
4.47337,-0.05934376,7.70E-21
4.473975,-0.061598401,6.85E-21
4.47458,-0.061705348,6.10E-21
4.475185,-0.061927957,5.42E-21
4.47579,-0.064121374,4.82E-21
4.476395,-0.067466476,4.29E-21
4.477,-0.06990253,3.81E-21
4.477605,-0.070841015,3.39E-21
4.47821,-0.071509005,3.01E-21
4.478815,-0.073222705,2.68E-21
4.47942,-0.075918109,2.38E-21
4.480025,-0.078439762,2.12E-21
4.48063,-0.080200701,1.88E-21
4.481235,-0.081923849,1.67E-21
4.48184,-0.084438962,1.48E-21
4.482445,-0.087589147,1.32E-21
4.48305,-0.090802205,1.17E-21
4.483655,-0.09382351,1.04E-21
4.48426,-0.096203611,9.21E-22
4.484865,-0.097165655,8.17E-22
4.48547,-0.097050465,7.25E-22
4.486075,-0.097758418,6.43E-22
4.48668,-0.100434729,5.71E-22
4.487285,-0.1035653,5.06E-22
4.48789,-0.104720725,4.49E-22
4.488495,-0.103938885,3.98E-22
4.4891,-0.1041346,3.53E-22
4.489705,-0.107646183,3.13E-22
4.49031,-0.113212614,2.77E-22
4.490915,-0.117282057,2.46E-22
4.49152,-0.117948654,2.18E-22
4.492125,-0.116661519,1.93E-22
4.49273,-0.116222679,1.71E-22
4.493335,-0.118161582,1.51E-22
4.49394,-0.121948509,1.34E-22
4.494545,-0.125476436,1.19E-22
4.49515,-0.126284429,1.05E-22
4.495755,-0.123653273,9.30E-23
4.49636,-0.119938702,8.23E-23
4.496965,-0.118997594,7.28E-23
4.49757,-0.122627933,6.44E-23
4.498175,-0.128805154,5.70E-23
4.49878,-0.133840571,5.04E-23
4.499385,-0.135925485,4.46E-23
4.49999,-0.136142447,3.94E-23
4.500595,-0.136520706,3.48E-23
4.5012,-0.137864127,3.08E-23
4.501805,-0.139545261,2.72E-23
4.50241,-0.140817141,2.41E-23
4.503015,-0.141596458,2.13E-23
4.50362,-0.141874614,1.88E-23
4.504225,-0.141137784,1.66E-23
4.50483,-0.139206108,1.46E-23
4.505435,-0.137457525,1.29E-23
4.50604,-0.13807913,1.14E-23
4.506645,-0.141631523,1.01E-23
4.50725,-0.146122313,8.90E-24
4.507855,-0.148916452,7.85E-24
4.50846,-0.149081374,6.93E-24
4.509065,-0.147697005,6.11E-24
4.50967,-0.146440517,5.39E-24
4.510275,-0.146344806,4.76E-24
4.51088,-0.147551952,4.19E-24
4.511485,-0.149250345,3.70E-24
4.51209,-0.149514529,3.26E-24
4.512695,-0.146318311,2.87E-24
4.5133,-0.140015833,2.53E-24
4.513905,-0.134471815,2.23E-24
4.51451,-0.134079567,1.97E-24
4.515115,-0.139163217,1.73E-24
4.51572,-0.145466872,1.53E-24
4.516325,-0.148542695,1.34E-24
4.51693,-0.147674861,1.18E-24
4.517535,-0.145340709,1.04E-24
4.51814,-0.143970934,9.18E-25
4.518745,-0.143982717,8.08E-25
4.51935,-0.144389399,7.11E-25
4.519955,-0.144118209,6.26E-25
4.52056,-0.142324793,5.50E-25
4.521165,-0.138430587,4.84E-25
4.52177,-0.133046546,4.26E-25
4.522375,-0.128567297,3.74E-25
4.52298,-0.127474509,3.29E-25
4.523585,-0.1296615,2.89E-25
4.52419,-0.132368395,2.54E-25
4.524795,-0.133045899,2.24E-25
4.5254,-0.13148735,1.97E-25
4.526005,-0.129078458,1.73E-25
4.52661,-0.126953696,1.52E-25
4.527215,-0.125386932,1.33E-25
4.52782,-0.124329979,1.17E-25
4.528425,-0.123551773,1.03E-25
4.52903,-0.122038284,9.02E-26
4.529635,-0.118175595,7.92E-26
4.53024,-0.11158362,6.95E-26
4.530845,-0.104658594,6.10E-26
4.53145,-0.101113459,5.36E-26
4.532055,-0.102333673,4.70E-26
4.53266,-0.105856506,4.12E-26
4.533265,-0.107970609,3.62E-26
4.53387,-0.107145419,3.17E-26
4.534475,-0.104509957,2.78E-26
4.53508,-0.101810269,2.44E-26
4.535685,-0.099753564,2.14E-26
4.53629,-0.098130689,1.87E-26
4.536895,-0.096578956,1.64E-26
4.5375,-0.094582849,1.44E-26
4.538105,-0.091216346,1.26E-26
4.53871,-0.085924105,1.10E-26
4.539315,-0.079832393,9.66E-27
4.53992,-0.075479499,8.46E-27
4.540525,-0.074466963,7.41E-27
4.54113,-0.075655458,6.49E-27
4.541735,-0.076285391,5.68E-27
4.54234,-0.074639578,4.97E-27
4.542945,-0.071161823,4.35E-27
4.54355,-0.067339586,3.80E-27
4.544155,-0.064195494,3.33E-27
4.54476,-0.06191753,2.91E-27
4.545365,-0.060196021,2.55E-27
4.54597,-0.05821584,2.23E-27
4.546575,-0.054653218,1.95E-27
4.54718,-0.048708488,1.70E-27
4.547785,-0.041570788,1.49E-27
4.54839,-0.036147202,1.30E-27
4.548995,-0.034441413,1.14E-27
4.5496,-0.035404026,9.92E-28
4.550205,-0.03610912,8.66E-28
4.55081,-0.034773832,7.57E-28
4.551415,-0.031900668,6.61E-28
4.55202,-0.028814275,5.77E-28
4.552625,-0.026038118,5.04E-28
4.55323,-0.023311955,4.40E-28
4.553835,-0.020512777,3.84E-28
4.55444,-0.017852093,3.35E-28
4.555045,-0.015231299,2.92E-28
4.55565,-0.012041837,2.55E-28
4.556255,-0.007973972,2.22E-28
4.55686,-0.003741383,1.94E-28
4.557465,-0.000504015,1.69E-28
4.55807,0.001405326,1.47E-28
4.558675,0.002744648,1.28E-28
4.55928,0.004409862,1.12E-28
4.559885,0.006691863,9.75E-29
4.56049,0.00946429,8.50E-29
4.561095,0.01258692,7.40E-29
4.5617,0.015849122,6.45E-29
4.562305,0.018823108,5.62E-29
4.56291,0.021233435,4.89E-29
4.563515,0.023473251,4.26E-29
4.56412,0.026372001,3.71E-29
4.564725,0.03021113,3.23E-29
4.56533,0.034106534,2.81E-29
4.565935,0.036735662,2.44E-29
4.56654,0.037782113,2.13E-29
4.567145,0.038298961,1.85E-29
4.56775,0.039500035,1.61E-29
4.568355,0.041577485,1.40E-29
4.56896,0.043876049,1.22E-29
4.569565,0.045868504,1.06E-29
4.57017,0.047656407,9.20E-30
4.570775,0.049602505,7.99E-30
4.57138,0.051748204,6.95E-30
4.571985,0.053785504,6.03E-30
4.57259,0.055556207,5.24E-30
4.573195,0.057313328,4.55E-30
4.5738,0.05930095,3.96E-30
4.574405,0.061263841,3.43E-30
4.57501,0.062686176,2.98E-30
4.575615,0.063467788,2.59E-30
4.57622,0.064106329,2.25E-30
4.576825,0.065192077,1.95E-30
4.57743,0.066873951,1.69E-30
4.578035,0.068840816,1.47E-30
4.57864,0.070690272,1.27E-30
4.579245,0.072224664,1.10E-30
4.57985,0.07349685,9.58E-31
4.580455,0.074739561,8.31E-31
4.58106,0.076225472,7.20E-31
4.581665,0.078018226,6.24E-31
4.58227,0.079786404,5.41E-31
4.582875,0.080994462,4.69E-31
4.58348,0.081439038,4.06E-31
4.584085,0.08154486,3.52E-31
4.58469,0.081970591,3.05E-31
4.585295,0.082967467,2.64E-31
4.5859,0.08426778,2.29E-31
4.586505,0.085505034,1.98E-31
4.58711,0.086534199,1.71E-31
4.587715,0.08737856,1.48E-31
4.58832,0.088101371,1.28E-31
4.588925,0.088842125,1.11E-31
4.58953,0.089827736,9.62E-32
4.590135,0.091117333,8.32E-32
4.59074,0.09231217,7.19E-32
4.591345,0.092732216,6.22E-32
4.59195,0.092064097,5.38E-32
4.592555,0.090806636,4.65E-32
4.59316,0.089967269,4.02E-32
4.593765,0.090284394,3.48E-32
4.59437,0.091695616,3.00E-32
4.594975,0.093429241,2.60E-32
4.59558,0.094578111,2.24E-32
4.596185,0.09475812,1.94E-32
4.59679,0.094417387,1.67E-32
4.597395,0.09452288,1.44E-32
4.598,0.0957221,1.25E-32
4.598605,0.097613371,1.08E-32
4.59921,0.098966483,9.29E-33
4.599815,0.098886239,8.02E-33
4.60042,0.097686545,6.92E-33
4.601025,0.096440199,5.97E-33
4.60163,0.095813454,5.15E-33
4.602235,0.095673844,4.44E-33
4.60284,0.09575171,3.83E-33
4.603445,0.096097316,3.30E-33
4.60405,0.096641554,2.85E-33
4.604655,0.09685983,2.46E-33
4.60526,0.096403014,2.12E-33
4.605865,0.095812038,1.82E-33
4.60647,0.096037243,1.57E-33
4.607075,0.097182172,1.35E-33
4.60768,0.098143455,1.17E-33
4.608285,0.097714705,1.00E-33
4.60889,0.095830561,8.65E-34
4.609495,0.093564122,7.45E-34
4.6101,0.092084033,6.41E-34
4.610705,0.091781409,5.52E-34
4.61131,0.092223948,4.75E-34
4.611915,0.092653135,4.09E-34
4.61252,0.092554578,3.52E-34
4.613125,0.091992639,3.03E-34
4.61373,0.091473955,2.60E-34
4.614335,0.091459798,2.24E-34
4.61494,0.091978811,1.92E-34
4.615545,0.092614405,1.65E-34
4.61615,0.092811854,1.42E-34
4.616755,0.092200263,1.22E-34
4.61736,0.090665831,1.05E-34
4.617965,0.088365962,9.03E-35
4.61857,0.085867065,7.75E-35
4.619175,0.084014484,6.66E-35
4.61978,0.083306206,5.72E-35
4.620385,0.083383231,4.91E-35
4.62099,0.083313531,4.22E-35
4.621595,0.082454535,3.62E-35
4.6222,0.081015694,3.11E-35
4.622805,0.07975924,2.67E-35
4.62341,0.079191424,2.29E-35
4.624015,0.079117543,1.96E-35
4.62462,0.078924408,1.68E-35
4.625225,0.078061683,1.45E-35
4.62583,0.076219005,1.24E-35
4.626435,0.073410471,1.06E-35
4.62704,0.070173745,9.11E-36
4.627645,0.067489294,7.81E-36
4.62825,0.066127528,6.69E-36
4.628855,0.065952615,5.74E-36
4.62946,0.066007648,4.92E-36
4.630065,0.065396835,4.21E-36
4.63067,0.06406443,3.61E-36
4.631275,0.062724239,3.09E-36
4.63188,0.062096916,2.65E-36
4.632485,0.062206012,2.27E-36
4.63309,0.06234432,1.94E-36
4.633695,0.061682137,1.66E-36
4.6343,0.059946212,1.42E-36
4.634905,0.05761583,1.22E-36
4.63551,0.055512481,1.04E-36
4.636115,0.054124982,8.90E-37
4.63672,0.053264669,7.61E-37
4.637325,0.052396417,6.51E-37
4.63793,0.051256631,5.57E-37
4.638535,0.050020231,4.76E-37
4.63914,0.048932918,4.07E-37
4.639745,0.048015731,3.48E-37
4.64035,0.04717327,2.97E-37
4.640955,0.046400424,2.54E-37
4.64156,0.045701372,2.17E-37
4.642165,0.044824157,1.85E-37
4.64277,0.043300513,1.58E-37
4.643375,0.040902936,1.35E-37
4.64398,0.037976452,1.15E-37
4.644585,0.035207983,9.85E-38
4.64519,0.033076692,8.41E-38
4.645795,0.031561011,7.18E-38
4.6464,0.030343018,6.12E-38
4.647005,0.029176627,5.23E-38
4.64761,0.027984102,4.46E-38
4.648215,0.026706151,3.80E-38
4.64882,0.025255736,3.24E-38
4.649425,0.023677395,2.77E-38
4.65003,0.022196115,2.36E-38
4.650635,0.020941619,2.01E-38
4.65124,0.019666039,1.71E-38
4.651845,0.017896441,1.46E-38
4.65245,0.015429287,1.24E-38
4.653055,0.012569465,1.06E-38
4.65366,0.009790987,9.03E-39
4.654265,0.007308735,7.69E-39
4.65487,0.005113239,6.55E-39
4.655475,0.003197881,5.57E-39
4.65608,0.001513363,4.75E-39
4.656685,-0.000189287,4.04E-39
4.65729,-0.002228843,3.44E-39
4.657895,-0.004521506,2.93E-39
4.6585,-0.006380189,2.49E-39
4.659105,-0.007512028,2.12E-39
4.65971,-0.009194961,1.80E-39
4.660315,-0.012783189,1.53E-39
4.66092,-0.016894036,1.30E-39
4.661525,-0.018860741,1.11E-39
4.66213,-0.019192993,9.41E-40
4.662735,-0.021063494,8.00E-40
4.66334,-0.025173412,6.80E-40
4.663945,-0.028678323,5.78E-40
4.66455,-0.029696756,4.91E-40
4.665155,-0.030092695,4.17E-40
4.66576,-0.032454374,3.54E-40
4.666365,-0.035928349,3.01E-40
4.66697,-0.037585999,2.55E-40
4.667575,-0.037561739,2.17E-40
4.66818,-0.039184209,1.84E-40
4.668785,-0.0431619,1.56E-40
4.66939,-0.04593385,1.33E-40
4.669995,-0.045730032,1.12E-40
4.6706,-0.046067658,9.54E-41
4.671205,-0.050488671,8.09E-41
4.67181,-0.057032562,6.86E-41
4.672415,-0.060845344,5.82E-41
4.67302,-0.060488428,4.93E-41
4.673625,-0.059117842,4.18E-41
4.67423,-0.060060267,3.54E-41
4.674835,-0.063398266,3.00E-41
4.67544,-0.067120092,2.55E-41
4.676045,-0.069820486,2.16E-41
4.67665,-0.071414625,1.83E-41
4.677255,-0.072405584,1.55E-41
4.67786,-0.073504783,1.31E-41
4.678465,-0.075342213,1.11E-41
4.67907,-0.077865052,9.39E-42
4.679675,-0.080486537,7.95E-42
4.68028,-0.082891575,6.73E-42
4.680885,-0.085033294,5.69E-42
4.68149,-0.086671895,4.82E-42
4.682095,-0.087770296,4.08E-42
4.6827,-0.089016133,3.45E-42
4.683305,-0.091082565,2.92E-42
4.68391,-0.093419837,2.47E-42
4.684515,-0.094553641,2.08E-42
4.68512,-0.093864263,1.76E-42
4.685725,-0.092656012,1.49E-42
4.68633,-0.09322518,1.26E-42
4.686935,-0.096789589,1.06E-42
4.68754,-0.102172841,8.98E-43
4.688145,-0.106789996,7.59E-43
4.68875,-0.109113194,6.41E-43
4.689355,-0.109776851,5.41E-43
4.68996,-0.110395841,4.57E-43
4.690565,-0.11200625,3.86E-43
4.69117,-0.114581965,3.26E-43
4.691775,-0.11736734,2.75E-43
4.69238,-0.119496683,2.32E-43
4.692985,-0.120522661,1.96E-43
4.69359,-0.120443995,1.65E-43
4.694195,-0.119609366,1.39E-43
4.6948,-0.11910446,1.17E-43
4.695405,-0.12061234,9.90E-44
4.69601,-0.124754119,8.35E-44
4.696615,-0.12977657,7.04E-44
4.69722,-0.132904644,5.93E-44
4.697825,-0.133174482,5.00E-44
4.69843,-0.132370691,4.21E-44
4.699035,-0.132962379,3.55E-44
4.69964,-0.135633953,2.99E-44
4.700245,-0.139052859,2.52E-44
4.70085,-0.141183575,2.12E-44
4.701455,-0.140407355,1.79E-44
4.70206,-0.136602004,1.50E-44
4.702665,-0.132130306,1.27E-44
4.70327,-0.130778502,1.07E-44
4.703875,-0.134332548,8.96E-45
4.70448,-0.1405313,7.54E-45
4.705085,-0.145445105,6.34E-45
4.70569,-0.147481617,5.34E-45
4.706295,-0.148006866,4.49E-45
4.7069,-0.14856437,3.77E-45
4.707505,-0.149058289,3.17E-45
4.70811,-0.148970165,2.67E-45
4.708715,-0.148993318,2.24E-45
4.70932,-0.150169556,1.88E-45
4.709925,-0.151697745,1.58E-45
4.71053,-0.151064285,1.33E-45
4.711135,-0.14719435,1.12E-45
4.71174,-0.142662227,9.38E-46
4.712345,-0.141445764,7.88E-46
4.71295,-0.144576474,6.62E-46
4.713555,-0.149169682,5.55E-46
4.71416,-0.151773672,4.66E-46
4.714765,-0.151555892,3.91E-46
4.71537,-0.150045025,3.28E-46
4.715975,-0.148834343,2.76E-46
4.71658,-0.148307079,2.31E-46
4.717185,-0.148182178,1.94E-46
4.71779,-0.148086058,1.63E-46
4.718395,-0.147041839,1.36E-46
4.719,-0.143468117,1.14E-46
4.719605,-0.137041607,9.58E-47
4.72021,-0.130403456,8.03E-47
4.720815,-0.127617815,6.73E-47
4.72142,-0.130151918,5.64E-47
4.722025,-0.135117872,4.73E-47
4.72263,-0.138209028,3.96E-47
4.723235,-0.137729694,3.32E-47
4.72384,-0.135175473,2.78E-47
4.724445,-0.132708724,2.32E-47
4.72505,-0.131122495,1.95E-47
4.725655,-0.130095812,1.63E-47
4.72626,-0.12921875,1.36E-47
4.726865,-0.127951185,1.14E-47
4.72747,-0.125257462,9.55E-48
4.728075,-0.120541839,7.99E-48
4.72868,-0.115070425,6.68E-48
4.729285,-0.111428926,5.59E-48
4.72989,-0.1109661,4.67E-48
4.730495,-0.112417097,3.91E-48
4.7311,-0.113508482,3.27E-48
4.731705,-0.113146525,2.73E-48
4.73231,-0.111578136,2.28E-48
4.732915,-0.109283493,1.91E-48
4.73352,-0.106583365,1.59E-48
4.734125,-0.104098168,1.33E-48
4.73473,-0.102556788,1.11E-48
4.735335,-0.101487075,9.28E-49
4.73594,-0.098739944,7.75E-49
4.736545,-0.092520861,6.47E-49
4.73715,-0.084178149,5.40E-49
4.737755,-0.077996113,4.51E-49
4.73836,-0.077174968,3.76E-49
4.738965,-0.080371909,3.14E-49
4.73957,-0.083190252,2.62E-49
4.740175,-0.082702608,2.18E-49
4.74078,-0.07955077,1.82E-49
4.741385,-0.076018321,1.52E-49
4.74199,-0.073301546,1.27E-49
4.742595,-0.071076747,1.06E-49
4.7432,-0.068846414,8.80E-50
4.743805,-0.066546753,7.33E-50
4.74441,-0.063796005,6.11E-50
4.745015,-0.059631906,5.09E-50
4.74562,-0.053844941,4.24E-50
4.746225,-0.048168092,3.53E-50
4.74683,-0.045024682,2.94E-50
4.747435,-0.044877343,2.45E-50
4.74804,-0.04563837,2.04E-50
4.748645,-0.044903383,1.70E-50
4.74925,-0.042097761,1.41E-50
4.749855,-0.038296135,1.18E-50
4.75046,-0.034651826,9.78E-51
4.751065,-0.031531815,8.13E-51
4.75167,-0.028814597,6.77E-51
4.752275,-0.026202404,5.63E-51
4.75288,-0.02300809,4.68E-51
4.753485,-0.018305455,3.89E-51
4.75409,-0.01205629,3.23E-51
4.754695,-0.005975367,2.69E-51
4.7553,-0.002374591,2.23E-51
4.755905,-0.001783435,1.86E-51
4.75651,-0.00234532,1.54E-51
4.757115,-0.001820242,1.28E-51
4.75772,0.00044078,1.06E-51
4.758325,0.003651031,8.84E-52
4.75893,0.006930957,7.34E-52
4.759535,0.00996644,6.09E-52
4.76014,0.012679698,5.06E-52
4.760745,0.014945732,4.20E-52
4.76135,0.016933248,3.48E-52
4.761955,0.019361368,2.89E-52
4.76256,0.022845886,2.40E-52
4.763165,0.026919045,1.99E-52
4.76377,0.030195611,1.65E-52
4.764375,0.031840035,1.37E-52
4.76498,0.032563545,1.13E-52
4.765585,0.033834051,9.40E-53
4.76619,0.036326568,7.79E-53
4.766795,0.039450973,6.46E-53
4.7674,0.042207377,5.35E-53
4.768005,0.04414711,4.43E-53
4.76861,0.04551839,3.67E-53
4.769215,0.046835145,3.04E-53
4.76982,0.048544061,2.52E-53
4.770425,0.050941345,2.09E-53
4.77103,0.054029859,1.73E-53
4.771635,0.057273646,1.43E-53
4.77224,0.059730845,1.18E-53
4.772845,0.060830621,9.79E-54
4.77345,0.06103473,8.10E-54
4.774055,0.061423914,6.70E-54
4.77466,0.06263072,5.54E-54
4.775265,0.064412907,4.58E-54
4.77587,0.066164963,3.79E-54
4.776475,0.06753799,3.13E-54
4.77708,0.068547246,2.59E-54
4.777685,0.069352285,2.14E-54
4.77829,0.070168327,1.77E-54
4.778895,0.071315145,1.46E-54
4.7795,0.073022496,1.21E-54
4.780105,0.075016424,9.98E-55
4.78071,0.076516628,8.24E-55
4.781315,0.076960081,6.81E-55
4.78192,0.076715517,5.62E-55
4.782525,0.076817848,4.64E-55
4.78313,0.077942581,3.83E-55
4.783735,0.079816136,3.16E-55
4.78434,0.081645087,2.61E-55
4.784945,0.082943349,2.15E-55
4.78555,0.083863426,1.78E-55
4.786155,0.084864079,1.46E-55
4.78676,0.086242574,1.21E-55
4.787365,0.087969447,9.96E-56
4.78797,0.089781613,8.21E-56
4.788575,0.091319141,6.77E-56
4.78918,0.092247547,5.58E-56
4.789785,0.092453756,4.60E-56
4.79039,0.092240973,3.79E-56
4.790995,0.092189679,3.12E-56
4.7916,0.092670587,2.57E-56
4.792205,0.093561864,2.12E-56
4.79281,0.09449293,1.74E-56
4.793415,0.095223519,1.44E-56
4.79402,0.095713697,1.18E-56
4.794625,0.095994683,9.74E-57
4.79523,0.09617282,8.01E-57
4.795835,0.096542399,6.59E-57
4.79644,0.09745984,5.43E-57
4.797045,0.098850951,4.46E-57
4.79765,0.09985995,3.67E-57
4.798255,0.099391112,3.02E-57
4.79886,0.097332542,2.48E-57
4.799465,0.095038008,2.04E-57
4.80007,0.09421525,1.68E-57
4.800675,0.095316995,1.38E-57
4.80128,0.097198999,1.13E-57
4.801885,0.098340912,9.32E-58
4.80249,0.098215969,7.65E-58
4.803095,0.097454456,6.29E-58
4.8037,0.097012988,5.16E-58
4.804305,0.097448605,4.24E-58
4.80491,0.098695261,3.48E-58
4.805515,0.100050464,2.86E-58
4.80612,0.10044224,2.35E-58
4.806725,0.099249272,1.93E-58
4.80733,0.097080572,1.58E-58
4.807935,0.095402855,1.30E-58
4.80854,0.09511846,1.06E-58
4.809145,0.095661125,8.73E-59
4.80975,0.095727608,7.16E-59
4.810355,0.094870229,5.87E-59
4.81096,0.094020582,4.81E-59
4.811565,0.09417333,3.95E-59
4.81217,0.094950016,3.23E-59
4.812775,0.095081517,2.65E-59
4.81338,0.094132609,2.17E-59
4.813985,0.093021594,1.78E-59
4.81459,0.092597125,1.46E-59
4.815195,0.092244828,1.19E-59
4.8158,0.090586127,9.78E-60
4.816405,0.087467859,8.01E-60
4.81701,0.084475617,6.55E-60
4.817615,0.083197308,5.36E-60
4.81822,0.08354782,4.39E-60
4.818825,0.084165581,3.59E-60
4.81943,0.084013464,2.94E-60
4.820035,0.083114544,2.41E-60
4.82064,0.082044783,1.97E-60
4.821245,0.081329931,1.61E-60
4.82185,0.081267507,1.32E-60
4.822455,0.08177064,1.08E-60
4.82306,0.082190806,8.80E-61
4.823665,0.08162953,7.19E-61
4.82427,0.079752569,5.88E-61
4.824875,0.077192579,4.80E-61
4.82548,0.074936064,3.92E-61
4.826085,0.073467244,3.20E-61
4.82669,0.07267347,2.62E-61
4.827295,0.07230198,2.14E-61
4.8279,0.072118648,1.75E-61
4.828505,0.071666895,1.42E-61
4.82911,0.070396486,1.16E-61
4.829715,0.06842253,9.49E-62
4.83032,0.066823429,7.75E-62
4.830925,0.066554468,6.32E-62
4.83153,0.067038507,5.16E-62
4.832135,0.066438141,4.21E-62
4.83274,0.063678761,3.43E-62
4.833345,0.059783981,2.80E-62
4.83395,0.056754645,2.28E-62
4.834555,0.055452183,1.86E-62
4.83516,0.055086046,1.52E-62
4.835765,0.054540451,1.24E-62
4.83637,0.053560222,1.01E-62
4.836975,0.052511939,8.20E-63
4.83758,0.051540636,6.68E-63
4.838185,0.05045863,5.44E-63
4.83879,0.049289907,4.43E-63
4.839395,0.04840786,3.61E-63
4.84,0.047942053,2.94E-63
4.840605,0.047321311,2.39E-63
4.84121,0.045748639,1.95E-63
4.841815,0.04310613,1.58E-63
4.84242,0.040118236,1.29E-63
4.843025,0.037597604,1.05E-63
4.84363,0.035769996,8.53E-64
4.844235,0.034385984,6.94E-64
4.84484,0.033196774,5.64E-64
4.845445,0.032071449,4.59E-64
4.84605,0.030815539,3.73E-64
4.846655,0.029238912,3.03E-64
4.84726,0.027475599,2.46E-64
4.847865,0.025971194,2.00E-64
4.84847,0.024925866,1.63E-64
4.849075,0.023838808,1.32E-64
4.84968,0.021873957,1.07E-64
4.850285,0.018760585,8.71E-65
4.85089,0.015174698,7.07E-65
4.851495,0.012137116,5.74E-65
4.8521,0.01012363,4.66E-65
4.852705,0.008812525,3.78E-65
4.85331,0.007558743,3.07E-65
4.853915,0.005955764,2.49E-65
4.85452,0.003998493,2.02E-65
4.855125,0.001925786,1.64E-65
4.85573,3.81E-05,1.33E-65
4.856335,-0.001421583,1.08E-65
4.85694,-0.002425843,8.74E-66
4.857545,-0.003327472,7.09E-66
4.85815,-0.004748866,5.75E-66
4.858755,-0.007082304,4.66E-66
4.85936,-0.010062592,3.77E-66
4.859965,-0.012999724,3.06E-66
4.86057,-0.015452389,2.48E-66
4.861175,-0.017503139,2.01E-66
4.86178,-0.019414562,1.62E-66
4.862385,-0.021282271,1.32E-66
4.86299,-0.023106678,1.06E-66
4.863595,-0.025024565,8.62E-67
4.8642,-0.027251073,6.98E-67
4.864805,-0.029721594,5.65E-67
4.86541,-0.031965701,4.57E-67
4.866015,-0.033587421,3.70E-67
4.86662,-0.03486331,2.99E-67
4.867225,-0.036599855,2.42E-67
4.86783,-0.039278097,1.96E-67
4.868435,-0.042535927,1.58E-67
4.86904,-0.04559342,1.28E-67
4.869645,-0.047970496,1.03E-67
4.87025,-0.049718328,8.35E-68
4.870855,-0.051208508,6.75E-68
4.87146,-0.052850565,5.45E-68
4.872065,-0.054889703,4.40E-68
4.87267,-0.057265835,3.56E-68
4.873275,-0.059550235,2.87E-68
4.87388,-0.06114312,2.32E-68
4.874485,-0.061816592,1.87E-68
4.87509,-0.06217908,1.51E-68
4.875695,-0.063378061,1.22E-68
4.8763,-0.066060094,9.85E-69
4.876905,-0.069714945,7.94E-69
4.87751,-0.073255667,6.41E-69
4.878115,-0.076047495,5.17E-69
4.87872,-0.078164125,4.17E-69
4.879325,-0.079947285,3.36E-69
4.87993,-0.081685002,2.71E-69
4.880535,-0.083642032,2.19E-69
4.88114,-0.086015124,1.76E-69
4.881745,-0.08858818,1.42E-69
4.88235,-0.090627565,1.14E-69
4.882955,-0.091541574,9.22E-70
4.88356,-0.091732737,7.43E-70
4.884165,-0.09249479,5.98E-70
4.88477,-0.094805311,4.82E-70
4.885375,-0.098349148,3.88E-70
4.88598,-0.101947835,3.12E-70
4.886585,-0.104728696,2.51E-70
4.88719,-0.106613851,2.02E-70
4.887795,-0.107960612,1.63E-70
4.8884,-0.109162574,1.31E-70
4.889005,-0.110623309,1.05E-70
4.88961,-0.112707245,8.48E-71
4.890215,-0.115205697,6.82E-71
4.89082,-0.116904502,5.48E-71
4.891425,-0.116425626,4.41E-71
4.89203,-0.114017029,3.54E-71
4.892635,-0.112094563,2.85E-71
4.89324,-0.113265897,2.29E-71
4.893845,-0.117820235,1.84E-71
4.89445,-0.123615394,1.48E-71
4.895055,-0.128181023,1.19E-71
4.89566,-0.130468425,9.54E-72
4.896265,-0.131040012,7.66E-72
4.89687,-0.131331723,6.15E-72
4.897475,-0.132642806,4.94E-72
4.89808,-0.135177431,3.96E-72
4.898685,-0.137703751,3.18E-72
4.89929,-0.138429623,2.55E-72
4.899895,-0.136713749,2.05E-72
4.9005,-0.13403017,1.64E-72
4.901105,-0.132972385,1.32E-72
4.90171,-0.134998842,1.06E-72
4.902315,-0.139129776,8.48E-73
4.90292,-0.143070775,6.80E-73
4.903525,-0.145482142,5.45E-73
4.90413,-0.146685112,4.37E-73
4.904735,-0.147382604,3.50E-73
4.90534,-0.147694844,2.81E-73
4.905945,-0.147766864,2.25E-73
4.90655,-0.148364675,1.80E-73
4.907155,-0.149926665,1.44E-73
4.90776,-0.151194921,1.16E-73
4.908365,-0.149753917,9.25E-74
4.90897,-0.144784975,7.41E-74
4.909575,-0.139110982,5.93E-74
4.91018,-0.137306002,4.74E-74
4.910785,-0.141178782,3.80E-74
4.91139,-0.147873936,3.04E-74
4.911995,-0.152845987,2.43E-74
4.9126,-0.153996368,1.94E-74
4.913205,-0.15262081,1.56E-74
4.91381,-0.151153036,1.24E-74
4.914415,-0.150777913,9.94E-75
4.91502,-0.151142446,7.95E-75
4.915625,-0.151495011,6.35E-75
4.91623,-0.151169071,5.08E-75
4.916835,-0.149186729,4.06E-75
4.91744,-0.144801492,3.24E-75
4.918045,-0.139164412,2.59E-75
4.91865,-0.135420759,2.07E-75
4.919255,-0.135901136,1.65E-75
4.91986,-0.139496202,1.32E-75
4.920465,-0.142705578,1.05E-75
4.92107,-0.143022276,8.41E-76
4.921675,-0.140664117,6.71E-76
4.92228,-0.137531663,5.36E-76
4.922885,-0.135306149,4.27E-76
4.92349,-0.134423471,3.41E-76
4.924095,-0.134207983,2.72E-76
4.9247,-0.133385927,2.17E-76
4.925305,-0.130442148,1.73E-76
4.92591,-0.12451393,1.38E-76
4.926515,-0.116952409,1.10E-76
4.92712,-0.111396264,8.76E-77
4.927725,-0.11084151,6.98E-77
4.92833,-0.114485155,5.57E-77
4.928935,-0.118425562,4.43E-77
4.92954,-0.119471884,3.53E-77
4.930145,-0.117494797,2.81E-77
4.93075,-0.114386971,2.24E-77
4.931355,-0.111818751,1.78E-77
4.93196,-0.110221605,1.42E-77
4.932565,-0.109160196,1.13E-77
4.93317,-0.107803693,9.00E-78
4.933775,-0.105026654,7.16E-78
4.93438,-0.100031397,5.70E-78
4.934985,-0.093603548,4.53E-78
4.93559,-0.088301932,3.61E-78
4.936195,-0.086423234,2.87E-78
4.9368,-0.087598716,2.28E-78
4.937405,-0.089106117,1.81E-78
4.93801,-0.088669442,1.44E-78
4.938615,-0.08624976,1.15E-78
4.93922,-0.083132252,9.11E-79
4.939825,-0.080215651,7.24E-79
4.94043,-0.077636227,5.75E-79
4.941035,-0.075423542,4.57E-79
4.94164,-0.073534285,3.63E-79
4.942245,-0.071086795,2.88E-79
4.94285,-0.066531484,2.29E-79
4.943455,-0.059508427,1.82E-79
4.94406,-0.052303413,1.44E-79
4.944665,-0.048348977,1.14E-79
4.94527,-0.048777745,9.09E-80
4.945875,-0.051176386,7.21E-80
4.94648,-0.052130067,5.72E-80
4.947085,-0.050300785,4.54E-80
4.94769,-0.046784798,3.60E-80
4.948295,-0.043264943,2.85E-80
4.9489,-0.040457719,2.26E-80
4.949505,-0.038145259,1.79E-80
4.95011,-0.035908319,1.42E-80
4.950715,-0.033287585,1.13E-80
4.95132,-0.029618861,8.93E-81
4.951925,-0.024522781,7.08E-81
4.95253,-0.018826876,5.60E-81
4.953135,-0.014409968,4.44E-81
4.95374,-0.012463293,3.52E-81
4.954345,-0.012143068,2.78E-81
4.95495,-0.01145725,2.20E-81
4.955555,-0.009226156,1.74E-81
4.95616,-0.005797041,1.38E-81
4.956765,-0.002164419,1.09E-81
4.95737,0.001063507,8.65E-82
4.957975,0.003809558,6.84E-82
4.95858,0.006216278,5.41E-82
4.959185,0.00867032,4.28E-82
4.95979,0.011927645,3.39E-82
4.960395,0.016586034,2.68E-82
4.961,0.022082644,2.12E-82
4.961605,0.02659955,1.67E-82
4.96221,0.028646298,1.32E-82
4.962815,0.028687613,1.04E-82
4.96342,0.028677121,8.25E-83
4.964025,0.030090454,6.52E-83
4.96463,0.032837941,5.15E-83
4.965235,0.035909919,4.07E-83
4.96584,0.038550192,3.21E-83
4.966445,0.040678478,2.54E-83
4.96705,0.042565856,2.00E-83
4.967655,0.044494557,1.58E-83
4.96826,0.04668066,1.25E-83
4.968865,0.049214601,9.84E-84
4.96947,0.051895159,7.76E-84
4.970075,0.054212749,6.12E-84
4.97068,0.055754325,4.83E-84
4.971285,0.056679615,3.81E-84
4.97189,0.057588874,3.00E-84
4.972495,0.05889234,2.37E-84
4.9731,0.060491838,1.87E-84
4.973705,0.062087738,1.47E-84
4.97431,0.063609476,1.16E-84
4.974915,0.065225608,9.13E-85
4.97552,0.067021616,7.19E-85
4.976125,0.068850652,5.67E-85
4.97673,0.070542857,4.46E-85
4.977335,0.0721422,3.51E-85
4.97794,0.073795346,2.77E-85
4.978545,0.075389743,2.18E-85
4.97915,0.076512004,1.71E-85
4.979755,0.076954127,1.35E-85
4.98036,0.077109157,1.06E-85
4.980965,0.077635118,8.35E-86
4.98157,0.078789748,6.57E-86
4.982175,0.080249416,5.17E-86
4.98278,0.081534001,4.06E-86
4.983385,0.082483986,3.19E-86
4.98399,0.083326648,2.51E-86
4.984595,0.084372443,1.97E-86
4.9852,0.085702999,1.55E-86
4.985805,0.087131909,1.22E-86
4.98641,0.088378941,9.58E-87
4.987015,0.089215973,7.53E-87
4.98762,0.089554816,5.91E-87
4.988225,0.0895663,4.64E-87
4.98883,0.089658696,3.65E-87
4.989435,0.09016657,2.86E-87
4.99004,0.09105916,2.25E-87
4.990645,0.09202214,1.76E-87
4.99125,0.092792206,1.38E-87
4.991855,0.093376686,1.09E-87
4.99246,0.093989372,8.52E-88
4.993065,0.094831328,6.68E-88
4.99367,0.095930898,5.24E-88
4.994275,0.097131188,4.11E-88
4.99488,0.098193482,3.22E-88
4.995485,0.098905848,2.53E-88
4.99609,0.099119947,1.98E-88
4.996695,0.098843952,1.55E-88
4.9973,0.098389755,1.22E-88
4.997905,0.098205308,9.53E-89
4.99851,0.098423636,7.47E-89
4.999115,0.098793599,5.85E-89
4.99972,0.099117618,4.58E-89
5.000325,0.099478583,3.59E-89
5.00093,0.099935423,2.81E-89
5.001535,0.100263329,2.20E-89
5.00214,0.100242748,1.72E-89
5.002745,0.10010125,1.35E-89
5.00335,0.100322907,1.05E-89
5.003955,0.100869075,8.24E-90
5.00456,0.10087252,6.45E-90
5.005165,0.099509528,5.04E-90
5.00577,0.097171044,3.94E-90
5.006375,0.095358862,3.08E-90
5.00698,0.095227613,2.41E-90
5.007585,0.0964408,1.88E-90
5.00819,0.09755827,1.47E-90
5.008795,0.097433412,1.15E-90
5.0094,0.096255521,8.99E-91
5.010005,0.095270795,7.03E-91
5.01061,0.095446711,5.49E-91
5.011215,0.096516256,4.29E-91
5.01182,0.097377587,3.35E-91
5.012425,0.097185206,2.61E-91
5.01303,0.095917995,2.04E-91
5.013635,0.094110575,1.59E-91
5.01424,0.092309886,1.24E-91
5.014845,0.090823805,9.69E-92
5.01545,0.089766689,7.56E-92
5.016055,0.089111988,5.90E-92
5.01666,0.0886846,4.60E-92
5.017265,0.08821603,3.59E-92
5.01787,0.08750578,2.80E-92
5.018475,0.086565032,2.18E-92
5.01908,0.085596652,1.70E-92
5.019685,0.084855586,1.33E-92
5.02029,0.084448929,1.03E-92
5.020895,0.084067922,8.05E-93
5.0215,0.082968162,6.27E-93
5.022105,0.080569756,4.88E-93
5.02271,0.077251691,3.80E-93
5.023315,0.074317162,2.96E-93
5.02392,0.072857145,2.31E-93
5.024525,0.072717154,1.79E-93
5.02513,0.072842547,1.40E-93
5.025735,0.072459477,1.09E-93
5.02634,0.071590716,8.46E-94
5.026945,0.070634095,6.58E-94
5.02755,0.06984234,5.12E-94
5.028155,0.06923718,3.98E-94
5.02876,0.068818923,3.10E-94
5.029365,0.068607193,2.41E-94
5.02997,0.068313205,1.87E-94
5.030575,0.067235134,1.46E-94
5.03118,0.065004705,1.13E-94
5.031785,0.062376706,8.79E-95
5.03239,0.060612916,6.83E-95
5.032995,0.060016541,5.30E-95
5.0336,0.059710518,4.12E-95
5.034205,0.058881854,3.20E-95
5.03481,0.057611934,2.48E-95
5.035415,0.056391742,1.93E-95
5.03602,0.055361791,1.50E-95
5.036625,0.054339152,1.16E-95
5.03723,0.053310022,9.02E-96
5.037835,0.052449837,7.00E-96
5.03844,0.051618396,5.43E-96
5.039045,0.050192722,4.21E-96
5.03965,0.047707891,3.27E-96
5.040255,0.04458204,2.53E-96
5.04086,0.04184359,1.96E-96
5.041465,0.040076705,1.52E-96
5.04207,0.038966034,1.18E-96
5.042675,0.0379121,9.15E-97
5.04328,0.036709298,7.09E-97
5.043885,0.035480544,5.49E-97
5.04449,0.034269478,4.26E-97
5.045095,0.033018576,3.30E-97
5.0457,0.031842986,2.55E-97
5.046305,0.030958584,1.98E-97
5.04691,0.030207981,1.53E-97
5.047515,0.02889713,1.19E-97
5.04812,0.026422541,9.17E-98
5.048725,0.0230682,7.10E-98
5.04933,0.019862169,5.49E-98
5.049935,0.017564566,4.25E-98
5.05054,0.016064774,3.29E-98
5.051145,0.014760623,2.54E-98
5.05175,0.01319872,1.97E-98
5.052355,0.011275584,1.52E-98
5.05296,0.009092553,1.18E-98
5.053565,0.006862329,9.09E-99
5.05417,0.004886402,7.02E-99
5.054775,0.003341768,5.43E-99
5.05538,0.001969852,4.19E-99
5.055985,0.000122356,3.24E-99
5.05659,-0.0026645,2.50E-99
5.057195,-0.006083404,1.93E-99
5.0578,-0.009237005,1.49E-99
5.058405,-0.01151416,1.15E-99
5.05901,-0.013094565,8.90E-100
5.059615,-0.014534824,6.87E-100
5.06022,-0.016149334,5.30E-100
5.060825,-0.017943745,4.09E-100
5.06143,-0.019894468,3.15E-100
5.062035,-0.021992574,2.43E-100
5.06264,-0.02405443,1.88E-100
5.063245,-0.025753576,1.45E-100
5.06385,-0.026990192,1.12E-100
5.064455,-0.028185599,8.60E-101
5.06506,-0.030028362,6.63E-101
5.065665,-0.032769361,5.11E-101
5.06627,-0.035888074,3.94E-101
5.066875,-0.038638421,3.04E-101
5.06748,-0.040782246,2.34E-101
5.068085,-0.042620207,1.80E-101
5.06869,-0.044496588,1.39E-101
5.069295,-0.046527396,1.07E-101
5.0699,-0.048735656,8.22E-102
5.070505,-0.051143384,6.33E-102
5.07111,-0.05358265,4.87E-102
5.071715,-0.055614437,3.75E-102
5.07232,-0.056916473,2.89E-102
5.072925,-0.057802899,2.22E-102
5.07353,-0.059160119,1.71E-102
5.074135,-0.061648494,1.31E-102
5.07474,-0.065012778,1.01E-102
5.075345,-0.068356296,7.77E-103
5.07595,-0.071003802,5.97E-103
5.076555,-0.072921715,4.59E-103
5.07716,-0.074462343,3.53E-103
5.077765,-0.076004965,2.71E-103
5.07837,-0.077856131,2.08E-103
5.078975,-0.080175909,1.60E-103
5.07958,-0.082675828,1.23E-103
5.080185,-0.084481444,9.44E-104
5.08079,-0.084793105,7.25E-104
5.081395,-0.084012254,5.57E-104
5.082,-0.083906796,4.27E-104
5.082605,-0.086080298,3.28E-104
5.08321,-0.090271387,2.52E-104
5.083815,-0.094650792,1.93E-104
5.08442,-0.097758386,1.48E-104
5.085025,-0.099646995,1.14E-104
5.08563,-0.1012099,8.72E-105
5.086235,-0.103008424,6.69E-105
5.08684,-0.105009363,5.13E-105
5.087445,-0.10708942,3.93E-105
5.08805,-0.109223107,3.01E-105
5.088655,-0.111069826,2.31E-105
5.08926,-0.111925919,1.77E-105
5.089865,-0.111612478,1.36E-105
5.09047,-0.111249883,1.04E-105
5.091075,-0.112525363,7.96E-106
5.09168,-0.115979798,6.09E-106
5.092285,-0.120459313,4.67E-106
5.09289,-0.124360861,3.57E-106
5.093495,-0.126885029,2.74E-106
5.0941,-0.128084628,2.09E-106
5.094705,-0.128493231,1.60E-106
5.09531,-0.129053578,1.23E-106
5.095915,-0.130769917,9.38E-107
5.09652,-0.133616682,7.18E-107
5.097125,-0.135818764,5.49E-107
5.09773,-0.135097149,4.20E-107
5.098335,-0.131284019,3.21E-107
5.09894,-0.127400688,2.45E-107
5.099545,-0.12732773,1.88E-107
5.10015,-0.132052837,1.43E-107
5.100755,-0.138680563,1.10E-107
5.10136,-0.143398346,8.37E-108
5.101965,-0.14484679,6.39E-108
5.10257,-0.144453611,4.88E-108
5.103175,-0.144349812,3.73E-108
5.10378,-0.145520807,2.85E-108
5.104385,-0.14757619,2.17E-108
5.10499,-0.14952464,1.66E-108
5.105595,-0.150344177,1.27E-108
5.1062,-0.149240497,9.67E-109
5.106805,-0.146232964,7.38E-109
5.10741,-0.142805072,5.63E-109
5.108015,-0.141383809,4.30E-109
5.10862,-0.143345743,3.28E-109
5.109225,-0.147524888,2.50E-109
5.10983,-0.151244771,1.91E-109
5.110435,-0.15274155,1.45E-109
5.11104,-0.152250824,1.11E-109
5.111645,-0.151147468,8.44E-110
5.11225,-0.150594316,6.43E-110
5.112855,-0.150932074,4.90E-110
5.11346,-0.151729052,3.73E-110
5.114065,-0.151818285,2.84E-110
5.11467,-0.149580762,2.17E-110
5.115275,-0.144307342,1.65E-110
5.11588,-0.137862728,1.26E-110
5.116485,-0.134167177,9.56E-111
5.11709,-0.135743243,7.28E-111
5.117695,-0.140861628,5.54E-111
5.1183,-0.145186597,4.21E-111
5.118905,-0.146118356,3.21E-111
5.11951,-0.144558151,2.44E-111
5.120115,-0.142762732,1.85E-111
5.12072,-0.141725853,1.41E-111
5.121325,-0.140973032,1.07E-111
5.12193,-0.139971696,8.15E-112
5.122535,-0.138661211,6.20E-112
5.12314,-0.136641367,4.71E-112
5.123745,-0.132950618,3.58E-112
5.12435,-0.127519967,2.72E-112
5.124955,-0.12244498,2.07E-112
5.12556,-0.120515472,1.57E-112
5.126165,-0.122119332,1.19E-112
5.12677,-0.124662122,9.05E-113
5.127375,-0.125361151,6.87E-113
5.12798,-0.123652756,5.22E-113
5.128585,-0.120738821,3.96E-113
5.12919,-0.117845296,3.01E-113
5.129795,-0.115509672,2.28E-113
5.1304,-0.113936193,1.73E-113
5.131005,-0.112936958,1.31E-113
5.13161,-0.111241355,9.96E-114
5.132215,-0.106864178,7.55E-114
5.13282,-0.099345933,5.73E-114
5.133425,-0.091527194,4.34E-114
5.13403,-0.087732255,3.29E-114
5.134635,-0.089484957,2.49E-114
5.13524,-0.09382058,1.89E-114
5.135845,-0.096307759,1.43E-114
5.13645,-0.095066012,1.08E-114
5.137055,-0.09154181,8.22E-115
5.13766,-0.088133463,6.22E-115
5.138265,-0.085896805,4.71E-115
5.13887,-0.084432197,3.57E-115
5.139475,-0.082932256,2.70E-115
5.14008,-0.080609602,2.04E-115
5.140685,-0.076627711,1.55E-115
5.14129,-0.070722018,1.17E-115
5.141895,-0.064258666,8.86E-116
5.1425,-0.059804657,6.70E-116
5.143105,-0.058758506,5.07E-116
5.14371,-0.059773929,3.83E-116
5.144315,-0.060133793,2.90E-116
5.14492,-0.05831335,2.19E-116
5.145525,-0.054792342,1.66E-116
5.14613,-0.05086269,1.25E-116
5.146735,-0.047366463,9.46E-117
5.14734,-0.044555819,7.15E-117
5.147945,-0.042355503,5.40E-117
5.14855,-0.040094369,4.08E-117
5.149155,-0.036346834,3.08E-117
5.14976,-0.030100691,2.33E-117
5.150365,-0.022534056,1.76E-117
5.15097,-0.016818861,1.33E-117
5.151575,-0.01522433,1.00E-117
5.15218,-0.016696096,7.56E-118
5.152785,-0.017985565,5.70E-118
5.15339,-0.016851222,4.30E-118
5.153995,-0.013541165,3.25E-118
5.1546,-0.009570725,2.45E-118
5.155205,-0.006012363,1.85E-118
5.15581,-0.003126007,1.39E-118
5.156415,-0.000847419,1.05E-118
5.15702,0.00112141,7.91E-119
5.157625,0.003600773,5.96E-119
5.15823,0.007559397,4.49E-119
5.158835,0.012909336,3.39E-119
5.15944,0.017945981,2.55E-119
5.160045,0.020714755,1.92E-119
5.16065,0.021075012,1.45E-119
5.161255,0.020878382,1.09E-119
5.16186,0.02200434,8.20E-120
5.162465,0.024710886,6.18E-120
5.16307,0.02796969,4.65E-120
5.163675,0.03085755,3.50E-120
5.16428,0.033255802,2.63E-120
5.164885,0.035447847,1.98E-120
5.16549,0.037625294,1.49E-120
5.166095,0.040033651,1.12E-120
5.1667,0.043151714,8.43E-121
5.167305,0.047152298,6.34E-121
5.16791,0.051228129,4.76E-121
5.168515,0.054000161,3.58E-121
5.16912,0.05486866,2.69E-121
5.169725,0.05466039,2.02E-121
5.17033,0.054757792,1.52E-121
5.170935,0.055890962,1.14E-121
5.17154,0.057875065,8.58E-122
5.172145,0.060119493,6.44E-122
5.17275,0.06210042,4.84E-122
5.173355,0.063519185,3.63E-122
5.17396,0.06440872,2.73E-122
5.174565,0.065249066,2.05E-122
5.17517,0.066712461,1.54E-122
5.175775,0.069005745,1.15E-122
5.17638,0.071482438,8.65E-123
5.176985,0.073089595,6.49E-123
5.17759,0.073339007,4.87E-123
5.178195,0.072809003,3.65E-123
5.1788,0.072612407,2.74E-123
5.179405,0.073433173,2.05E-123
5.18001,0.075092402,1.54E-123
5.180615,0.076903431,1.15E-123
5.18122,0.07835335,8.64E-124
5.181825,0.079450783,6.47E-124
5.18243,0.080519248,4.85E-124
5.183035,0.081827534,3.63E-124
5.18364,0.083452526,2.72E-124
5.184245,0.085329747,2.04E-124
5.18485,0.08722884,1.53E-124
5.185455,0.08868617,1.14E-124
5.18606,0.089277922,8.55E-125
5.186665,0.08913241,6.40E-125
5.18727,0.088938629,4.79E-125
5.187875,0.089322943,3.58E-125
5.18848,0.090353552,2.68E-125
5.189085,0.091631216,2.00E-125
5.18969,0.092718024,1.50E-125
5.190295,0.093487425,1.12E-125
5.1909,0.094177939,8.38E-126
5.191505,0.095167235,6.26E-126
5.19211,0.096563012,4.68E-126
5.192715,0.097887678,3.50E-126
5.19332,0.098376354,2.61E-126
5.193925,0.097831601,1.95E-126
5.19453,0.096982848,1.46E-126
5.195135,0.096711146,1.09E-126
5.19574,0.097109168,8.14E-127
5.196345,0.097631979,6.08E-127
5.19695,0.097976248,4.54E-127
5.197555,0.098371027,3.39E-127
5.19816,0.099032947,2.53E-127
5.198765,0.09972582,1.89E-127
5.19937,0.100067216,1.41E-127
5.199975,0.10016381,1.05E-127
5.20058,0.100632228,7.83E-128
5.201185,0.101758839,5.84E-128
5.20179,0.102837119,4.35E-128
5.202395,0.102751601,3.24E-128
5.203,0.101277343,2.42E-128
5.203605,0.099483839,1.80E-128
5.20421,0.098673211,1.34E-128
5.204815,0.099100556,1.00E-128
5.20542,0.099869087,7.46E-129
5.206025,0.099896691,5.56E-129
5.20663,0.098946233,4.14E-129
5.207235,0.097921182,3.08E-129
5.20784,0.097990401,2.29E-129
5.208445,0.099139933,1.71E-129
5.20905,0.100004725,1.27E-129
5.209655,0.099556205,9.46E-130
5.21026,0.098341926,7.04E-130
5.210865,0.097412963,5.24E-130
5.21147,0.096665802,3.90E-130
5.212075,0.0951391,2.90E-130
5.21268,0.092633634,2.16E-130
5.213285,0.090231044,1.60E-130
5.21389,0.089136811,1.19E-130
5.214495,0.089385494,8.86E-131
5.2151,0.089895023,6.58E-131
5.215705,0.089744508,4.89E-131
5.21631,0.089062393,3.64E-131
5.216915,0.088449766,2.70E-131
5.21752,0.087991479,2.01E-131
5.218125,0.087379824,1.49E-131
5.21873,0.086673473,1.11E-131
5.219335,0.086177643,8.22E-132
5.21994,0.085637201,6.10E-132
5.220545,0.084281841,4.53E-132
5.22115,0.081850075,3.36E-132
5.221755,0.079084068,2.49E-132
5.22236,0.077032081,1.85E-132
5.222965,0.076150297,1.37E-132
5.22357,0.07609239,1.02E-132
5.224175,0.076015448,7.55E-133
5.22478,0.075148795,5.60E-133
5.225385,0.073525864,4.15E-133
5.22599,0.072101858,3.08E-133
5.226595,0.07170989,2.28E-133
5.2272,0.071980595,1.69E-133
5.227805,0.071646062,1.25E-133
5.22841,0.069854165,9.28E-134
5.229015,0.066959233,6.87E-134
5.22962,0.06407077,5.09E-134
5.230225,0.062051144,3.77E-134
5.23083,0.060987394,2.79E-134
5.231435,0.060412035,2.07E-134
5.23204,0.059893908,1.53E-134
5.232645,0.05940698,1.13E-134
5.23325,0.05904473,8.38E-135
5.233855,0.058526614,6.20E-135
5.23446,0.057464408,4.58E-135
5.235065,0.056153034,3.39E-135
5.23567,0.055465717,2.51E-135
5.236275,0.055601979,1.85E-135
5.23688,0.055394414,1.37E-135
5.237485,0.053449626,1.01E-135
5.23809,0.049896854,7.49E-136
5.238695,0.04646479,5.54E-136
5.2393,0.04467932,4.09E-136
5.239905,0.04437068,3.02E-136
5.24051,0.044112345,2.23E-136
5.241115,0.042792762,1.65E-136
5.24172,0.040552818,1.22E-136
5.242325,0.038373566,8.99E-137
5.24293,0.03698536,6.64E-137
5.243535,0.03627483,4.90E-137
5.24414,0.035628481,3.62E-137
5.244745,0.034504444,2.67E-137
5.24535,0.032567442,1.97E-137
5.245955,0.029711166,1.45E-137
5.24656,0.026312896,1.07E-137
5.247165,0.023203533,7.90E-138
5.24777,0.021020192,5.83E-138
5.248375,0.019647439,4.29E-138
5.24898,0.018438781,3.17E-138
5.249585,0.016895184,2.33E-138
5.25019,0.015027022,1.72E-138
5.250795,0.013141896,1.27E-138
5.2514,0.011461576,9.34E-139
5.252005,0.010000646,6.88E-139
5.25261,0.008669685,5.06E-139
5.253215,0.00734457,3.73E-139
5.25382,0.00582864,2.75E-139
5.254425,0.003860665,2.02E-139
5.25503,0.001326784,1.49E-139
5.255635,-0.001512373,1.10E-139
5.25624,-0.004160803,8.06E-140
5.256845,-0.006298248,5.93E-140
5.25745,-0.007986339,4.36E-140
5.258055,-0.009522864,3.21E-140
5.25866,-0.011185978,2.36E-140
5.259265,-0.01310388,1.74E-140
5.25987,-0.015264351,1.28E-140
5.260475,-0.017508915,9.38E-141
5.26108,-0.019528889,6.89E-141
5.261685,-0.021099457,5.07E-141
5.26229,-0.022463384,3.72E-141
5.262895,-0.024309258,2.73E-141
5.2635,-0.0271108,2.01E-141
5.264105,-0.030516815,1.48E-141
5.26471,-0.033616965,1.08E-141
5.265315,-0.035809787,7.96E-142
5.26592,-0.037242963,5.84E-142
5.266525,-0.038472513,4.29E-142
5.26713,-0.039944964,3.15E-142
5.267735,-0.041841966,2.31E-142
5.26834,-0.044128874,1.69E-142
5.268945,-0.046483027,1.24E-142
5.26955,-0.04830792,9.12E-143
5.270155,-0.049201807,6.69E-143
5.27076,-0.049568704,4.90E-143
5.271365,-0.050526677,3.59E-143
5.27197,-0.052886097,2.63E-143
5.272575,-0.056271811,1.93E-143
5.27318,-0.059577084,1.42E-143
5.273785,-0.062202794,1.04E-143
5.27439,-0.06444946,7.60E-144
5.274995,-0.066774848,5.57E-144
5.2756,-0.069161444,4.08E-144
5.276205,-0.071363704,2.98E-144
5.27681,-0.07345102,2.19E-144
5.277415,-0.075726998,1.60E-144
5.27802,-0.078083527,1.17E-144
5.278625,-0.079822384,8.57E-145
5.27923,-0.080491647,6.27E-145
5.279835,-0.080789933,4.59E-145
5.28044,-0.08216201,3.36E-145
5.281045,-0.085307032,2.46E-145
5.28165,-0.089416862,1.80E-145
5.282255,-0.09304007,1.31E-145
5.28286,-0.095378421,9.60E-146
5.283465,-0.096672288,7.02E-146
5.28407,-0.097729238,5.13E-146
5.284675,-0.099326276,3.75E-146
5.28528,-0.101814969,2.74E-146
5.285885,-0.104792332,2.00E-146
5.28649,-0.106989093,1.46E-146
5.287095,-0.107038403,1.07E-146
5.2877,-0.10503318,7.80E-147
5.288305,-0.103207477,5.69E-147
5.28891,-0.104288025,4.16E-147
5.289515,-0.108816294,3.03E-147
5.29012,-0.114599155,2.21E-147
5.290725,-0.119036017,1.62E-147
5.29133,-0.121382574,1.18E-147
5.291935,-0.122556622,8.60E-148
5.29254,-0.123596888,6.27E-148
5.293145,-0.124979376,4.58E-148
5.29375,-0.126994461,3.34E-148
5.294355,-0.129763138,2.43E-148
5.29496,-0.132443754,1.77E-148
5.295565,-0.133204149,1.29E-148
5.29617,-0.131093876,9.42E-149
5.296775,-0.127946272,6.86E-149
5.29738,-0.1273308,5.00E-149
5.297985,-0.130977985,3.64E-149
5.29859,-0.136888961,2.65E-149
5.299195,-0.141568052,1.93E-149
5.2998,-0.143459582,1.41E-149
5.300405,-0.143616969,1.02E-149
5.30101,-0.143772638,7.46E-150
5.301615,-0.144696875,5.43E-150
5.30222,-0.146249492,3.95E-150
5.302825,-0.148035124,2.87E-150
5.30343,-0.149337774,2.09E-150
5.304035,-0.148867307,1.52E-150
5.30464,-0.145702182,1.11E-150
5.305245,-0.141011519,8.04E-151
5.30585,-0.138138293,5.85E-151
5.306455,-0.139839477,4.25E-151
5.30706,-0.145371633,3.09E-151
5.307665,-0.151130264,2.24E-151
5.30827,-0.154133913,1.63E-151
5.308875,-0.154201175,1.18E-151
5.30948,-0.153087689,8.61E-152
5.310085,-0.152486854,6.25E-152
5.31069,-0.152968915,4.54E-152
5.311295,-0.154092605,3.30E-152
5.3119,-0.154835559,2.39E-152
5.312505,-0.153962938,1.74E-152
5.31311,-0.150738269,1.26E-152
5.313715,-0.145926897,9.15E-153
5.31432,-0.141919018,6.64E-153
5.314925,-0.141042387,4.82E-153
5.31553,-0.14338679,3.49E-153
5.316135,-0.146742386,2.53E-153
5.31674,-0.14876547,1.84E-153
5.317345,-0.148674932,1.33E-153
5.31795,-0.147001299,9.66E-154
5.318555,-0.144635323,7.00E-154
5.31916,-0.142510941,5.07E-154
5.319765,-0.141470651,3.68E-154
5.32037,-0.141389397,2.66E-154
5.320975,-0.140379598,1.93E-154
5.32158,-0.136012977,1.40E-154
5.322185,-0.128311144,1.01E-154
5.32279,-0.121061981,7.33E-155
5.323395,-0.118800932,5.30E-155
5.324,-0.122130216,3.84E-155
5.324605,-0.127076515,2.78E-155
5.32521,-0.12937651,2.01E-155
5.325815,-0.128246213,1.45E-155
5.32642,-0.125657443,1.05E-155
5.327025,-0.123356814,7.61E-156
5.32763,-0.121619389,5.51E-156
5.328235,-0.120176712,3.98E-156
5.32884,-0.118938837,2.88E-156
5.329445,-0.11736777,2.08E-156
5.33005,-0.114070703,1.50E-156
5.330655,-0.108205679,1.09E-156
5.33126,-0.101394929,7.85E-157
5.331865,-0.097114214,5.67E-157
5.33247,-0.097324986,4.10E-157
5.333075,-0.100272847,2.96E-157
5.33368,-0.102310503,2.14E-157
5.334285,-0.101385293,1.54E-157
5.33489,-0.098216038,1.11E-157
5.335495,-0.094686796,8.04E-158
5.3361,-0.091965613,5.81E-158
5.336705,-0.090146716,4.19E-158
5.33731,-0.088778666,3.02E-158
5.337915,-0.086915708,2.18E-158
5.33852,-0.083041772,1.57E-158
5.339125,-0.076227924,1.13E-158
5.33973,-0.067967041,8.18E-159
5.340335,-0.061968293,5.90E-159
5.34094,-0.060930858,4.25E-159
5.341545,-0.06367224,3.06E-159
5.34215,-0.066328773,2.21E-159
5.342755,-0.066168641,1.59E-159
5.34336,-0.063440376,1.15E-159
5.343965,-0.05990773,8.26E-160
5.34457,-0.056758888,5.95E-160
5.345175,-0.054187394,4.28E-160
5.34578,-0.052055889,3.08E-160
5.346385,-0.050025196,2.22E-160
5.34699,-0.0471802,1.60E-160
5.347595,-0.042500195,1.15E-160
5.3482,-0.036300452,8.28E-161
5.348805,-0.030746292,5.96E-161
5.34941,-0.028050317,4.29E-161
5.350015,-0.028116965,3.08E-161
5.35062,-0.028651503,2.22E-161
5.351225,-0.027590715,1.59E-161
5.35183,-0.024790134,1.15E-161
5.352435,-0.021373929,8.24E-162
5.35304,-0.018174917,5.92E-162
5.353645,-0.01522215,4.26E-162
5.35425,-0.012355561,3.06E-162
5.354855,-0.00955827,2.20E-162
5.35546,-0.006480334,1.58E-162
5.356065,-0.002306968,1.13E-162
5.35667,0.003223858,8.14E-163
5.357275,0.008838865,5.85E-163
5.35788,0.012551157,4.20E-163
5.358485,0.01375183,3.01E-163
5.35909,0.013894694,2.16E-163
5.359695,0.014852811,1.55E-163
5.3603,0.017186896,1.11E-163
5.360905,0.020234847,7.99E-164
5.36151,0.023262519,5.73E-164
5.362115,0.02604192,4.11E-164
5.36272,0.028569528,2.95E-164
5.363325,0.030830583,2.11E-164
5.36393,0.03305382,1.51E-164
5.364535,0.035800203,1.09E-164
5.36514,0.039363789,7.78E-165
5.365745,0.043134311,5.57E-165
5.36635,0.045971729,3.99E-165
5.366955,0.04742103,2.86E-165
5.36756,0.048250562,2.05E-165
5.368165,0.049561594,1.47E-165
5.36877,0.051668773,1.05E-165
5.369375,0.054074436,7.52E-166
5.36998,0.056250093,5.38E-166
5.370585,0.058125672,3.85E-166
5.37119,0.059887707,2.76E-166
5.371795,0.061626303,1.97E-166
5.3724,0.063360806,1.41E-166
5.373005,0.065245675,1.01E-166
5.37361,0.067481323,7.22E-167
5.374215,0.069941289,5.16E-167
5.37482,0.07205241,3.69E-167
5.375425,0.073282112,2.64E-167
5.37603,0.073724472,1.89E-167
5.376635,0.073993921,1.35E-167
5.37724,0.074582919,9.64E-168
5.377845,0.075530652,6.88E-168
5.37845,0.076655228,4.92E-168
5.379055,0.077851917,3.51E-168
5.37966,0.079091324,2.51E-168
5.380265,0.080309611,1.79E-168
5.38087,0.081483656,1.28E-168
5.381475,0.082749001,9.13E-169
5.38208,0.084224849,6.51E-169
5.382685,0.085662551,4.65E-169
5.38329,0.086489247,3.32E-169
5.383895,0.086443657,2.37E-169
5.3845,0.086050945,1.69E-169
5.385105,0.086139109,1.20E-169
5.38571,0.086920155,8.58E-170
5.386315,0.087883546,6.12E-170
5.38692,0.088591563,4.36E-170
5.387525,0.089205797,3.11E-170
5.38813,0.090093048,2.22E-170
5.388735,0.091231657,1.58E-170
5.38934,0.092318287,1.13E-170
5.389945,0.093321481,8.02E-171
5.39055,0.094528133,5.71E-171
5.391155,0.095914186,4.07E-171
5.39176,0.096816287,2.90E-171
5.392365,0.096650773,2.06E-171
5.39297,0.095847162,1.47E-171
5.393575,0.095521613,1.04E-171
5.39418,0.096135908,7.43E-172
5.394785,0.097028039,5.29E-172
5.39539,0.097457004,3.76E-172
5.395995,0.09757136,2.68E-172
5.3966,0.098011388,1.90E-172
5.397205,0.098933011,1.35E-172
5.39781,0.09983175,9.62E-173
5.398415,0.10024096,6.84E-173
5.39902,0.100338081,4.86E-173
5.399625,0.100705647,3.45E-173
5.40023,0.101437945,2.46E-173
5.400835,0.101711048,1.74E-173
5.40144,0.100642413,1.24E-173
5.402045,0.098559133,8.80E-174
5.40265,0.096963542,6.25E-174
5.403255,0.097020069,4.44E-174
5.40386,0.098310089,3.15E-174
5.404465,0.099365156,2.24E-174
5.40507,0.099338903,1.59E-174
5.405675,0.098787652,1.13E-174
5.40628,0.09871433,7.99E-175
5.406885,0.099257139,5.67E-175
5.40749,0.099723069,4.02E-175
5.408095,0.099663906,2.85E-175
5.4087,0.099282899,2.02E-175
5.409305,0.098772744,1.43E-175
5.40991,0.09791483,1.02E-175
5.410515,0.09657819,7.21E-176
5.41112,0.095176654,5.11E-176
5.411725,0.094295883,3.62E-176
5.41233,0.094042353,2.56E-176
5.412935,0.094026382,1.82E-176
5.41354,0.093809561,1.29E-176
5.414145,0.093112818,9.11E-177
5.41475,0.091934634,6.45E-177
5.415355,0.090827469,4.57E-177
5.41596,0.090570441,3.23E-177
5.416565,0.091002496,2.29E-177
5.41717,0.090640719,1.62E-177
5.417775,0.088242945,1.15E-177
5.41838,0.084484914,8.11E-178
5.418985,0.081309425,5.73E-178
5.41959,0.079799141,4.06E-178
5.420195,0.079357193,2.87E-178
5.4208,0.07882742,2.03E-178
5.421405,0.077802375,1.43E-178
5.42201,0.076679272,1.01E-178
5.422615,0.075811084,7.16E-179
5.42322,0.075042011,5.06E-179
5.423825,0.074100072,3.57E-179
5.42443,0.073150218,2.53E-179
5.425035,0.072686944,1.78E-179
5.42564,0.072710457,1.26E-179
5.426245,0.072259949,8.89E-180
5.42685,0.070347308,6.28E-180
5.427455,0.067347624,4.43E-180
5.42806,0.064862399,3.13E-180
5.428665,0.064033402,2.21E-180
5.42927,0.064372226,1.56E-180
5.429875,0.064411191,1.10E-180
5.43048,0.063258723,7.75E-181
5.431085,0.061382467,5.47E-181
5.43169,0.059968996,3.86E-181
5.432295,0.059604258,2.72E-181
5.4329,0.05973609,1.92E-181
5.433505,0.059466859,1.35E-181
5.43411,0.058471762,9.52E-182
5.434715,0.05691064,6.71E-182
5.43532,0.054873854,4.73E-182
5.435925,0.052371302,3.33E-182
5.43653,0.049756746,2.34E-182
5.437135,0.047715594,1.65E-182
5.43774,0.046654355,1.16E-182
5.438345,0.04632787,8.19E-183
5.43895,0.046116081,5.76E-183
5.439555,0.045449741,4.06E-183
5.44016,0.04407629,2.85E-183
5.440765,0.042263281,2.01E-183
5.44137,0.040743155,1.41E-183
5.441975,0.040102682,9.94E-184
5.44258,0.040033255,6.99E-184
5.443185,0.039421276,4.92E-184
5.44379,0.037449603,3.46E-184
5.444395,0.034504755,2.43E-184
5.445,0.031774242,1.71E-184
5.445605,0.029994991,1.20E-184
5.44621,0.028819915,8.43E-185
5.446815,0.027426162,5.93E-185
5.44742,0.025472642,4.16E-185
5.448025,0.023312891,2.92E-185
5.44863,0.021418781,2.05E-185
5.449235,0.019820845,1.44E-185
5.44984,0.018248546,1.01E-185
5.450445,0.01665339,7.11E-186
5.45105,0.015205863,4.99E-186
5.451655,0.013749091,3.50E-186
5.45226,0.011669283,2.46E-186
5.452865,0.008577235,1.72E-186
5.45347,0.004946388,1.21E-186
5.454075,0.001767443,8.48E-187
5.45468,-0.000418995,5.94E-187
5.455285,-0.001937226,4.17E-187
5.45589,-0.00348246,2.92E-187
5.456495,-0.00541805,2.05E-187
5.4571,-0.007585928,1.44E-187
5.457705,-0.009668269,1.01E-187
5.45831,-0.011535281,7.05E-188
5.458915,-0.013200744,4.94E-188
5.45952,-0.014680339,3.46E-188
5.460125,-0.016100128,2.42E-188
5.46073,-0.017825461,1.70E-188
5.461335,-0.02018761,1.19E-188
5.46194,-0.023039776,8.31E-189
5.462545,-0.025865001,5.81E-189
5.46315,-0.028372475,4.07E-189
5.463755,-0.03070105,2.85E-189
5.46436,-0.033022346,1.99E-189
5.464965,-0.035242784,1.39E-189
5.46557,-0.037216062,9.75E-190
5.466175,-0.039077522,6.81E-190
5.46678,-0.041130809,4.76E-190
5.467385,-0.043379855,3.33E-190
5.46799,-0.04539103,2.33E-190
5.468595,-0.046806481,1.63E-190
5.4692,-0.047970475,1.14E-190
5.469805,-0.049788702,7.94E-191
5.47041,-0.052749147,5.55E-191
5.471015,-0.056271374,3.88E-191
5.47162,-0.059275904,2.71E-191
5.472225,-0.061261896,1.89E-191
5.47283,-0.062656318,1.32E-191
5.473435,-0.064224006,9.21E-192
5.47404,-0.066329843,6.43E-192
5.474645,-0.068795926,4.49E-192
5.47525,-0.071229232,3.13E-192
5.475855,-0.073230825,2.18E-192
5.47646,-0.074434578,1.52E-192
5.477065,-0.074791893,1.06E-192
5.47767,-0.074994844,7.41E-193
5.478275,-0.076219307,5.17E-193
5.47888,-0.079015318,3.60E-193
5.479485,-0.082645979,2.51E-193
5.48009,-0.085866931,1.75E-193
5.480695,-0.088158651,1.22E-193
5.4813,-0.089951244,8.50E-194
5.481905,-0.091873427,5.92E-194
5.48251,-0.094080572,4.12E-194
5.483115,-0.096311038,2.87E-194
5.48372,-0.098338374,2.00E-194
5.484325,-0.10009405,1.39E-194
5.48493,-0.101396631,9.69E-195
5.485535,-0.101961274,6.74E-195
5.48614,-0.101991817,4.69E-195
5.486745,-0.102539839,3.27E-195
5.48735,-0.104750761,2.27E-195
5.487955,-0.108686201,1.58E-195
5.48856,-0.113191055,1.10E-195
5.489165,-0.11686322,7.64E-196
5.48977,-0.118989896,5.31E-196
5.490375,-0.119833194,3.69E-196
5.49098,-0.120397442,2.57E-196
5.491585,-0.121863129,1.78E-196
5.49219,-0.124702185,1.24E-196
5.492795,-0.12782228,8.62E-197
5.4934,-0.128869895,5.98E-197
5.494005,-0.126365651,4.16E-197
5.49461,-0.121979719,2.89E-197
5.495215,-0.119896489,2.00E-197
5.49582,-0.122966517,1.39E-197
5.496425,-0.129761731,9.66E-198
5.49703,-0.136164394,6.71E-198
5.497635,-0.139444061,4.65E-198
5.49824,-0.140088049,3.23E-198
5.498845,-0.140222768,2.24E-198
5.49945,-0.141256111,1.55E-198
5.500055,-0.143128559,1.08E-198
5.50066,-0.145072433,7.47E-199
5.501265,-0.146336086,5.18E-199
5.50187,-0.146262227,3.59E-199
5.502475,-0.144476046,2.49E-199
5.50308,-0.141604096,1.73E-199
5.503685,-0.139611713,1.20E-199
5.50429,-0.140573514,8.29E-200
5.504895,-0.144631517,5.74E-200
5.5055,-0.149634947,3.98E-200
5.506105,-0.153073054,2.75E-200
5.50671,-0.154015054,1.91E-200
5.507315,-0.153267637,1.32E-200
5.50792,-0.152261024,9.14E-201
5.508525,-0.152022958,6.32E-201
5.50913,-0.152802607,4.38E-201
5.509735,-0.153916619,3.03E-201
5.51034,-0.153711129,2.10E-201
5.510945,-0.150458707,1.45E-201
5.51155,-0.144312871,1.00E-201
5.512155,-0.138380778,6.93E-202
5.51276,-0.136709175,4.79E-202
5.513365,-0.140443455,3.31E-202
5.51397,-0.14655714,2.29E-202
5.514575,-0.150830113,1.58E-202
5.51518,-0.151514753,1.09E-202
5.515785,-0.149847144,7.56E-203
5.51639,-0.147808217,5.22E-203
5.516995,-0.146330323,3.61E-203
5.5176,-0.145506664,2.49E-203
5.518205,-0.145204183,1.72E-203
5.51881,-0.144642388,1.19E-203
5.519415,-0.142198148,8.20E-204
5.52002,-0.136953729,5.66E-204
5.520625,-0.130619389,3.90E-204
5.52123,-0.126814135,2.69E-204
5.521835,-0.127582899,1.86E-204
5.52244,-0.131163653,1.28E-204
5.523045,-0.133879109,8.84E-205
5.52365,-0.13372885,6.10E-205
5.524255,-0.131481713,4.20E-205
5.52486,-0.128826839,2.90E-205
5.525465,-0.126656245,2.00E-205
5.52607,-0.125221011,1.38E-205
5.526675,-0.124569534,9.49E-206
5.52728,-0.123864008,6.54E-206
5.527885,-0.121039048,4.50E-206
5.52849,-0.114610636,3.10E-206
5.529095,-0.106257693,2.14E-206
5.5297,-0.100492499,1.47E-206
5.530305,-0.100574032,1.01E-206
5.53091,-0.105063323,6.97E-207
5.531515,-0.109260654,4.80E-207
5.53212,-0.109737192,3.30E-207
5.532725,-0.106793918,2.27E-207
5.53333,-0.102963927,1.56E-207
5.533935,-0.100214348,1.08E-207
5.53454,-0.098791159,7.39E-208
5.535145,-0.097841823,5.09E-208
5.53575,-0.096262616,3.50E-208
5.536355,-0.093028381,2.40E-208
5.53696,-0.087660323,1.65E-208
5.537565,-0.081147207,1.14E-208
5.53817,-0.075959486,7.80E-209
5.538775,-0.074122454,5.36E-209
5.53938,-0.075148257,3.68E-209
5.539985,-0.076454667,2.53E-209
5.54059,-0.075851914,1.74E-209
5.541195,-0.073161468,1.19E-209
5.5418,-0.069534136,8.19E-210
5.542405,-0.065994494,5.62E-210
5.54301,-0.063000015,3.86E-210
5.543615,-0.060709761,2.65E-210
5.54422,-0.058758751,1.82E-210
5.544825,-0.055780673,1.25E-210
5.54543,-0.050157563,8.55E-211
5.546035,-0.042090183,5.87E-211
5.54664,-0.034533724,4.02E-211
5.547245,-0.030945591,2.76E-211
5.54785,-0.031805615,1.89E-211
5.548455,-0.034103837,1.30E-211
5.54906,-0.034477485,8.88E-212
5.549665,-0.032108131,6.09E-212
5.55027,-0.028413328,4.17E-212
5.550875,-0.024909082,2.86E-212
5.55148,-0.022037418,1.96E-212
5.552085,-0.019574554,1.34E-212
5.55269,-0.017256263,9.18E-213
5.553295,-0.01466495,6.28E-213
5.5539,-0.011059919,4.30E-213
5.554505,-0.006086687,2.94E-213
5.55511,-0.000711876,2.01E-213
5.555715,0.003199509,1.38E-213
5.55632,0.004707921,9.43E-214
5.556925,0.004900272,6.45E-214
5.55753,0.005766173,4.41E-214
5.558135,0.00824802,3.02E-214
5.55874,0.011742212,2.06E-214
5.559345,0.015189807,1.41E-214
5.55995,0.018135558,9.64E-215
5.560555,0.020715464,6.59E-215
5.56116,0.023138082,4.50E-215
5.561765,0.025642007,3.08E-215
5.56237,0.028754377,2.10E-215
5.562975,0.032959513,1.44E-215
5.56358,0.037833869,9.80E-216
5.564185,0.041894042,6.69E-216
5.56479,0.04386614,4.57E-216
5.565395,0.044071181,3.12E-216
5.566,0.04412191,2.13E-216
5.566605,0.045322561,1.45E-216
5.56721,0.04770011,9.92E-217
5.567815,0.050424296,6.77E-217
5.56842,0.052757219,4.62E-217
5.569025,0.054507209,3.15E-217
5.56963,0.055846131,2.15E-217
5.570235,0.057062902,1.46E-217
5.57084,0.058526257,9.98E-218
5.571445,0.060539397,6.80E-218
5.57205,0.062967632,4.64E-218
5.572655,0.065132928,3.16E-218
5.57326,0.066407649,2.15E-218
5.573865,0.066952734,1.47E-218
5.57447,0.067576345,9.99E-219
5.575075,0.068840726,6.80E-219
5.57568,0.070588737,4.63E-219
5.576285,0.07234512,3.15E-219
5.57689,0.073882614,2.15E-219
5.577495,0.075260194,1.46E-219
5.5781,0.076514998,9.94E-220
5.578705,0.077617328,6.77E-220
5.57931,0.07874466,4.60E-220
5.579915,0.080322079,3.13E-220
5.58052,0.082532802,2.13E-220
5.581125,0.084813784,1.45E-220
5.58173,0.086185544,9.85E-221
5.582335,0.086322827,6.69E-221
5.58294,0.086037892,4.55E-221
5.583545,0.086409501,3.09E-221
5.58415,0.087629582,2.10E-221
5.584755,0.088996791,1.43E-221
5.58536,0.08989794,9.70E-222
5.585965,0.090433317,6.59E-222
5.58657,0.091053324,4.48E-222
5.587175,0.091945694,3.04E-222
5.58778,0.092993663,2.06E-222
5.588385,0.094090411,1.40E-222
5.58899,0.095160843,9.51E-223
5.589595,0.095908053,6.45E-223
5.5902,0.095891469,4.38E-223
5.590805,0.095077438,2.97E-223
5.59141,0.09415289,2.01E-223
5.592015,0.094034868,1.37E-223
5.59262,0.095007762,9.27E-224
5.593225,0.096435212,6.28E-224
5.59383,0.097440929,4.26E-224
5.594435,0.097830786,2.89E-224
5.59504,0.098124633,1.96E-224
5.595645,0.098750853,1.33E-224
5.59625,0.099612418,8.98E-225
5.596855,0.10042258,6.09E-225
5.59746,0.100989161,4.12E-225
5.598065,0.101139242,2.79E-225
5.59867,0.100797345,1.89E-225
5.599275,0.100178751,1.28E-225
5.59988,0.099570484,8.67E-226
5.600485,0.09894909,5.87E-226
5.60109,0.098182213,3.97E-226
5.601695,0.0975877,2.69E-226
5.6023,0.097774948,1.82E-226
5.602905,0.098695968,1.23E-226
5.60351,0.09932214,8.31E-227
5.604115,0.098787514,5.62E-227
5.60472,0.097684707,3.80E-227
5.605325,0.09755819,2.57E-227
5.60593,0.098817706,1.74E-227
5.606535,0.099738757,1.17E-227
5.60714,0.098339697,7.93E-228
5.607745,0.095054766,5.36E-228
5.60835,0.092480786,3.62E-228
5.608955,0.092265319,2.45E-228
5.60956,0.09333104,1.65E-228
5.610165,0.093650156,1.12E-228
5.61077,0.092773612,7.53E-229
5.611375,0.091866155,5.08E-229
5.61198,0.09187064,3.43E-229
5.612585,0.092475256,2.32E-229
5.61319,0.092796689,1.56E-229
5.613795,0.092493396,1.05E-229
5.6144,0.092017057,7.11E-230
5.615005,0.091922031,4.80E-230
5.61561,0.091988673,3.24E-230
5.616215,0.091228584,2.18E-230
5.61682,0.089088333,1.47E-230
5.617425,0.086405765,9.91E-231
5.61803,0.084621009,6.68E-231
5.618635,0.084194864,4.50E-231
5.61924,0.084313034,3.03E-231
5.619845,0.08398535,2.04E-231
5.62045,0.082956069,1.38E-231
5.621055,0.08163106,9.27E-232
5.62166,0.080541004,6.24E-232
5.622265,0.079916893,4.20E-232
5.62287,0.079513886,2.83E-232
5.623475,0.078774899,1.90E-232
5.62408,0.07731759,1.28E-232
5.624685,0.075252012,8.62E-233
5.62529,0.07289828,5.80E-233
5.625895,0.070408048,3.90E-233
5.6265,0.067985629,2.63E-233
5.627105,0.06620903,1.77E-233
5.62771,0.065595017,1.19E-233
5.628315,0.065881456,7.98E-234
5.62892,0.066092639,5.36E-234
5.629525,0.065401705,3.61E-234
5.63013,0.063911534,2.42E-234
5.630735,0.062563406,1.63E-234
5.63134,0.062107568,1.09E-234
5.631945,0.062144027,7.35E-235
5.63255,0.061464842,4.93E-235
5.633155,0.059441973,3.31E-235
5.63376,0.056765019,2.22E-235
5.634365,0.054595457,1.49E-235
5.63497,0.053271303,1.00E-235
5.635575,0.052222652,6.73E-236
5.63618,0.050973742,4.51E-236
5.636785,0.049666312,3.03E-236
5.63739,0.048565338,2.03E-236
5.637995,0.047566519,1.36E-236
5.6386,0.046384522,9.14E-237
5.639205,0.044979604,6.13E-237
5.63981,0.043637332,4.11E-237
5.640415,0.042599715,2.75E-237
5.64102,0.041622572,1.85E-237
5.641625,0.040054595,1.24E-237
5.64223,0.037516662,8.28E-238
5.642835,0.034412561,5.55E-238
5.64344,0.031616176,3.72E-238
5.644045,0.029727857,2.49E-238
5.64465,0.028719491,1.67E-238
5.645255,0.028118119,1.12E-238
5.64586,0.027336604,7.47E-239
5.646465,0.025947141,5.00E-239
5.64707,0.023930143,3.35E-239
5.647675,0.021776249,2.24E-239
5.64828,0.020180369,1.50E-239
5.648885,0.01942926,1.00E-239
5.64949,0.019040794,6.70E-240
5.650095,0.01804373,4.48E-240
5.6507,0.015737793,3.00E-240
5.651305,0.012354103,2.00E-240
5.65191,0.008947382,1.34E-240
5.652515,0.006491043,8.95E-241
5.65312,0.005053522,5.98E-241
5.653725,0.003865634,4.00E-241
5.65433,0.002139237,2.67E-241
5.654935,-0.000213228,1.78E-241
5.65554,-0.00264641,1.19E-241
5.656145,-0.004631403,7.96E-242
5.65675,-0.00609874,5.31E-242
5.657355,-0.007345081,3.55E-242
5.65796,-0.008751619,2.37E-242
5.658565,-0.010636761,1.58E-242
5.65917,-0.013154365,1.05E-242
5.659775,-0.016133171,7.03E-243
5.66038,-0.019097888,4.69E-243
5.660985,-0.021620539,3.13E-243
5.66159,-0.023656756,2.09E-243
5.662195,-0.025499997,1.39E-243
5.6628,-0.027444326,9.28E-244
5.663405,-0.029544005,6.18E-244
5.66401,-0.031701634,4.12E-244
5.664615,-0.03385392,2.75E-244
5.66522,-0.035926352,1.83E-244
5.665825,-0.037724971,1.22E-244
5.66643,-0.039132102,8.12E-245
5.667035,-0.040428586,5.41E-245
5.66764,-0.042183421,3.60E-245
5.668245,-0.044712516,2.40E-245
5.66885,-0.047792661,1.60E-245
5.669455,-0.050917095,1.06E-245
5.67006,-0.053647425,7.07E-246
5.670665,-0.055806409,4.70E-246
5.67127,-0.057587233,3.13E-246
5.671875,-0.059441182,2.08E-246
5.67248,-0.061709403,1.39E-246
5.673085,-0.064349036,9.21E-247
5.67369,-0.066960648,6.12E-247
5.674295,-0.069004419,4.07E-247
5.6749,-0.07014978,2.71E-247
5.675505,-0.070745105,1.80E-247
5.67611,-0.071923176,1.20E-247
5.676715,-0.074676391,7.94E-248
5.67732,-0.078594707,5.28E-248
5.677925,-0.082112409,3.50E-248
5.67853,-0.084272991,2.33E-248
5.679135,-0.085654448,1.55E-248
5.67974,-0.087325709,1.03E-248
5.680345,-0.089509023,6.81E-249
5.68095,-0.091675885,4.52E-249
5.681555,-0.093531181,3.00E-249
5.68216,-0.095228924,1.99E-249
5.682765,-0.09662035,1.32E-249
5.68337,-0.097040764,8.76E-250
5.683975,-0.096405366,5.81E-250
5.68458,-0.096133954,3.86E-250
5.685185,-0.098088532,2.56E-250
5.68579,-0.102436471,1.69E-250
5.686395,-0.107298466,1.12E-250
5.687,-0.110696382,7.45E-251
5.687605,-0.112287165,4.93E-251
5.68821,-0.11318982,3.27E-251
5.688815,-0.114644032,2.17E-251
5.68942,-0.116990174,1.43E-251
5.690025,-0.119701617,9.50E-252
5.69063,-0.121954146,6.29E-252
5.691235,-0.122943308,4.17E-252
5.69184,-0.122199606,2.76E-252
5.692445,-0.120349278,1.83E-252
5.69305,-0.119398545,1.21E-252
5.693655,-0.121275952,7.99E-253
5.69426,-0.125756701,5.29E-253
5.694865,-0.130576251,3.50E-253
5.69547,-0.133759305,2.31E-253
5.696075,-0.135114999,1.53E-253
5.69668,-0.135629532,1.01E-253
5.697285,-0.13634289,6.69E-254
5.69789,-0.137886819,4.42E-254
5.698495,-0.140350602,2.92E-254
5.6991,-0.142937481,1.93E-254
5.699705,-0.14387291,1.28E-254
5.70031,-0.141657462,8.43E-255
5.700915,-0.137151388,5.57E-255
5.70152,-0.133872428,3.68E-255
5.702125,-0.135114752,2.43E-255
5.70273,-0.140600597,1.60E-255
5.703335,-0.146820536,1.06E-255
5.70394,-0.150724747,6.99E-256
5.704545,-0.152049521,4.61E-256
5.70515,-0.15216461,3.04E-256
5.705755,-0.152110122,2.01E-256
5.70636,-0.152214334,1.32E-256
5.706965,-0.152685847,8.74E-257
5.70757,-0.153636124,5.76E-257
5.708175,-0.15438013,3.80E-257
5.70878,-0.153413758,2.50E-257
5.709385,-0.14989689,1.65E-257
5.70999,-0.145222647,1.09E-257
5.710595,-0.142449953,7.17E-258
5.7112,-0.14360347,4.72E-258
5.711805,-0.147709197,3.11E-258
5.71241,-0.151798174,2.05E-258
5.713015,-0.153515357,1.35E-258
5.71362,-0.152593798,8.89E-259
5.714225,-0.150358873,5.85E-259
5.71483,-0.148320955,3.85E-259
5.715435,-0.147269079,2.54E-259
5.71604,-0.147154142,1.67E-259
5.716645,-0.146960826,1.10E-259
5.71725,-0.144757015,7.23E-260
5.717855,-0.139170133,4.75E-260
5.71846,-0.131638372,3.13E-260
5.719065,-0.126347134,2.06E-260
5.71967,-0.126591212,1.35E-260
5.720275,-0.131289724,8.89E-261
5.72088,-0.13605155,5.84E-261
5.721485,-0.137486494,3.84E-261
5.72209,-0.135702348,2.52E-261
5.722695,-0.132953407,1.66E-261
5.7233,-0.130884809,1.09E-261
5.723905,-0.129541825,7.16E-262
5.72451,-0.128425908,4.70E-262
5.725115,-0.12720575,3.09E-262
5.72572,-0.125090807,2.03E-262
5.726325,-0.120850357,1.33E-262
5.72693,-0.114569076,8.73E-263
5.727535,-0.10879203,5.73E-263
5.72814,-0.106634556,3.76E-263
5.728745,-0.108593389,2.47E-263
5.72935,-0.112027238,1.62E-263
5.729955,-0.1137923,1.06E-263
5.73056,-0.112697572,6.96E-264
5.731165,-0.109578029,4.57E-264
5.73177,-0.105977502,2.99E-264
5.732375,-0.103205343,1.96E-264
5.73298,-0.101905401,1.29E-264
5.733585,-0.101397245,8.43E-265
5.73419,-0.099481799,5.52E-265
5.734795,-0.094095109,3.62E-265
5.7354,-0.085904461,2.37E-265
5.736005,-0.078749792,1.55E-265
5.73661,-0.076419216,1.02E-265
5.737215,-0.078806234,6.65E-266
5.73782,-0.082106781,4.36E-266
5.738425,-0.082811017,2.85E-266
5.73903,-0.080546072,1.87E-266
5.739635,-0.077132101,1.22E-266
5.74024,-0.074075996,7.99E-267
5.740845,-0.071568115,5.23E-267
5.74145,-0.069297768,3.42E-267
5.742055,-0.067146017,2.24E-267
5.74266,-0.064704972,1.46E-267
5.743265,-0.060909345,9.56E-268
5.74387,-0.055134087,6.25E-268
5.744475,-0.048681239,4.08E-268
5.74508,-0.044213229,2.67E-268
5.745685,-0.043110555,1.74E-268
5.74629,-0.043963847,1.14E-268
5.746895,-0.044131587,7.44E-269
5.7475,-0.042253064,4.86E-269
5.748105,-0.03888379,3.17E-269
5.74871,-0.035232297,2.07E-269
5.749315,-0.031973741,1.35E-269
5.74992,-0.029239787,8.83E-270
5.750525,-0.026957973,5.76E-270
5.75113,-0.024607688,3.76E-270
5.751735,-0.021008809,2.45E-270
5.75234,-0.015257434,1.60E-270
5.752945,-0.008278956,1.04E-270
5.75355,-0.002774766,6.81E-271
5.754155,-0.000770805,4.44E-271
5.75476,-0.001464832,2.89E-271
5.755365,-0.002108734,1.89E-271
5.75597,-0.00070941,1.23E-271
5.756575,0.002611167,8.01E-272
5.75718,0.006504748,5.22E-272
5.757785,0.009913995,3.40E-272
5.75839,0.012635809,2.22E-272
5.758995,0.014970357,1.44E-272
5.7596,0.017374823,9.40E-273
5.760205,0.020393642,6.12E-273
5.76081,0.024377948,3.98E-273
5.761415,0.028933261,2.59E-273
5.76202,0.032917306,1.69E-273
5.762625,0.035435145,1.10E-273
5.76323,0.03676792,7.14E-274
5.763835,0.037974034,4.65E-274
5.76444,0.039714999,3.02E-274
5.765045,0.041863483,1.97E-274
5.76565,0.044114617,1.28E-274
5.766255,0.046450956,8.31E-275
5.76686,0.048886585,5.40E-275
5.767465,0.051166671,3.51E-275
5.76807,0.053063802,2.28E-275
5.768675,0.054863602,1.48E-275
5.76928,0.057212209,9.63E-276
5.769885,0.060292912,6.26E-276
5.77049,0.063319516,4.06E-276
5.771095,0.065190933,2.64E-276
5.7717,0.065689592,1.71E-276
5.772305,0.065724655,1.11E-276
5.77291,0.066337007,7.22E-277
5.773515,0.067768196,4.68E-277
5.77412,0.069543972,3.04E-277
5.774725,0.07115318,1.97E-277
5.77533,0.072484565,1.28E-277
5.775935,0.073716659,8.30E-278
5.77654,0.07497243,5.38E-278
5.777145,0.076210329,3.49E-278
5.77775,0.077388108,2.26E-278
5.778355,0.078533376,1.47E-278
5.77896,0.079597428,9.51E-279
5.779565,0.080408638,6.16E-279
5.78017,0.080899057,3.99E-279
5.780775,0.081271484,2.59E-279
5.78138,0.081827292,1.68E-279
5.781985,0.082701074,1.09E-279
5.78259,0.083802255,7.03E-280
5.783195,0.084932058,4.55E-280
5.7838,0.085951946,2.95E-280
5.784405,0.086888433,1.91E-280
5.78501,0.087881336,1.23E-280
5.785615,0.089057908,7.98E-281
5.78622,0.09045835,5.17E-281
5.786825,0.091983572,3.34E-281
5.78743,0.093344002,2.16E-281
5.788035,0.094159886,1.40E-281
5.78864,0.094279105,9.04E-282
5.789245,0.093981514,5.84E-282
5.78985,0.093744564,3.78E-282
5.790455,0.093872052,2.44E-282
5.79106,0.094443207,1.58E-282
5.791665,0.095408172,1.02E-282
5.79227,0.096518029,6.59E-283
5.792875,0.097362852,4.25E-283
5.79348,0.097772023,2.75E-283
5.794085,0.098084412,1.77E-283
5.79469,0.098775609,1.15E-283
5.795295,0.09983924,7.40E-284
5.7959,0.100651316,4.77E-284
5.796505,0.100462905,3.08E-284
5.79711,0.099162464,1.99E-284
5.797715,0.097623677,1.28E-284
5.79832,0.097010152,8.28E-285
5.798925,0.097572495,5.34E-285
5.79953,0.098415272,3.44E-285
5.800135,0.098620863,2.22E-285
5.80074,0.09833323,1.43E-285
5.801345,0.098428539,9.22E-286
5.80195,0.099238418,5.95E-286
5.802555,0.10008696,3.83E-286
5.80316,0.100306066,2.47E-286
5.803765,0.100256965,1.59E-286
5.80437,0.100764218,1.02E-286
5.804975,0.101601153,6.60E-287
5.80558,0.101268366,4.25E-287
5.806185,0.09885849,2.74E-287
5.80679,0.095749993,1.76E-287
5.807395,0.09448031,1.13E-287
5.808,0.095790001,7.30E-288
5.808605,0.097667554,4.70E-288
5.80921,0.097712197,3.02E-288
5.809815,0.095735347,1.94E-288
5.81042,0.093580892,1.25E-288
5.811025,0.092924691,8.04E-289
5.81163,0.093745678,5.17E-289
5.812235,0.094649425,3.32E-289
5.81284,0.094228393,2.14E-289
5.813445,0.092204271,1.37E-289
5.81405,0.089547333,8.83E-290
5.814655,0.087439999,5.67E-290
5.81526,0.086105184,3.64E-290
5.815865,0.084938982,2.34E-290
5.81647,0.083658524,1.50E-290
5.817075,0.082662828,9.65E-291
5.81768,0.082208436,6.20E-291
5.818285,0.081888222,3.98E-291
5.81889,0.081169383,2.55E-291
5.819495,0.080105206,1.64E-291
5.8201,0.079313925,1.05E-291
5.820705,0.079274374,6.75E-292
5.82131,0.079615453,4.33E-292
5.821915,0.079206184,2.78E-292
5.82252,0.077266585,1.78E-292
5.823125,0.074440272,1.14E-292
5.82373,0.072318717,7.32E-293
5.824335,0.071653131,4.69E-293
5.82494,0.071526539,3.01E-293
5.825545,0.070691668,1.93E-293
5.82615,0.069190683,1.24E-293
5.826755,0.068064146,7.91E-294
5.82736,0.067846218,5.07E-294
5.827965,0.067975256,3.25E-294
5.82857,0.067605467,2.08E-294
5.829175,0.066581195,1.33E-294
5.82978,0.065417306,8.52E-295
5.830385,0.06437783,5.45E-295
5.83099,0.062931766,3.49E-295
5.831595,0.060502743,2.23E-295
5.8322,0.057542504,1.43E-295
5.832805,0.05528126,9.14E-296
5.83341,0.054346879,5.85E-296
5.834015,0.054077105,3.74E-296
5.83462,0.053390571,2.39E-296
5.835225,0.052016993,1.53E-296
5.83583,0.05057218,9.77E-297
5.836435,0.049656625,6.25E-297
5.83704,0.049278441,3.99E-297
5.837645,0.049043801,2.55E-297
5.83825,0.048515293,1.63E-297
5.838855,0.047372274,1.04E-297
5.83946,0.045530004,6.65E-298
5.840065,0.043262135,4.25E-298
5.84067,0.041086829,2.71E-298
5.841275,0.039351287,1.73E-298
5.84188,0.037934082,1.10E-298
5.842485,0.036477174,7.05E-299
5.84309,0.034867905,4.50E-299
5.843695,0.03332193,2.87E-299
5.8443,0.031990965,1.83E-299
5.844905,0.03068953,1.17E-299
5.84551,0.029140881,7.45E-300
5.846115,0.027393987,4.75E-300
5.84672,0.025773274,3.03E-300
5.847325,0.024328667,1.93E-300
5.84793,0.022560214,1.23E-300
5.848535,0.019956356,7.84E-301
5.84914,0.016695592,5.00E-301
5.849745,0.013537677,3.18E-301
5.85035,0.011067348,2.03E-301
5.850955,0.009253711,1.29E-301
5.85156,0.007694088,8.23E-302
5.852165,0.006061917,5.24E-302
5.85277,0.004266648,3.33E-302
5.853375,0.002348222,2.12E-302
5.85398,0.000390868,1.35E-302
5.854585,-0.001451908,8.60E-303
5.85519,-0.002995825,5.47E-303
5.855795,-0.004252347,3.48E-303
5.8564,-0.005611282,2.21E-303
5.857005,-0.007587392,1.41E-303
5.85761,-0.010247926,8.95E-304
5.858215,-0.013056647,5.69E-304
5.85882,-0.015461385,3.62E-304
5.859425,-0.017483176,2.30E-304
5.86003,-0.019535524,1.46E-304
5.860635,-0.021805592,9.28E-305
5.86124,-0.024045761,5.90E-305
5.861845,-0.025967341,3.75E-305
5.86245,-0.027663335,2.38E-305
5.863055,-0.029509151,1.51E-305
5.86366,-0.031688541,9.60E-306
5.864265,-0.033950823,6.09E-306
5.86487,-0.035882971,3.87E-306
5.865475,-0.037439143,2.45E-306
5.86608,-0.039188453,1.56E-306
5.866685,-0.041829177,9.88E-307
5.86729,-0.045288697,6.27E-307
5.867895,-0.048531487,3.98E-307
5.8685,-0.050569649,2.52E-307
5.869105,-0.0515549,1.60E-307
5.86971,-0.05259172,1.01E-307
5.870315,-0.054582318,6.43E-308
5.87092,-0.057498847,4.07E-308
5.871525,-0.060554901,2.58E-308
5.87213,-0.062705356,0
5.872735,-0.063251866,0
5.87334,-0.062709121,0
5.873945,-0.063060208,0
5.87455,-0.066053098,0
5.875155,-0.070884445,0
5.87576,-0.074793914,0
5.876365,-0.076439374,6.680258E-310
5.87697,-0.077438107,4.227917E-310
5.877575,-0.079972665,2.675444E-310
5.87818,-0.083916111,1.692784E-310
5.878785,-0.087227131,1.070886E-310
5.87939,-0.088746779,6.773625E-311
5.879995,-0.089501649,4.283861E-311
5.8806,-0.090949823,2.708855E-311
5.881205,-0.092887095,1.712664E-311
5.88181,-0.094044963,1.082667E-311
5.882415,-0.094448584,6.843116E-312
5.88302,-0.095879471,4.324631E-312
5.883625,-0.099496502,2.732627E-312
5.88423,-0.104056545,1.726426E-312
5.884835,-0.107300189,1.090565E-312
5.88544,-0.108533161,6.887973E-313
5.886045,-0.109148451,4.349782E-313
5.88665,-0.110714767,2.746501E-313
5.887255,-0.113235725,1.733917E-313
5.88786,-0.115696374,1.094493E-313
5.888465,-0.117556968,6.907705E-314
5.88907,-0.118705862,4.359040E-314
5.889675,-0.118492661,2.750325E-314
5.89028,-0.116377993,1.735056E-314
5.890885,-0.113794278,1.094408E-314
5.89149,-0.113786201,6.902095E-315
5.892095,-0.117843442,4.352301E-315
5.8927,-0.124055895,2.744057E-315
5.893305,-0.12910242,1.729830E-315
5.89391,-0.131377133,1.090310E-315
5.894515,-0.131820727,6.871204E-316
5.89512,-0.132269578,4.329640E-316
5.895725,-0.133626784,2.727765E-316
5.89633,-0.13574715,1.718297E-316
5.896935,-0.138239403,1.082246E-316
5.89754,-0.140354602,6.815372E-317
5.898145,-0.140582837,4.291306E-317
5.89875,-0.137992983,2.701628E-317
5.899355,-0.134387812,1.700583E-317
5.89996,-0.133548871,1.070302E-317
5.900565,-0.137228804,6.735207E-318
5.90117,-0.142989124,4.237715E-318
5.901775,-0.146999271,2.665934E-318
5.90238,-0.148015901,1.676884E-318
5.902985,-0.147692914,1.054608E-318
5.90359,-0.14779856,6.631596E-319
5.904195,-0.14849876,4.169469E-319
5.9048,-0.149364053,2.621068E-319
5.905405,-0.150487408,1.647462E-319
5.90601,-0.151571361,1.035315E-319
5.906615,-0.150888759,6.505856E-320
5.90722,-0.14683155,4.087405E-320
5.907825,-0.140837245,2.567659E-320
5.90843,-0.137341975,1.612630E-320
5.909035,-0.139465295,1.012835E-320
5.90964,-0.145453859,6.358625E-321
5.910245,-0.150700862,3.992050E-321
5.91085,-0.15261339,2.504913E-321
5.911455,-0.152159432,1.571129E-321
5.91206,-0.1512872,9.881313E-322
5.912665,-0.1506655,6.175821E-322
5.91327,-0.150189168,3.903119E-322
5.913875,-0.15000224,2.420922E-322
5.91448,-0.14992318,1.531604E-322
5.915085,-0.148698775,9.387247E-323
5.91569,-0.145068221,5.928788E-323
5.916295,-0.139738543,3.952525E-323
5.9169,-0.135557349,2.470328E-323
5.917505,-0.13498298,1.482197E-323
5.91811,-0.137549642,9.881313E-324
5.918715,-0.140482237,4.940656E-324
5.91932,-0.141589768,4.940656E-324
5.919925,-0.140771254,0
5.92053,-0.138942688,0
5.921135,-0.136757203,0
5.92174,-0.134783204,0
5.922345,-0.133724474,0
5.92295,-0.133367563,0
5.923555,-0.131793618,0
5.92416,-0.126821024,0
5.924765,-0.118812806,0
5.92537,-0.111580008,0
5.925975,-0.109357005,0
5.92658,-0.112551622,0
5.927185,-0.117359242,0
5.92779,-0.11975087,0
5.928395,-0.118861089,0
5.929,-0.116365455,0
5.929605,-0.11387446,0
5.93021,-0.111808362,0
5.930815,-0.110101868,0
5.93142,-0.108704424,0
5.932025,-0.106973794,0
5.93263,-0.103429527,0
5.933235,-0.097306356,0
5.93384,-0.090421347,0
5.934445,-0.086254442,0
5.93505,-0.086446082,0
5.935655,-0.0889417,0
5.93626,-0.090195119,0
5.936865,-0.088576215,0
5.93747,-0.085073343,0
5.938075,-0.081368594,0
5.93868,-0.078263214,0
5.939285,-0.075823731,0
5.93989,-0.073866611,0
5.940495,-0.071622147,0
5.9411,-0.067571115,0
5.941705,-0.060789812,0
5.94231,-0.052787894,0
5.942915,-0.047067211,0
5.94352,-0.045912187,0
5.944125,-0.047958378,0
5.94473,-0.049637994,0
5.945335,-0.048639947,0
5.94594,-0.045330051,0
5.946545,-0.041356205,0
5.94715,-0.037887893,0
5.947755,-0.035224148,0
5.94836,-0.033206069,0
5.948965,-0.031296054,0
5.94957,-0.028470809,0
5.950175,-0.023870734,0
5.95078,-0.017994785,0
5.951385,-0.012843497,0
5.95199,-0.010240539,0
5.952595,-0.009973963,0
5.9532,-0.010018662,0
5.953805,-0.008576287,0
5.95441,-0.005465995,0
5.955015,-0.001637569,0
5.95562,0.002002773,0
5.956225,0.005039269,0
5.95683,0.00736607,0
5.957435,0.00926495,0
5.95804,0.011712719,0
5.958645,0.015903584,0
5.95925,0.02183837,0
5.959855,0.027612094,0
5.96046,0.030884937,0
5.961065,0.031300165,0
5.96167,0.030862801,0
5.962275,0.031724981,0
5.96288,0.034196039,0
5.963485,0.037100594,0
5.96409,0.039451997,0
5.964695,0.041310223,0
5.9653,0.043220862,0
5.965905,0.045395985,0
5.96651,0.047722101,0
5.967115,0.050210605,0
5.96772,0.052968032,0
5.968325,0.055727115,0
5.96893,0.057819074,0
5.969535,0.058900712,0
5.97014,0.059486958,0
5.970745,0.060457094,0
5.97135,0.062166421,0
5.971955,0.064246085,0
5.97256,0.066161957,0
5.973165,0.067758059,0
5.97377,0.069223862,0
5.974375,0.070742671,0
5.97498,0.072359917,0
5.975585,0.07410225,0
5.97619,0.07600167,0
5.976795,0.077885414,0
5.9774,0.079299147,0
5.978005,0.079943976,0
5.97861,0.080136988,0
5.979215,0.080506423,0
5.97982,0.08124861,0
5.980425,0.082002026,0
5.98103,0.082521517,0
5.981635,0.083158672,0
5.98224,0.084380877,0
5.982845,0.086004513,0
5.98345,0.087332719,0
5.984055,0.08805818,0
5.98466,0.088630613,0
5.985265,0.089533983,0
5.98587,0.090501792,0
5.986475,0.090848679,0
5.98708,0.090483593,0
5.987685,0.090152161,0
5.98829,0.090566504,0
5.988895,0.091610313,0
5.9895,0.092628411,0
5.990105,0.093329568,0
5.99071,0.094073201,0
5.991315,0.095227077,0
5.99192,0.096570003,0
5.992525,0.097599013,0
5.99313,0.098242667,0
5.993735,0.098849072,0
5.99434,0.099492982,0
5.994945,0.099786657,0
5.99555,0.0994661,0
5.996155,0.098737927,0
5.99676,0.098027452,0
5.997365,0.097761455,0
5.99797,0.098247803,0
5.998575,0.099290596,0
5.99918,0.100049064,0
5.999785,0.099809308,0
6.00039,0.098964916,0
6.000995,0.098757167,0
6.0016,0.099736544,0
6.002205,0.100835994,0
6.00281,0.100510674,0
6.003415,0.098693819,0
6.00402,0.096959152,0
6.004625,0.096486417,0
6.00523,0.096554978,0
6.005835,0.095811271,0
6.00644,0.094512049,0
6.007045,0.09426749,0
6.00765,0.095576081,0
6.008255,0.096897527,0
6.00886,0.096656335,0
6.009465,0.095272043,0
6.01007,0.094503595,0
6.010675,0.095191564,0
6.01128,0.096276791,0
6.011885,0.096002676,0
6.01249,0.093766453,0
6.013095,0.090778349,0
6.0137,0.088942353,0
6.014305,0.088971102,0
6.01491,0.089698414,0
6.015515,0.089482862,0
6.01612,0.088022846,0
6.016725,0.086324715,0
6.01733,0.085236742,0
6.017935,0.084745468,0
6.01854,0.084488336,0
6.019145,0.084148277,0
6.01975,0.083282993,0
6.020355,0.08138012,0
6.02096,0.078412979,0
6.021565,0.075144164,0
6.02217,0.072644073,0
6.022775,0.071518751,0
6.02338,0.071522493,0
6.023985,0.071698353,0
6.02459,0.071060865,0
6.025195,0.069510984,0
6.0258,0.068004286,0
6.026405,0.067582538,0
6.02701,0.068307039,0
6.027615,0.069166771,0
6.02822,0.06888628,0
6.028825,0.066952631,0
6.02943,0.064113688,0
6.030035,0.061736841,0
6.03064,0.060475922,0
6.031245,0.059797111,0
6.03185,0.058936333,0
6.032455,0.057878486,0
6.03306,0.057073832,0
6.033665,0.056550042,0
6.03427,0.055817002,0
6.034875,0.054610114,0
6.03548,0.053277937,0
6.036085,0.052270506,0
6.03669,0.051482281,0
6.037295,0.050263618,0
6.0379,0.048084881,0
6.038505,0.045175133,0
6.03911,0.042399457,0
6.039715,0.040448045,0
6.04032,0.03926354,0
6.040925,0.038287619,0
6.04153,0.037108232,0
6.042135,0.035767514,0
6.04274,0.034509437,0
6.043345,0.033396416,0
6.04395,0.032280973,0
6.044555,0.031049392,0
6.04516,0.029692589,0
6.045765,0.028127642,0
6.04637,0.026148546,0
6.046975,0.02366366,0
6.04758,0.020884534,0
6.048185,0.018198009,0
6.04879,0.015892789,0
6.049395,0.014017365,0
6.05,0.012408136,0
6.050605,0.010779042,0
6.05121,0.008848982,0
6.051815,0.00655021,0
6.05242,0.00417757,0
6.053025,0.002203915,0
6.05363,0.000807996,0
6.054235,-0.000410061,0
6.05484,-0.002145302,0
6.055445,-0.004747596,0
6.05605,-0.007888803,0
6.056655,-0.010893264,0
6.05726,-0.013304279,0
6.057865,-0.015104496,0
6.05847,-0.01659045,0
6.059075,-0.018176073,0
6.05968,-0.02018411,0
6.060285,-0.022629998,0
6.06089,-0.025138331,0
6.061495,-0.027133162,0
6.0621,-0.02829121,0
6.062705,-0.028989433,0
6.06331,-0.030229825,0
6.063915,-0.032796046,0
6.06452,-0.036387343,0
6.065125,-0.039859968,0
6.06573,-0.042387703,0
6.066335,-0.044123954,0
6.06694,-0.045738423,0
6.067545,-0.047623764,0
6.06815,-0.049696596,0
6.068755,-0.051819306,0
6.06936,-0.054077672,0
6.069965,-0.056434171,0
6.07057,-0.058417689,0
6.071175,-0.059645778,0
6.07178,-0.060579457,0
6.072385,-0.062237632,0
6.07299,-0.065031526,0
6.073595,-0.068302091,0
6.0742,-0.071162474,0
6.074805,-0.073368735,0
6.07541,-0.075167069,0
6.076015,-0.07676573,0
6.07662,-0.078386423,0
6.077225,-0.080480512,0
6.07783,-0.08319313,0
6.078435,-0.08567262,0
6.07904,-0.086678574,0
6.079645,-0.086148024,0
6.08025,-0.08568296,0
6.080855,-0.087073332,0
6.08146,-0.090475979,0
6.082065,-0.094490967,0
6.08267,-0.097924229,0
6.083275,-0.100740553,0
6.08388,-0.103234076,0
6.084485,-0.10519036,0
6.08509,-0.106406325,0
6.085695,-0.107538992,0
6.0863,-0.109611177,0
6.086905,-0.112490921,0
6.08751,-0.114515093,0
6.088115,-0.114273485,0
6.08872,-0.112677277,0
6.089325,-0.112539755,0
6.08993,-0.115616815,0
6.090535,-0.120601701,0
6.09114,-0.124721119,0
6.091745,-0.126757093,0
6.09235,-0.127679154,0
6.092955,-0.128785486,0
6.09356,-0.130324282,0
6.094165,-0.132055277,0
6.09477,-0.134060764,0
6.095375,-0.136078646,0
6.09598,-0.136626943,0
6.096585,-0.134268972,0
6.09719,-0.130191499,0
6.097795,-0.12822755,0
6.0984,-0.131054751,0
6.099005,-0.137106523,0
6.09961,-0.142509506,0
6.100215,-0.145288357,0
6.10082,-0.146332722,0
6.101425,-0.14706227,0
6.10203,-0.147840931,0
6.102635,-0.148660554,0
6.10324,-0.149868677,0
6.103845,-0.151303223,0
6.10445,-0.151506877,0
6.105055,-0.149078536,0
6.10566,-0.144852928,0
6.106265,-0.141856845,0
6.10687,-0.142583272,0
6.107475,-0.146584984,0
6.10808,-0.151142318,0
6.108685,-0.153884096,0
6.10929,-0.154214624,0
6.109895,-0.152842971,0
6.1105,-0.151005711,0
6.111105,-0.150046097,0
6.11171,-0.150678026,0
6.112315,-0.151969396,0
6.11292,-0.151452442,0
6.113525,-0.147154977,0
6.11413,-0.139964625,0
6.114735,-0.133727444,0
6.11534,-0.132336731,0
6.115945,-0.136248439,0
6.11655,-0.142062615,0
6.117155,-0.145670745,0
6.11776,-0.145485346,0
6.118365,-0.14281731,0
6.11897,-0.139995778,0
6.119575,-0.138513835,0
6.12018,-0.138441443,0
6.120785,-0.138693957,0
6.12139,-0.137580244,0
6.121995,-0.133805966,0
6.1226,-0.127710099,0
6.123205,-0.121631182,0
6.12381,-0.118538742,0
6.124415,-0.119529706,0
6.12502,-0.122617812,0
6.125625,-0.124554655,0
6.12623,-0.123742638,0
6.126835,-0.120978477,0
6.12744,-0.117880917,0
6.128045,-0.115435415,0
6.12865,-0.113920573,0
6.129255,-0.11311186,0
6.12986,-0.111830252,0
6.130465,-0.10806407,0
6.13107,-0.100903015,0
6.131675,-0.092599964,0
6.13228,-0.087529528,0
6.132885,-0.088064982,0
6.13349,-0.092044525,0
6.134095,-0.095116848,0
6.1347,-0.094911326,0
6.135305,-0.092238085,0
6.13591,-0.089057472,0
6.136515,-0.086383525,0
6.13712,-0.084149211,0
6.137725,-0.082079903,0
6.13833,-0.079790497,0
6.138935,-0.076376802,0
6.13954,-0.071006935,0
6.140145,-0.064378631,0
6.14075,-0.058972787,0
6.141355,-0.056935046,0
6.14196,-0.057743148,0
6.142565,-0.058717682,0
6.14317,-0.05773773,0
6.143775,-0.054794411,0
6.14438,-0.051120916,0
6.144985,-0.047684162,0
6.14559,-0.04477802,0
6.146195,-0.042383132,0
6.1468,-0.040126162,0
6.147405,-0.036949069,0
6.14801,-0.031649161,0
6.148615,-0.024467605,0
6.14922,-0.017881767,0
6.149825,-0.014750971,0
6.15043,-0.015340296,0
6.151035,-0.016956944,0
6.15164,-0.016749982,0
6.152245,-0.014164071,0
6.15285,-0.010529489,0
6.153455,-0.007106621,0
6.15406,-0.004147673,0
6.154665,-0.001433152,0
6.15527,0.00117325,0
6.155875,0.003934648,0
6.15648,0.007417285,0
6.157085,0.011873012,0
6.15769,0.016503423,0
6.158295,0.019909519,0
6.1589,0.021554685,0
6.159505,0.022390963,0
6.16011,0.023763084,0
6.160715,0.026064109,0
6.16132,0.028755111,0
6.161925,0.031344187,0
6.16253,0.033864038,0
6.163135,0.036442821,0
6.16374,0.038915765,0
6.164345,0.041193941,0
6.16495,0.043749847,0
6.165555,0.047183248,0
6.16616,0.051184365,0
6.166765,0.05443701,0
6.16737,0.055955925,0
6.167975,0.05620689,0
6.16858,0.056502266,0
6.169185,0.057584669,0
6.16979,0.059225345,0
6.170395,0.060954649,0
6.171,0.06267016,0
6.171605,0.064489234,0
6.17221,0.066371296,0
6.172815,0.068151821,0
6.17342,0.069851012,0
6.174025,0.071675898,0
6.17463,0.073622409,0
6.175235,0.075255362,0
6.17584,0.07611343,0
6.176445,0.076302113,0
6.17705,0.07645391,0
6.177655,0.077090849,0
6.17826,0.078228694,0
6.178865,0.079596519,0
6.17947,0.081001121,0
6.180075,0.082350265,0
6.18068,0.083505284,0
6.181285,0.084427945,0
6.18189,0.085455452,0
6.182495,0.087036677,0
6.1831,0.089013346,0
6.183705,0.090480731,0
6.18431,0.090725515,0
6.184915,0.090167936,0
6.18552,0.089953179,0
6.186125,0.090647913,0
6.18673,0.09177248,0
6.187335,0.092626955,0
6.18794,0.093142256,0
6.188545,0.093717882,0
6.18915,0.094484471,0
6.189755,0.095146409,0
6.19036,0.095612122,0
6.190965,0.096299769,0
6.19157,0.097424525,0
6.192175,0.098295214,0
6.19278,0.097953351,0
6.193385,0.096532057,0
6.19399,0.095347014,0
6.194595,0.095432302,0
6.1952,0.096492399,0
6.195805,0.09746341,0
6.19641,0.097693257,0
6.197015,0.097455758,0
6.19762,0.097560657,0
6.198225,0.098514116,0
6.19883,0.0999739,0
6.199435,0.101077287,0
6.20004,0.101332179,0
6.200645,0.101023275,0
6.20125,0.100649558,0
6.201855,0.100211819,0
6.20246,0.099371035,0
6.203065,0.098246772,0
6.20367,0.097642025,0
6.204275,0.098117864,0
6.20488,0.098987971,0
6.205485,0.09886283,0
6.20609,0.097465241,0
6.206695,0.096270854,0
6.2073,0.096771103,0
6.207905,0.098528032,0
6.20851,0.09956153,0
6.209115,0.098452247,0
6.20972,0.095612295,0
6.210325,0.092658177,0
6.21093,0.090937058,0
6.211535,0.090558643,0
6.21214,0.090526048,0
6.212745,0.089843905,0
6.21335,0.088614209,0
6.213955,0.087794927,0
6.21456,0.087785493,0
6.215165,0.087815199,0
6.21577,0.087130932,0
6.216375,0.08616222,0
6.21698,0.085787703,0
6.217585,0.085864954,0
6.21819,0.085280766,0
6.218795,0.083383614,0
6.2194,0.080818932,0
6.220005,0.078804496,0
6.22061,0.07784429,0
6.221215,0.077374694,0
6.22182,0.076585656,0
6.222425,0.075366694,0
6.22303,0.07433132,0
6.223635,0.073927047,0
6.22424,0.073783993,0
6.224845,0.07323336,0
6.22545,0.072197884,0
6.226055,0.071079696,0
6.22666,0.06994245,0
6.227265,0.068328847,0
6.22787,0.065903567,0
6.228475,0.062990602,0
6.22908,0.060466427,0
6.229685,0.05913317,0
6.23029,0.058966481,0
6.230895,0.058996314,0
6.2315,0.058237804,0
6.232105,0.056728051,0
6.23271,0.055387875,0
6.233315,0.054900144,0
6.23392,0.054977083,0
6.234525,0.054745913,0
6.23513,0.053585446,0
6.235735,0.051535153,0
6.23634,0.04919755,0
6.236945,0.047281244,0
6.23755,0.045963979,0
6.238155,0.044761036,0
6.23876,0.043209218,0
6.239365,0.041479671,0
6.23997,0.040074352,0
6.240575,0.039076726,0
6.24118,0.038046884,0
6.241785,0.036692105,0
6.24239,0.035273291,0
6.242995,0.03411174,0
6.2436,0.032929544,0
6.244205,0.031015689,0
6.24481,0.028070367,0
6.245415,0.024659308,0
6.24602,0.02171478,0
6.246625,0.019706148,0
6.24723,0.018369331,0
6.247835,0.017122702,0
6.24844,0.015606588,0
6.249045,0.013815269,0
6.24965,0.01188877,0
6.250255,0.009979124,0
6.25086,0.008272514,0
6.251465,0.006908999,0
6.25207,0.0057243,0
6.252675,0.004170444,0
6.25328,0.001774244,0
6.253885,-0.001276991,0
6.25449,-0.004252983,0
6.255095,-0.006624296,0
6.2557,-0.008494429,0
6.256305,-0.010294169,0
6.25691,-0.012252052,0
6.257515,-0.014287233,0
6.25812,-0.016322215,0
6.258725,-0.018449276,0
6.25933,-0.020686906,0
6.259935,-0.022784469,0
6.26054,-0.024516601,0
6.261145,-0.026121987,0
6.26175,-0.028180621,0
6.262355,-0.03096536,0
6.26296,-0.034103572,0
6.263565,-0.036932844,0
6.26417,-0.039015353,0
6.264775,-0.040384831,0
6.26538,-0.041582615,0
6.265985,-0.043344342,0
6.26659,-0.045895111,0
6.267195,-0.048594725,0
6.2678,-0.050510308,0
6.268405,-0.051275041,0
6.26901,-0.051371439,0
6.269615,-0.051851584,0
6.27022,-0.053733771,0
6.270825,-0.057191177,0
6.27143,-0.061186183,0
6.272035,-0.064256533,0
6.27264,-0.06596066,0
6.273245,-0.067393528,0
6.27385,-0.069807675,0
6.274455,-0.07286707,0
6.27506,-0.075150679,0
6.275665,-0.076338185,0
6.27627,-0.077669361,0
6.276875,-0.079956043,0
6.27748,-0.082283754,0
6.278085,-0.083407756,0
6.27869,-0.083779723,0
6.279295,-0.085206166,0
6.2799,-0.088575407,0
6.280505,-0.092741999,0
6.28111,-0.095879581,0
6.281715,-0.097453505,0
6.28232,-0.098504599,0
6.282925,-0.100199112,0
6.28353,-0.102606657,0
6.284135,-0.104942324,0
6.28474,-0.106481667,0
6.285345,-0.106937838,0
6.28595,-0.10632009,0
6.286555,-0.105154817,0
6.28716,-0.104902184,0
6.287765,-0.107157752,0
6.28837,-0.11189403,0
6.288975,-0.117146792,0
6.28958,-0.120857702,0
6.290185,-0.122605208,0
6.29079,-0.123387058,0
6.291395,-0.124338632,0
6.292,-0.126066777,0
6.292605,-0.128577473,0
6.29321,-0.131108263,0
6.293815,-0.132366408,0
6.29442,-0.131606181,0
6.295025,-0.129623845,0
6.29563,-0.128563948,0
6.296235,-0.130342874,0
6.29684,-0.134825476,0
6.297445,-0.13973388,0
6.29805,-0.142694345,0
6.298655,-0.143265655,0
6.29926,-0.142904533,0
6.299865,-0.143286926,0
6.30047,-0.14495259,0
6.301075,-0.147315015,0
6.30168,-0.149257696,0
6.302285,-0.149464589,0
6.30289,-0.146957328,0
6.303495,-0.14231064,0
6.3041,-0.138332004,0
6.304705,-0.138382485,0
6.30531,-0.143139551,0
6.305915,-0.149544217,0
6.30652,-0.153650261,0
6.307125,-0.154183342,0
6.30773,-0.152976708,0
6.308335,-0.152399731,0
6.30894,-0.153026352,0
6.309545,-0.153927747,0
6.31015,-0.154333381,0
6.310755,-0.153897824,0
6.31136,-0.151810642,0
6.311965,-0.147395633,0
6.31257,-0.142133632,0
6.313175,-0.139484058,0
6.31378,-0.141348739,0
6.314385,-0.145661917,0
6.31499,-0.148648223,0
6.315595,-0.148641123,0
6.3162,-0.14676087,0
6.316805,-0.144667349,0
6.31741,-0.142912535,0
6.318015,-0.141494874,0
6.31862,-0.140638443,0
6.319225,-0.139876237,0
6.31983,-0.137166124,0
6.320435,-0.130763483,0
6.32104,-0.122409962,0
6.321645,-0.117047092,0
6.32225,-0.117976889,0
6.322855,-0.123216551,0
6.32346,-0.127826721,0
6.324065,-0.128848798,0
6.32467,-0.12691882,0
6.325275,-0.124130838,0
6.32588,-0.121783592,0
6.326485,-0.120152592,0
6.32709,-0.119186546,0
6.327695,-0.118365228,0
6.3283,-0.116217459,0
6.328905,-0.111283248,0
6.32951,-0.104253829,0
6.330115,-0.098440448,0
6.33072,-0.096957077,0
6.331325,-0.099457138,0
6.33193,-0.102434162,0
6.332535,-0.102673751,0
6.33314,-0.09982797,0
6.333745,-0.095777656,0
6.33435,-0.092362211,0
6.334955,-0.09020353,0
6.33556,-0.088965612,0
6.336165,-0.087610985,0
6.33677,-0.084453887,0
6.337375,-0.078158436,0
6.33798,-0.069633247,0
6.338585,-0.062461841,0
6.33919,-0.060072778,0
6.339795,-0.062210705,0
6.3404,-0.065145758,0
6.341005,-0.065471467,0
6.34161,-0.06288432,0
6.342215,-0.059265725,0
6.34282,-0.05610802,0
6.343425,-0.053513164,0
6.34403,-0.051108456,0
6.344635,-0.048771507,0
6.34524,-0.046120897,0
6.345845,-0.042163136,0
6.34645,-0.036426313,0
6.347055,-0.030305106,0
6.34766,-0.026274901,0
6.348265,-0.025359814,0
6.34887,-0.025950156,0
6.349475,-0.02549015,0
6.35008,-0.022909871,0
6.350685,-0.019068877,0
6.35129,-0.015285792,0
6.351895,-0.012085739,0
6.3525,-0.009294341,0
6.353105,-0.006626658,0
6.35371,-0.003681927,0
6.354315,0.000302911,0
6.35492,0.005820813,0
6.355525,0.011914287,0
6.35613,0.016385411,0
6.356735,0.017901223,0
6.35734,0.01752111,0
6.357945,0.017545038,0
6.35855,0.019213176,0
6.359155,0.022059071,0
6.35976,0.025079217,0
6.360365,0.027827531,0
6.36097,0.030378388,0
6.361575,0.032769323,0
6.36218,0.034945788,0
6.362785,0.037161865,0
6.36339,0.039916618,0
6.363995,0.04326562,0
6.3646,0.046468942,0
6.365205,0.048623328,0
6.36581,0.049608565,0
6.366415,0.050193374,0
6.36702,0.051252584,0
6.367625,0.053091613,0
6.36823,0.055435273,0
6.368835,0.057793662,0
6.36944,0.059785548,0
6.370045,0.061301102,0
6.37065,0.062596236,0
6.371255,0.064237599,0
6.37186,0.066685735,0
6.372465,0.069723584,0
6.37307,0.072375916,0
6.373675,0.073681387,0
6.37428,0.073661397,0
6.374885,0.07329771,0
6.37549,0.073504918,0
6.376095,0.074402379,0
6.3767,0.075572946,0
6.377305,0.07668189,0
6.37791,0.07769978,0
6.378515,0.07870052,0
6.37912,0.079693336,0
6.379725,0.080697829,0
6.38033,0.081821277,0
6.380935,0.083133398,0
6.38154,0.0844358,0
6.382145,0.085268761,0
6.38275,0.085350127,0
6.383355,0.084985655,0
6.38396,0.084887411,0
6.384565,0.085607254,0
6.38517,0.087164863,0
6.385775,0.089097428,0
6.38638,0.09079878,0
6.386985,0.091895849,0
6.38759,0.09247387,0
6.388195,0.093037604,0
6.3888,0.094131698,0
6.389405,0.095787899,0
6.39001,0.097327898,0
6.390615,0.097942803,0
6.39122,0.097578305,0
6.391825,0.096998808,0
6.39243,0.096884227,0
6.393035,0.09722057,0
6.39364,0.097684057,0
6.394245,0.098184473,0
6.39485,0.098797964,0
6.395455,0.099427923,0
6.39606,0.09977825,0
6.396665,0.099721095,0
6.39727,0.099650495,0
6.397875,0.100169938,0
6.39848,0.10114784,0
6.399085,0.1014362,0
6.39969,0.10010832,0
6.400295,0.097824535,0
6.4009,0.096338338,0
6.401505,0.096569064,0
6.40211,0.097692632,0
6.402715,0.098372311,0
6.40332,0.098381753,0
6.403925,0.098450408,0
6.40453,0.098805422,0
6.405135,0.098773282,0
6.40574,0.098042354,0
6.406345,0.097445648,0
6.40695,0.097836006,0
6.407555,0.09870215,0
6.40816,0.098631794,0
6.408765,0.096988861,0
6.40937,0.094582267,0
6.409975,0.09272081,0
6.41058,0.092084353,0
6.411185,0.092477036,0
6.41179,0.093108295,0
6.412395,0.093060899,0
6.413,0.092025145,0
6.413605,0.090673321,0
6.41421,0.08993293,0
6.414815,0.089881425,0
6.41542,0.089668963,0
6.416025,0.088470477,0
6.41663,0.086216014,0
6.417235,0.083497014,0
6.41784,0.081059222,0
6.418445,0.079338275,0
6.41905,0.078323508,0
6.419655,0.077788886,0
6.42026,0.077492247,0
6.420865,0.07713104,0
6.42147,0.076378422,0
6.422075,0.075215713,0
6.42268,0.074153475,0
6.423285,0.073733306,0
6.42389,0.073683435,0
6.424495,0.073007113,0
6.4251,0.07113822,0
6.425705,0.068663993,0
6.42631,0.066689835,0
6.426915,0.065674168,0
6.42752,0.065066383,0
6.428125,0.064069499,0
6.42873,0.062596398,0
6.429335,0.061277406,0
6.42994,0.060527185,0
6.430545,0.059973334,0
6.43115,0.05909339,0
6.431755,0.058044146,0
6.43236,0.057321241,0
6.432965,0.05674525,0
6.43357,0.055396753,0
6.434175,0.052777307,0
6.43478,0.04960367,0
6.435385,0.047094429,0
6.43599,0.045772607,0
6.436595,0.045235816,0
6.4372,0.044759318,0
6.437805,0.043858177,0
6.43841,0.042482131,0
6.439015,0.040932662,0
6.43962,0.039618634,0
6.440225,0.038734406,0
6.44083,0.038055258,0
6.441435,0.037082742,0
6.44204,0.035433686,0
6.442645,0.033121726,0
6.44325,0.030526099,0
6.443855,0.02808465,0
6.44446,0.025982925,0
6.445065,0.024127225,0
6.44567,0.02236712,0
6.446275,0.020671516,0
6.44688,0.019064804,0
6.447485,0.017495642,0
6.44809,0.01591082,0
6.448695,0.014393313,0
6.4493,0.013039796,0
6.449905,0.011668852,0
6.45051,0.009804015,0
6.451115,0.007138408,0
6.45172,0.003994155,0
6.452325,0.001095287,0
6.45293,-0.001132596,0
6.453535,-0.002862242,0
6.45414,-0.004509797,0
6.454745,-0.006273262,0
6.45535,-0.008078561,0
6.455955,-0.00986297,0
6.45656,-0.011706899,0
6.457165,-0.013624936,0
6.45777,-0.01543011,0
6.458375,-0.016996764,0
6.45898,-0.018573907,0
6.459585,-0.020604526,0
6.46019,-0.023178834,0
6.460795,-0.025865414,0
6.4614,-0.028202977,0
6.462005,-0.030198865,0
6.46261,-0.032194382,0
6.463215,-0.034362038,0
6.46382,-0.036546221,0
6.464425,-0.0385707,0
6.46503,-0.040455304,0
6.465635,-0.042272086,0
6.46624,-0.044034704,0
6.466845,-0.045817704,0
6.46745,-0.047770495,0
6.468055,-0.049943263,0
6.46866,-0.052254851,0
6.469265,-0.054648511,0
6.46987,-0.057150463,0
6.470475,-0.059756419,0
6.47108,-0.062337117,0
6.471685,-0.06469468,0
6.47229,-0.066708278,0
6.472895,-0.068458332,0
6.4735,-0.070283241,0
6.474105,-0.072537201,0
6.47471,-0.074895664,0
6.475315,-0.076181282,0
6.47592,-0.075806208,0
6.476525,-0.07528824,0
6.47713,-0.077098986,0
6.477735,-0.081743454,0
6.47834,-0.087003407,0
6.478945,-0.090414512,0
6.47955,-0.091721168,0
6.480155,-0.092536727,0
6.48076,-0.094226089,0
6.481365,-0.096745885,0
6.48197,-0.099355418,0
6.482575,-0.101663277,0
6.48318,-0.103506382,0
6.483785,-0.104385144,0
6.48439,-0.104005247,0
6.484995,-0.103373239,0
6.4856,-0.104447009,0
6.486205,-0.108228034,0
6.48681,-0.113511586,0
6.487415,-0.117859928,0
6.48802,-0.119795132,0
6.488625,-0.119955507,0
6.48923,-0.120202983,0
6.489835,-0.121825007,0
6.49044,-0.124654344,0
6.491045,-0.127485486,0
6.49165,-0.128840016,0
6.492255,-0.127754814,0
6.49286,-0.124815775,0
6.493465,-0.122448709,0
6.49407,-0.12326458,0
6.494675,-0.127696342,0
6.49528,-0.133602565,0
6.495885,-0.138289441,0
6.49649,-0.140658395,0
6.497095,-0.141470275,0
6.4977,-0.141986111,0
6.498305,-0.142753948,0
6.49891,-0.143771252,0
6.499515,-0.145144612,0
6.50012,-0.146637799,0
6.500725,-0.146915951,0
6.50133,-0.144735699,0
6.501935,-0.141270027,0
6.50254,-0.139915515,0
6.503145,-0.142817295,0
6.50375,-0.148290375,0
6.504355,-0.152620511,0
6.50496,-0.1539056,0
6.505565,-0.153193935,0
6.50617,-0.152379947,0
6.506775,-0.15229375,0
6.50738,-0.152921977,0
6.507985,-0.15413959,0
6.50859,-0.155127942,0
6.509195,-0.153758556,0
6.5098,-0.148410504,0
6.510405,-0.141005952,0
6.51101,-0.136654167,0
6.511615,-0.138760122,0
6.51222,-0.145176908,0
6.512825,-0.150517869,0
6.51343,-0.151646166,0
6.514035,-0.149651982,0
6.51464,-0.147252086,0
6.515245,-0.145968384,0
6.51585,-0.145829353,0
6.516455,-0.146255549,0
6.51706,-0.146157948,0
6.517665,-0.143817721,0
6.51827,-0.138232291,0
6.518875,-0.131077419,0
6.51948,-0.126236584,0
6.520085,-0.126272505,0
6.52069,-0.129694947,0
6.521295,-0.132634433,0
6.5219,-0.132786425,0
6.522505,-0.130719044,0
6.52311,-0.128040212,0
6.523715,-0.125744352,0
6.52432,-0.124182384,0
6.524925,-0.123378656,0
6.52553,-0.122635405,0
6.526135,-0.120144142,0
6.52674,-0.114180406,0
6.527345,-0.105594967,0
6.52795,-0.098472552,0
6.528555,-0.096820896,0
6.52916,-0.100373197,0
6.529765,-0.104792329,0
6.53037,-0.106178403,0
6.530975,-0.104293567,0
6.53158,-0.101353404,0
6.532185,-0.098984717,0
6.53279,-0.09713843,0
6.533395,-0.095323379,0
6.534,-0.093499471,0
6.534605,-0.091280652,0
6.53521,-0.087424308,0
6.535815,-0.081296905,0
6.53642,-0.074593775,0
6.537025,-0.070441146,0
6.53763,-0.070242974,0
6.538235,-0.072127218,0
6.53884,-0.073004826,0
6.539445,-0.071445736,0
6.54005,-0.068163714,0
6.540655,-0.064518841,0
6.54126,-0.061308428,0
6.541865,-0.058769921,0
6.54247,-0.056787833,0
6.543075,-0.054505927,0
6.54368,-0.050368573,0
6.544285,-0.04363459,0
6.54489,-0.036009842,0
6.545495,-0.030822685,0
6.5461,-0.029849316,0
6.546705,-0.031462874,0
6.54731,-0.032446127,0
6.547915,-0.031058255,0
6.54852,-0.027917033,0
6.549125,-0.024524342,0
6.54973,-0.021649604,0
6.550335,-0.019130432,0
6.55094,-0.016606713,0
6.551545,-0.013866124,0
6.55215,-0.010578214,0
6.552755,-0.006311556,0
6.55336,-0.001271413,0
6.553965,0.00325457,0
6.55457,0.005900259,0
6.555175,0.006731321,0
6.55578,0.007219909,0
6.556385,0.008720446,0
6.55699,0.011401843,0
6.557595,0.014616776,0
6.5582,0.017802934,0
6.558805,0.02077404,0
6.55941,0.023485891,0
6.560015,0.026054429,0.00E+00
6.56062,0.029035395,0
6.561225,0.033142618,0
6.56183,0.038213379,0
6.562435,0.042707901,0
6.56304,0.044957728,0
6.563645,0.045034043,0
6.56425,0.04479699,0
6.564855,0.045931068,0
6.56546,0.048422863,0
6.566065,0.051112625,0
6.56667,0.053202514,0
6.567275,0.054825366,0
6.56788,0.056427958,0
6.568485,0.058151005,0
6.56909,0.059934567,0
6.569695,0.061850089,0
6.5703,0.063975653,0
6.570905,0.066029499,0
6.57151,0.067492387,0
6.572115,0.068234581,0
6.57272,0.068761972,0
6.573325,0.069657083,0
6.57393,0.07099136,0
6.574535,0.072444798,0
6.57514,0.073780127,0
6.575745,0.074994807,0
6.57635,0.076119872,0
6.576955,0.077124349,0
6.57756,0.078139186,0
6.578165,0.079585115,0
6.57877,0.081728352,0
6.579375,0.084055196,0
6.57998,0.085482547,0
6.580585,0.085526439,0
6.58119,0.085013741,0
6.581795,0.085208868,0
6.5824,0.086397565,0
6.583005,0.08777165,0
6.58361,0.088598903,0
6.584215,0.089019193,0
6.58482,0.089604035,0
6.585425,0.090574067,0
6.58603,0.091765423,0
6.586635,0.093076918,0
6.58724,0.094478853,0
6.587845,0.095591667,0
6.58845,0.095724497,0
6.589055,0.094704825,0
6.58966,0.093489231,0
6.590265,0.09342839,0
6.59087,0.094800189,0
6.591475,0.096466785,0
6.59208,0.097203261,0
6.592685,0.097044841,0
6.59329,0.097008472,0
6.593895,0.097783963,0
6.5945,0.099143387,0
6.595105,0.100413108,0
6.59571,0.101077809,0
6.596315,0.101057947,0
6.59692,0.100707512,0
6.597525,0.100465909,0
6.59813,0.100392093,0
6.598735,0.100177401,0
6.59934,0.099709233,0
6.599945,0.099383201,0
6.60055,0.099575046,0
6.601155,0.099986533,0
6.60176,0.099970956,0
6.602365,0.099517479,0
6.60297,0.099409378,0
6.603575,0.1001031,0
6.60418,0.10082729,0
6.604785,0.100354887,0
6.60539,0.098542654,0
6.605995,0.096508583,0
6.6066,0.095251706,0
6.607205,0.094632139,0
6.60781,0.093887791,0
6.608415,0.09274235,0
6.60902,0.09166572,0
6.609625,0.091226676,0
6.61023,0.09147448,0
6.610835,0.091872068,0
6.61144,0.091770352,0
6.612045,0.091142061,0
6.61265,0.09071657,0
6.613255,0.090963342,0
6.61386,0.091110398,0
6.614465,0.089866185,0
6.61507,0.087159955,0
6.615675,0.084428123,0
6.61628,0.082990011,0
6.616885,0.082768505,0
6.61749,0.082760747,0
6.618095,0.082220975,0
6.6187,0.081149383,0
6.619305,0.079924214,0
6.61991,0.078816386,0
6.620515,0.077939324,0
6.62112,0.077403762,0
6.621725,0.077213841,0
6.62233,0.076919677,0
6.622935,0.075603231,0
6.62354,0.072711689,0
6.624145,0.069029366,0
6.62475,0.066305568,0
6.625355,0.06561913,0
6.62596,0.066348217,0
6.626565,0.066842561,0
6.62717,0.065936342,0
6.627775,0.063873581,0
6.62838,0.061990957,0
6.628985,0.061444773,0
6.62959,0.062080344,0
6.630195,0.062605174,0
6.6308,0.061869995,0
6.631405,0.059829589,0
6.63201,0.057334645,0
6.632615,0.055240414,0
6.63322,0.053796801,0
6.633825,0.052731367,0
6.63443,0.051662549,0
6.635035,0.050413631,0
6.63564,0.049094142,0
6.636245,0.047871926,0
6.63685,0.046679605,0
6.637455,0.045339383,0
6.63806,0.043935138,0
6.638665,0.042740462,0
6.63927,0.041672673,0
6.639875,0.040114793,0
6.64048,0.037595734,0
6.641085,0.034523545,0
6.64169,0.031879635,0
6.642295,0.030175643,0
6.6429,0.029002114,0
6.643505,0.027644397,0
6.64411,0.025864698,0
6.644715,0.023954116,0
6.64532,0.022249456,0
6.645925,0.02083613,0
6.64653,0.019665656,0
6.647135,0.018713141,0
6.64774,0.017833615,0
6.648345,0.016574466,0
6.64895,0.014452827,0
6.649555,0.011519624,0
6.65016,0.008446792,0
6.650765,0.005929899,0
6.65137,0.004073294,0
6.651975,0.002402617,0
6.65258,0.000403849,0
6.653185,-0.001997977,0
6.65379,-0.004420045,0
6.654395,-0.006403,0
6.655,-0.007835428,0
6.655605,-0.009056771,0
6.65621,-0.010574456,0
6.656815,-0.012701314,0
6.65742,-0.015412749,0
6.658025,-0.018406897,0
6.65863,-0.021265455,0
6.659235,-0.023701102,0
6.65984,-0.025726837,0.00E+00
6.660445,-0.02754954,0
6.66105,-0.029346343,0
6.661655,-0.03119693,0
6.66226,-0.033144529,0
6.662865,-0.035200102,0
6.66347,-0.037232937,0
6.664075,-0.03890257,0
6.66468,-0.039889618,0
6.665285,-0.040426112,0
6.66589,-0.041524011,0
6.666495,-0.044182977,0
6.6671,-0.048125572,0
6.667705,-0.051806426,0
6.66831,-0.054039386,0
6.668915,-0.055202612,0
6.66952,-0.056544798,0
6.670125,-0.058746641,0
6.67073,-0.061542852,0
6.671335,-0.064402752,0
6.67194,-0.066966255,0
6.672545,-0.068855586,0
6.67315,-0.069839672,0
6.673755,-0.070520364,0
6.67436,-0.072117722,0
6.674965,-0.075060059,0
6.67557,-0.078429359,0
6.676175,-0.081279045,0
6.67678,-0.083798076,0
6.677385,-0.086588975,0
6.67799,-0.089415373,0
6.678595,-0.091468017,0
6.6792,-0.092692195,0
6.679805,-0.094094853,0
6.68041,-0.096407457,0
6.681015,-0.098825705,0
6.68162,-0.099695544,0
6.682225,-0.098636603,0
6.68283,-0.097500305,0
6.683435,-0.098669218,0
6.68404,-0.102540706,0
6.684645,-0.107257747,0
6.68525,-0.110909621,0
6.685855,-0.113268924,0
6.68646,-0.115142056,0
6.687065,-0.116903496,0
6.68767,-0.118428809,0
6.688275,-0.119949398,0
6.68888,-0.121901274,0
6.689485,-0.123812685,0
6.69009,-0.124336259,0
6.690695,-0.123022317,0
6.6913,-0.12149636,0
6.691905,-0.12212601,0
6.69251,-0.125575335,0
6.693115,-0.130171955,0
6.69372,-0.133770426,0
6.694325,-0.135724327,0
6.69493,-0.136790389,0
6.695535,-0.137773722,0
6.69614,-0.138938452,0
6.696745,-0.140358011,0
6.69735,-0.141927489,0
6.697955,-0.142859714,0
6.69856,-0.141918117,0
6.699165,-0.138803954,0
6.69977,-0.135244816,0
6.700375,-0.134158272,0
6.70098,-0.137208275,0
6.701585,-0.14316117,0
6.70219,-0.148893145,0
6.702795,-0.151962507,0
6.7034,-0.152233373,0
6.704005,-0.151392734,0
6.70461,-0.151177878,0
6.705215,-0.152134028,0
6.70582,-0.153747232,0
6.706425,-0.154973685,0
6.70703,-0.154448979,0
6.707635,-0.151172199,0
6.70824,-0.145961722,0
6.708845,-0.141882058,0
6.70945,-0.141946749,0
6.710055,-0.145997848,0
6.71066,-0.150674397,0
6.711265,-0.152736325,0
6.71187,-0.151770535,0
6.712475,-0.149564695,0
6.71308,-0.147787322,0
6.713685,-0.146994508,0
6.71429,-0.147142641,0
6.714895,-0.147565632,0
6.7155,-0.146326972,0
6.716105,-0.141241856,0
6.71671,-0.132873782,0
6.717315,-0.125728339,0
6.71792,-0.124592066,0
6.718525,-0.129461251,0
6.71913,-0.135455142,0
6.719735,-0.137899536,0
6.72034,-0.136305193,0
6.720945,-0.133250146,0
6.72155,-0.130866186,0
6.722155,-0.129494445,0
6.72276,-0.128775749,0
6.723365,-0.128246996,0
6.72397,-0.126774703,0
6.724575,-0.122854379,0
6.72518,-0.116415226,0
6.725785,-0.109972499,0
6.72639,-0.106951048,0
6.726995,-0.108361256,0
6.7276,-0.111652937,0
6.728205,-0.113244581,0
6.72881,-0.111737741,0
6.729415,-0.108400102,0
6.73002,-0.105183517,0
6.730625,-0.102997465,0
6.73123,-0.101625927,0
6.731835,-0.100331037,0
6.73244,-0.098000951,0
6.733045,-0.093323794,0
6.73365,-0.08605324,0
6.734255,-0.078379055,0
6.73486,-0.073851578,0
6.735465,-0.074053272,0
6.73607,-0.076885577,0
6.736675,-0.078740082,0
6.73728,-0.077853293,0
6.737885,-0.07504887,0
6.73849,-0.071895233,0
6.739095,-0.06913096,0
6.7397,-0.066775481,0
6.740305,-0.064752525,0
6.74091,-0.062706667,0
6.741515,-0.05957254,0
6.74212,-0.054337605,0
6.742725,-0.047686353,0
6.74333,-0.042209808,0
6.743935,-0.04011656,0
6.74454,-0.040856886,0
6.745145,-0.041683489,0
6.74575,-0.040445724,0
6.746355,-0.037202381,0
6.74696,-0.033325241,0
6.747565,-0.029891487,0
6.74817,-0.027148834,0
6.748775,-0.024886915,0
6.74938,-0.022596908,0
6.749985,-0.019283288,0
6.75059,-0.01397322,0
6.751195,-0.007086344,0
6.7518,-0.00092179,0
6.752405,0.002122245,0
6.75301,0.002008627,0
6.753615,0.001126022,0
6.75422,0.001779675,0
6.754825,0.004256412,0
6.75543,0.007412172,0
6.756035,0.010361267,0
6.75664,0.013111447,0
6.757245,0.015909213,0
6.75785,0.018680141,0
6.758455,0.021356718,0
6.75906,0.024276859,0
6.759665,0.027781444,0
6.76027,0.031512303,0
6.760875,0.034530243,0
6.76148,0.036298012,0
6.762085,0.037253549,0
6.76269,0.03828326,0
6.763295,0.039969945,0
6.7639,0.042411586,0
6.764505,0.045347688,0
6.76511,0.048248788,0
6.765715,0.050528275,0
6.76632,0.052038357,0
6.766925,0.053426222,0
6.76753,0.055696707,0
6.768135,0.059171756,0
6.76874,0.062922965,0
6.769345,0.065466724,0
6.76995,0.066202951,0
6.770555,0.066010476,0
6.77116,0.066252346,0
6.771765,0.067453883,0
6.77237,0.069150293,0
6.772975,0.070722336,0
6.77358,0.07203744,0
6.774185,0.073316216,0
6.77479,0.074682278,0
6.775395,0.076043902,0
6.776,0.077301289,0
6.776605,0.078467907,0
6.77721,0.079548151,0
6.777815,0.08041072,0
6.77842,0.080922029,0
6.779025,0.081180726,0
6.77963,0.081515736,0
6.780235,0.082277164,0
6.78084,0.083617187,0
6.781445,0.085338252,0
6.78205,0.086944679,0
6.782655,0.087983848,0
6.78326,0.088445845,0
6.783865,0.088844343,0
6.78447,0.089827406,0
6.785075,0.091588857,0
6.78568,0.093596019,0
6.786285,0.094948839,0
6.78689,0.095152439,0
6.787495,0.094588864,0
6.7881,0.094124089,0
6.788705,0.094251537,0
6.78931,0.094797555,0
6.789915,0.095447278,0
6.79052,0.096202621,0
6.791125,0.097111925,0
6.79173,0.09788311,0
6.792335,0.098209072,0
6.79294,0.098347546,0
6.793545,0.098907682,0
6.79415,0.099985999,0
6.794755,0.100806011,0
6.79536,0.10040663,0
6.795965,0.098744415,0
6.79657,0.097034204,0
6.797175,0.096705249,0
6.79778,0.097899922,0
6.798385,0.099306247,0
6.79899,0.099668983,0
6.799595,0.099159712,0
6.8002,0.098932765,0
6.800805,0.099588294,0
6.80141,0.10062289,0
6.802015,0.101367917,0
6.80262,0.101767739,0
6.803225,0.101871458,0
6.80383,0.101193261,0
6.804435,0.099358817,0
6.80504,0.097130126,0
6.805645,0.095933036,0
6.80625,0.096269662,0
6.806855,0.097171135,0
6.80746,0.097341136,0
6.808065,0.096441499,0
6.80867,0.095113486,0
6.809275,0.0941279,0
6.80988,0.093857744,0
6.810485,0.094218054,0
6.81109,0.094569799,0
6.811695,0.093937049,0
6.8123,0.091902216,0
6.812905,0.089173709,0
6.81351,0.086859343,0
6.814115,0.085352294,0
6.81472,0.084306492,0
6.815325,0.083415815,0
6.81593,0.082685874,0
6.816535,0.082099058,0
6.81714,0.081475166,0
6.817745,0.080709814,0
6.81835,0.079980579,0
6.818955,0.079560141,0
6.81956,0.079337716,0
6.820165,0.078676516,0
6.82077,0.076982469,0
6.821375,0.074469619,0
6.82198,0.072144238,0
6.822585,0.07076632,0
6.82319,0.070031453,0
6.823795,0.06914054,0
6.8244,0.067895218,0
6.825005,0.066782529,0
6.82561,0.06616983,0
6.826215,0.065823285,0
6.82682,0.06525609,0
6.827425,0.064352642,0
6.82803,0.063467891,0
6.828635,0.062814233,0
6.82924,0.061900969,0
6.829845,0.059991525,0
6.83045,0.057200646,0
6.831055,0.054653447,0
6.83166,0.053296089,0
6.832265,0.052885291,0
6.83287,0.052424123,0
6.833475,0.051370226,0
6.83408,0.050056276,0
6.834685,0.049027969,0
6.83529,0.048422252,0
6.835895,0.048014653,0
6.8365,0.047481475,0
6.837105,0.046523331,0
6.83771,0.044970188,0
6.838315,0.042925163,0
6.83892,0.040736365,0
6.839525,0.038676953,0
6.84013,0.036726691,0
6.840735,0.034817128,0
6.84134,0.033110625,0
6.841945,0.031794135,0
6.84255,0.030705448,0
6.843155,0.029390865,0
6.84376,0.027563941,0
6.844365,0.025426841,0
6.84497,0.02349608,0
6.845575,0.022060622,0
6.84618,0.020777289,0
6.846785,0.018923871,0
6.84739,0.016168246,0
6.847995,0.012980221,0
6.8486,0.010181121,0
6.849205,0.008180725,0
6.84981,0.006736685,0
6.850415,0.005346843,0
6.85102,0.003695778,0
6.851625,0.001744192,0
6.85223,-0.000376887,0
6.852835,-0.002421424,0
6.85344,-0.004090483,0
6.854045,-0.005255657,0
6.85465,-0.006250937,0
6.855255,-0.007803129,0
6.85586,-0.010384747,0
6.856465,-0.013638934,0
6.85707,-0.016700609,0
6.857675,-0.019069358,0
6.85828,-0.020931911,0
6.858885,-0.022713027,0
6.85949,-0.024616931,0
6.860095,-0.026626255,0
6.8607,-0.028705589,0
6.861305,-0.030835844,0
6.86191,-0.032886863,0
6.862515,-0.034658141,0
6.86312,-0.036173402,0
6.863725,-0.037802793,0
6.86433,-0.039946404,0
6.864935,-0.042685675,0
6.86554,-0.045788539,0
6.866145,-0.048831382,0
6.86675,-0.05128626,0
6.867355,-0.052865441,0
6.86796,-0.053918199,0
6.868565,-0.055228472,0
6.86917,-0.057341932,0
6.869775,-0.060121234,0
6.87038,-0.062786487,0
6.870985,-0.064376741,0
6.87159,-0.0645567,0
6.872195,-0.064330807,0
6.8728,-0.065644335,0
6.873405,-0.069456057,0
6.87401,-0.074264802,0
6.874615,-0.077563632,0
6.87522,-0.0787894,0
6.875825,-0.079785683,0
6.87643,-0.0822436,0
6.877035,-0.085704688,0
6.87764,-0.088545939,0
6.878245,-0.090169544,0
6.87885,-0.091346191,0
6.879455,-0.09267656,0
6.88006,-0.093770812,0
6.880665,-0.09436594,0
6.88127,-0.095477948,0
6.881875,-0.09843126,0
6.88248,-0.102914059,0
6.883085,-0.10698624,0
6.88369,-0.109144245,0
6.884295,-0.109804519,0
6.8849,-0.110658507,0
6.885505,-0.112830132,0
6.88611,-0.11588932,0
6.886715,-0.118616872,0
6.88732,-0.120160728,0
6.887925,-0.120176868,0
6.88853,-0.118655451,0
6.889135,-0.116527297,0
6.88974,-0.115984343,0
6.890345,-0.118838145,0
6.89095,-0.124375083,0
6.891555,-0.129823172,0
6.89216,-0.133010403,0
6.892765,-0.133975403,0
6.89337,-0.134284139,0
6.893975,-0.135351344,0
6.89458,-0.137421696,0
6.895185,-0.139862996,0
6.89579,-0.14184589,0
6.896395,-0.142399337,0
6.897,-0.140650327,0
6.897605,-0.137214814,0
6.89821,-0.134977324,0
6.898815,-0.136812253,0
6.89942,-0.14221691,0
6.900025,-0.147584586,0
6.90063,-0.150082309,0
6.901235,-0.150083909,0
6.90184,-0.149630348,0
6.902445,-0.149770108,0
6.90305,-0.150257399,0
6.903655,-0.150975453,0
6.90426,-0.151967936,0
6.904865,-0.152029302,0
6.90547,-0.149103131,0
6.906075,-0.143216572,0
6.90668,-0.138040348,0
6.907285,-0.137848336,0
6.90789,-0.142832928,0
6.908495,-0.148836445,0
6.9091,-0.151935396,0
6.909705,-0.15189294,0
6.91031,-0.150822897,0
6.910915,-0.150069205,0
6.91152,-0.14952116,0
6.912125,-0.149011953,0
6.91273,-0.148683216,0
6.913335,-0.147904839,0
6.91394,-0.14524384,0
6.914545,-0.140321526,0
6.91515,-0.135177928,0
6.915755,-0.132799771,0
6.91636,-0.134080195,0
6.916965,-0.136960343,0
6.91757,-0.138759872,0
6.918175,-0.138554249,0
6.91878,-0.137042846,0
6.919385,-0.135057729,0
6.91999,-0.133048965,0
6.920595,-0.131503024,0
6.9212,-0.130601112,0
6.921805,-0.129265728,0
6.92241,-0.125524264,0
6.923015,-0.11863594,0
6.92362,-0.110906528,0
6.924225,-0.106539499,0
6.92483,-0.107737087,0
6.925435,-0.112329612,0
6.92604,-0.116045557,0
6.926645,-0.116555633,0
6.92725,-0.114578021,0
6.927855,-0.111852835,0
6.92846,-0.109344305,0
6.929065,-0.107356002,0
6.92967,-0.106078284,0
6.930275,-0.105103943,0
6.93088,-0.102885731,0
6.931485,-0.097912372,0
6.93209,-0.090965734,0
6.932695,-0.085357594,0
6.9333,-0.083912673,0
6.933905,-0.085983394,0
6.93451,-0.088170855,0
6.935115,-0.087751056,0
6.93572,-0.084736236,0
6.936325,-0.080842969,0
6.93693,-0.077482542,0
6.937535,-0.075092433,0
6.93814,-0.073490358,0
6.938745,-0.071895236,0
6.93935,-0.068771044,0
6.939955,-0.062773257,0
6.94056,-0.054666979,0
6.941165,-0.047740226,0
6.94177,-0.045103436,0
6.942375,-0.046497952,0
6.94298,-0.048601202,0
6.943585,-0.048439316,0
6.94419,-0.045720017,0
6.944795,-0.041984293,0
6.9454,-0.038546937,0
6.946005,-0.0356912,0
6.94661,-0.033210984,0
6.947215,-0.03086419,0
6.94782,-0.028110428,0
6.948425,-0.024104857,0
6.94903,-0.018703095,0
6.949635,-0.013305876,0
6.95024,-0.009916733,0
6.950845,-0.009076109,0
6.95145,-0.009213214,0
6.952055,-0.008310026,0
6.95266,-0.00575859,0
6.953265,-0.002356827,0
6.95387,0.000958543,0
6.954475,0.003867005,0
6.95508,0.006427381,0
6.955685,0.008779308,0
6.95629,0.011392876,0
6.956895,0.015149951,0
6.9575,0.020465779,0
6.958105,0.026244094,0
6.95871,0.03036416,0
6.959315,0.031736785,0.00E+00
6.95992,0.031535043,0
6.960525,0.031923074,0
6.96113,0.033918063,0
6.961735,0.036866977,0
6.96234,0.039617656,0
6.962945,0.041746267,0
6.96355,0.04366598,0
6.964155,0.045855273,0
6.96476,0.04833415,0
6.965365,0.050889947,0
6.96597,0.053428134,0
6.966575,0.055864082,0
6.96718,0.057884546,0
6.967785,0.059194807,0
6.96839,0.059990943,0
6.968995,0.060856193,0
6.9696,0.062175681,0
6.970205,0.063873894,0
6.97081,0.065686213,0
6.971415,0.067490564,0
6.97202,0.069289803,0
6.972625,0.070997508,0
6.97323,0.07249709,0
6.973835,0.07393333,0
6.97444,0.075678327,0
6.975045,0.077825338,0
6.97565,0.079835301,0
6.976255,0.080979158,0
6.97686,0.081193581,0
6.977465,0.081235873,0
6.97807,0.08187933,0
6.978675,0.083129167,0
6.97928,0.084359961,0
6.979885,0.085165031,0
6.98049,0.085846154,0
6.981095,0.086919572,0
6.9817,0.088366768,0
6.982305,0.08967957,0
6.98291,0.090555306,0
6.983515,0.091214099,0
6.98412,0.091946376,0
6.984725,0.092637111,0
6.98533,0.092979371,0
6.985935,0.093004037,0
6.98654,0.093128863,0
6.987145,0.093699076,0
6.98775,0.09465947,0
6.988355,0.095684279,0
6.98896,0.09649489,0
6.989565,0.097071338,0
6.99017,0.09766935,0
6.990775,0.098567871,0
6.99138,0.099701001,0
6.991985,0.100620678,0
6.99259,0.100896414,0
6.993195,0.100524803,0
6.9938,0.099959789,0
6.994405,0.099704191,0
6.99501,0.099780263,0
6.995615,0.099761331,0
6.99622,0.099502307,0
6.996825,0.099484159,0
6.99743,0.10003879,0
6.998035,0.100611432,0
6.99864,0.100408426,0
6.999245,0.099619746,0
6.99985,0.099308433,0
7.000455,0.099907049,0
7.00106,0.100429371,0
7.001665,0.099652116,0
7.00227,0.097677212,0
7.002875,0.095723909,0
7.00348,0.094634768,0
7.004085,0.094262653,0
7.00469,0.094185051,0
7.005295,0.094279125,0
7.0059,0.094504452,0
7.006505,0.094655244,0
7.00711,0.09455419,0
7.007715,0.094316842,0
7.00832,0.094240188,0
7.008925,0.094398196,0
7.00953,0.094462987,0
7.010135,0.093959834,0
7.01074,0.092660902,0
7.011345,0.090865522,0
7.01195,0.089335808,0
7.012555,0.088680693,0
7.01316,0.088680155,0
7.013765,0.088478643,0
7.01437,0.087572933,0
7.014975,0.086306177,0
7.01558,0.085266377,0
7.016185,0.084624478,0
7.01679,0.084231603,0
7.017395,0.083890921,0
7.018,0.083265316,0
7.018605,0.081840411,0
7.01921,0.079347872,0
7.019815,0.076230859,0
7.02042,0.073458303,0
7.021025,0.071799676,0
7.02163,0.071300728,0
7.022235,0.071305795,0
7.02284,0.070971087,0
7.023445,0.069980175,0
7.02405,0.068778816,0
7.024655,0.068055779,0
7.02526,0.068076356,0
7.025865,0.068416888,0
7.02647,0.068176045,0
7.027075,0.066644174,0
7.02768,0.064055014,0
7.028285,0.061522919,0
7.02889,0.059943681,0
7.029495,0.059137614,0
7.0301,0.058345922,0
7.030705,0.057277695,0
7.03131,0.056264594,0
7.031915,0.055530645,0
7.03252,0.054770426,0
7.033125,0.053622494,0
7.03373,0.052262349,0
7.034335,0.051205711,0
7.03494,0.050568192,0
7.035545,0.049710507,0
7.03615,0.047775555,0
7.036755,0.04467033,0
7.03736,0.041369944,0
7.037965,0.039053174,0
7.03857,0.037989596,0
7.039175,0.037394574,0
7.03978,0.036346948,0
7.040385,0.034704384,0
7.04099,0.033031637,0
7.041595,0.031816064,0
7.0422,0.031014846,0
7.042805,0.030275387,0
7.04341,0.029271203,0
7.044015,0.027780456,0
7.04462,0.02572152,0
7.045225,0.023254103,0
7.04583,0.020713365,0
7.046435,0.018372026,0
7.04704,0.016305508,0
7.047645,0.014444316,0
7.04825,0.012668762,0
7.048855,0.010844298,0
7.04946,0.008857296,0
7.050065,0.006718583,0
7.05067,0.004617287,0
7.051275,0.002781906,0
7.05188,0.001211556,0
7.052485,-0.000469526,0
7.05309,-0.002762215,0
7.053695,-0.005762887,0
7.0543,-0.008966959,0
7.054905,-0.011732088,0
7.05551,-0.013864744,0
7.056115,-0.015657995,0
7.05672,-0.017481593,0
7.057325,-0.019480909,0
7.05793,-0.021590012,0
7.058535,-0.02367978,0
7.05914,-0.025633776,0
7.059745,-0.027298204,0
7.06035,-0.02852805,0
7.060955,-0.029500583,0
7.06156,-0.030855489,0
7.062165,-0.033136284,0
7.06277,-0.036096627,0
7.063375,-0.038975278,0
7.06398,-0.041425815,0
7.064585,-0.043676574,0
7.06519,-0.045883303,0
7.065795,-0.047942798,0
7.0664,-0.049899633,0
7.067005,-0.052010002,0
7.06761,-0.054363141,0
7.068215,-0.056724017,0
7.06882,-0.058769895,0
7.069425,-0.060335517,0
7.07003,-0.061530115,0
7.070635,-0.062918577,0
7.07124,-0.065407038,0
7.071845,-0.069257648,0
7.07245,-0.073238017,0
7.073055,-0.07566486,0
7.07366,-0.076494526,0
7.074265,-0.077521935,0
7.07487,-0.080194426,0
7.075475,-0.083909004,0
7.07608,-0.086835247,0
7.076685,-0.087908162,0
7.07729,-0.087579739,0
7.077895,-0.087002486,0
7.0785,-0.087109201,0
7.079105,-0.088440362,0
7.07971,-0.091186099,0
7.080315,-0.094981338,0
7.08092,-0.098934646,0
7.081525,-0.102152037,0
7.08213,-0.104213489,0
7.082735,-0.105362685,0
7.08334,-0.106455082,0
7.083945,-0.108355317,0
7.08455,-0.111089864,0
7.085155,-0.113745398,0
7.08576,-0.115191896,0
7.086365,-0.114883241,0
7.08697,-0.113426713,0
7.087575,-0.112679804,0
7.08818,-0.114588543,0
7.088785,-0.119160926,0
7.08939,-0.124111855,0
7.089995,-0.127202603,0
7.0906,-0.128335893,0
7.091205,-0.128908667,0
7.09181,-0.129993164,0
7.092415,-0.131766827,0
7.09302,-0.134002624,0
7.093625,-0.136155787,0
7.09423,-0.137000378,0
7.094835,-0.135221963,0
7.09544,-0.131282305,0
7.096045,-0.128267196,0
7.09665,-0.129487188,0
7.097255,-0.134883787,0
7.09786,-0.140998405,0
7.098465,-0.144791933,0
7.09907,-0.146210717,0
7.099675,-0.146835117,0
7.10028,-0.14756775,0
7.100885,-0.148418331,0
7.10149,-0.149531523,0
7.102095,-0.151066784,0
7.1027,-0.152109857,0
7.103305,-0.150999644,0
7.10391,-0.147388358,0
7.104515,-0.14341419,0
7.10512,-0.142163216,0
7.105725,-0.144838899,0
7.10633,-0.149697434,0
7.106935,-0.15373679,0
7.10754,-0.155036514,0
7.108145,-0.153708319,0
7.10875,-0.151389114,0
7.109355,-0.149993904,0
7.10996,-0.150415866,0
7.110565,-0.151796057,0
7.11117,-0.151835352,0
7.111775,-0.148329825,0
7.11238,-0.141277041,0
7.112985,-0.133837978,0
7.11359,-0.13046331,0
7.114195,-0.133014776,0
7.1148,-0.138853236,0
7.115405,-0.143332142,0
7.11601,-0.143888272,0
7.116615,-0.141463214,0
7.11722,-0.138595883,0
7.117825,-0.136883235,0
7.11843,-0.136300379,0
7.119035,-0.136059961,0
7.11964,-0.135193708,0
7.120245,-0.132558813,0
7.12085,-0.127450021,0
7.121455,-0.121014029,0
7.12206,-0.116438283,0
7.122665,-0.116287386,0
7.12327,-0.119582052,0
7.123875,-0.122656095,0
7.12448,-0.122837679,0
7.125085,-0.120394924,0
7.12569,-0.117210539,0
7.126295,-0.114723775,0
7.1269,-0.113371116,0
7.127505,-0.11291275,0
7.12811,-0.112285811,0
7.128715,-0.109538126,0
7.12932,-0.103239089,0
7.129925,-0.094678635,0
7.13053,-0.087910305,0
7.131135,-0.08636182,0
7.13174,-0.089407734,0
7.132345,-0.09307929,0
7.13295,-0.093983671,0
7.133555,-0.091835236,0
7.13416,-0.088435469,0
7.134765,-0.085292095,0
7.13537,-0.082763684,0
7.135975,-0.08072476,0
7.13658,-0.078907833,0
7.137185,-0.076478643,0
7.13779,-0.07219144,0
7.138395,-0.065850223,0
7.139,-0.059460945,0
7.139605,-0.055880011,0
7.14021,-0.055893667,0
7.140815,-0.057305489,0
7.14142,-0.057211724,0
7.142025,-0.054625819,0
7.14263,-0.050694196,0
7.143235,-0.046991225,0
7.14384,-0.04415989,0
7.144445,-0.041966004,0
7.14505,-0.039865872,0
7.145655,-0.037025653,0
7.14626,-0.032337365,0
7.146865,-0.025519951,0
7.14747,-0.018369701,0
7.148075,-0.013847275,0
7.14868,-0.013220024,0
7.149285,-0.014663926,0
7.14989,-0.015178355,0
7.150495,-0.013342246,0
7.1511,-0.009841084,0
7.151705,-0.006030856,0
7.15231,-0.002703974,0
7.152915,1.80E-05,0
7.15352,0.002330396,0
7.154125,0.004654586,0
7.15473,0.007642877,0
7.155335,0.0117372,0
7.15594,0.016481342,0
7.156545,0.020558612,0
7.15715,0.022935387,0
7.157755,0.023938907,0
7.15836,0.024907013,0
7.158965,0.026874777,0
7.15957,0.029861251,0
7.160175,0.033223865,0
7.16078,0.036317658,0
7.161385,0.038806859,0
7.16199,0.040703761,0
7.162595,0.042457883,0
7.1632,0.04490098,0
7.163805,0.048608294,0
7.16441,0.053050675,0
7.165015,0.056661401,0
7.16562,0.058197797,0
7.166225,0.058040372,0
7.16683,0.057779824,0
7.167435,0.058576286,0
7.16804,0.060305987,0
7.168645,0.062179592,0
7.16925,0.063714701,0
7.169855,0.065007635,0
7.17046,0.066345415,0
7.171065,0.067842183,0
7.17167,0.069463833,0
7.172275,0.071175888,0
7.17288,0.072906022,0
7.173485,0.074402634,0
7.17409,0.075327296,0
7.174695,0.075640157,0
7.1753,0.075762896,0
7.175905,0.076214633,0
7.17651,0.077198654,0
7.177115,0.078577895,0
7.17772,0.080075977,0
7.178325,0.081442982,0
7.17893,0.082568404,0
7.179535,0.083565609,0
7.18014,0.084714343,0
7.180745,0.08619965,0
7.18135,0.08785071,0
7.181955,0.089172154,0
7.18256,0.089771743,0
7.183165,0.089838335,0
7.18377,0.090008734,0
7.184375,0.090651079,0
7.18498,0.091520826,0
7.185585,0.092228127,0
7.18619,0.092787782,0
7.186795,0.093526377,0
7.1874,0.094543114,0
7.188005,0.095492707,0
7.18861,0.09605149,0
7.189215,0.096441179,0
7.18982,0.097150837,0
7.190425,0.098110767,0
7.19103,0.098566125,0
7.191635,0.098030485,0
7.19224,0.097003398,0
7.192845,0.096415896,0
7.19345,0.096655245,0
7.194055,0.097376758,0
7.19466,0.098026115,0
7.195265,0.098394264,0
7.19587,0.098761105,0
7.196475,0.099480934,0
7.19708,0.100443216,0
7.197685,0.1011473,0
7.19829,0.10133494,0
7.198895,0.101254144,0
7.1995,0.101142149,0
7.200105,0.100748069,0
7.20071,0.09972994,0
7.201315,0.098419165,0
7.20192,0.097730942,0
7.202525,0.098070255,0
7.20313,0.098644565,0
7.203735,0.098362045,0
7.20434,0.097285891,0
7.204945,0.096586814,0
7.20555,0.097027504,0
7.206155,0.098061259,0
7.20676,0.098532448,0
7.207365,0.097794915,0
7.20797,0.095987575,0
7.208575,0.093685713,0
7.20918,0.091611562,0
7.209785,0.090284557,0
7.21039,0.089570983,0
7.210995,0.08889314,0
7.2116,0.088082302,0
7.212205,0.087559022,0
7.21281,0.087471592,0
7.213415,0.087247531,0
7.21402,0.086408623,0
7.214625,0.085340246,0
7.21523,0.084734585,0
7.215835,0.084568879,0
7.21644,0.084071521,0
7.217045,0.08261768,0
7.21765,0.080426288,0
7.218255,0.078288144,0
7.21886,0.076710001,0
7.219465,0.075556592,0
7.22007,0.074527987,0
7.220675,0.073702223,0
7.22128,0.073373393,0
7.221885,0.073390756,0
7.22249,0.073052546,0
7.223095,0.071940698,0
7.2237,0.070515045,0
7.224305,0.069492522,0
7.22491,0.068853584,0
7.225515,0.06781105,0
7.22612,0.065728913,0
7.226725,0.06288094,0
7.22733,0.060277098,0
7.227935,0.05878432,0
7.22854,0.058372336,0
7.229145,0.058233337,0
7.22975,0.05765977,0
7.230355,0.056656565,0
7.23096,0.055664737,0
7.231565,0.054943006,0
7.23217,0.054383769,0
7.232775,0.053749892,0
7.23338,0.052817639,0
7.233985,0.051387039,0
7.23459,0.04948407,0
7.235195,0.047469156,0
7.2358,0.045653217,0
7.236405,0.043962502,0
7.23701,0.042238575,0
7.237615,0.04067174,0
7.23822,0.03960411,0
7.238825,0.038924286,0
7.23943,0.037992829,0
7.240035,0.036367153,0
7.24064,0.034395443,0
7.241245,0.032808384,0
7.24185,0.031755537,0
7.242455,0.030506792,0
7.24306,0.028249538,0
7.243665,0.025049302,0
7.24427,0.02183717,0
7.244875,0.019489518,0
7.24548,0.018081347,0
7.246085,0.017018562,0
7.24669,0.015690377,0
7.247295,0.013902241,0
7.2479,0.011833279,0
7.248505,0.009774102,0
7.24911,0.007955239,0
7.249715,0.006500915,0
7.25032,0.005322817,0
7.250925,0.003992839,0
7.25153,0.001962982,0
7.252135,-0.000874082,0
7.25274,-0.003969519,0
7.253345,-0.006637486,0
7.25395,-0.008697927,0
7.254555,-0.010495027,0
7.25516,-0.012402638,0
7.255765,-0.014481368,0
7.25637,-0.016614267,0
7.256975,-0.01877548,0
7.25758,-0.020971921,0
7.258185,-0.02302349,0
7.25879,-0.02469284,0
7.259395,-0.026118611,0
7.26,-0.027929348,0
7.260605,-0.030701658,0
7.26121,-0.034243496,0
7.261815,-0.03756441,0
7.26242,-0.039788411,0
7.263025,-0.041113835,0
7.26363,-0.042566172,0
7.264235,-0.044718078,0
7.26484,-0.047130042,0
7.265445,-0.049202458,0
7.26605,-0.050905161,0
7.266655,-0.052371998,0
7.26726,-0.053477365,0
7.267865,-0.054323783,0
7.26847,-0.055649202,0
7.269075,-0.058042783,0
7.26968,-0.06102093,0
7.270285,-0.063717894,0
7.27089,-0.066185274,0
7.271495,-0.068902379,0
7.2721,-0.071403933,0
7.272705,-0.072830636,0
7.27331,-0.073692066,0
7.273915,-0.075664918,0
7.27452,-0.079278957,0
7.275125,-0.082746069,0
7.27573,-0.083839316,0
7.276335,-0.082709967,0
7.27694,-0.082133648,0
7.277545,-0.08461668,0
7.27815,-0.089655777,0
7.278755,-0.094485695,0
7.27936,-0.097279736,0
7.279965,-0.09868478,0
7.28057,-0.100215784,0
7.281175,-0.10220877,0
7.28178,-0.103976011,0
7.282385,-0.105423636,0
7.28299,-0.107320647,0
7.283595,-0.109578333,0
7.2842,-0.110510003,0
7.284805,-0.109040514,0
7.28541,-0.107002947,0
7.286015,-0.107706344,0
7.28662,-0.112165914,0
7.287225,-0.118028357,0
7.28783,-0.122346355,0
7.288435,-0.124259679,0
7.28904,-0.124931543,0
7.289645,-0.125886456,0
7.29025,-0.12770235,0
7.290855,-0.129990839,0
7.29146,-0.132145916,0
7.292065,-0.133567412,0
7.29267,-0.133520081,0
7.293275,-0.131885378,0
7.29388,-0.130189377,0
7.294485,-0.130773916,0
7.29509,-0.134363172,0
7.295695,-0.139145049,0
7.2963,-0.142690352,0
7.296905,-0.14419804,0
7.29751,-0.144593623,0
7.298115,-0.145051635,0
7.29872,-0.14600368,0
7.299325,-0.147410232,0
7.29993,-0.149121893,0
7.300535,-0.150332439,0
7.30114,-0.149311248,0
7.301745,-0.145100852,0
7.30235,-0.139823991,0
7.302955,-0.13780844,0
7.30356,-0.14121014,0
7.304165,-0.147471278,0
7.30477,-0.152233683,0
7.305375,-0.15381586,0
7.30598,-0.153670422,0
7.306585,-0.153399691,0
7.30719,-0.153105609,0
7.307795,-0.152653625,0
7.3084,-0.15268011,0
7.309005,-0.153201275,0
7.30961,-0.152360511,0
7.310215,-0.148297998,0
7.31082,-0.142244019,0
7.311425,-0.138227334,0
7.31203,-0.138993008,0
7.312635,-0.143117252,0
7.31324,-0.146815308,0
7.313845,-0.14775235,0
7.31445,-0.1462776,0
7.315055,-0.143765137,0
7.31566,-0.141202271,0
7.316265,-0.13938938,0
7.31687,-0.138994528,0
7.317475,-0.139338746,0
7.31808,-0.137799961,0
7.318685,-0.132011202,0
7.31929,-0.123237506,0
7.319895,-0.116410989,0
7.3205,-0.115632173,0
7.321105,-0.120068102,0
7.32171,-0.125072917,0
7.322315,-0.126824398,0
7.32292,-0.125093815,0
7.323525,-0.122027776,0
7.32413,-0.119470473,0
7.324735,-0.117879514,0
7.32534,-0.116990414,0
7.325945,-0.116306776,0
7.32655,-0.114707119,0
7.327155,-0.110714484,0
7.32776,-0.104296268,0
7.328365,-0.098069247,0
7.32897,-0.095450114,0
7.329575,-0.097160452,0
7.33018,-0.100323381,0
7.330785,-0.101431867,0
7.33139,-0.099496749,0
7.331995,-0.095964201,0
7.3326,-0.092555743,0
7.333205,-0.089992,0
7.33381,-0.088233589,0
7.334415,-0.086811276,0
7.33502,-0.084523571,0
7.335625,-0.079692488,0
7.33623,-0.071975916,0
7.336835,-0.063925988,0
7.33744,-0.05945941,0
7.338045,-0.060046626,0
7.33865,-0.063088871,0
7.339255,-0.064626575,0
7.33986,-0.063001145,0
7.340465,-0.059391204,0
7.34107,-0.055632334,0
7.341675,-0.052498563,0
7.34228,-0.049877843,0
7.342885,-0.047535453,0
7.34349,-0.045057734,0
7.344095,-0.041573359,0
7.3447,-0.036462075,0
7.345305,-0.030535127,0
7.34591,-0.025919471,0
7.346515,-0.024138693,0
7.34712,-0.024409934,0
7.347725,-0.024386993,0
7.34833,-0.02248492,0
7.348935,-0.018997095,0
7.34954,-0.015163578,0
7.350145,-0.011796708,0
7.35075,-0.00897479,0
7.351355,-0.006532688,0
7.35196,-0.004149865,0
7.352565,-0.001016443,0
7.35317,0.00374222,0
7.353775,0.009773462,0
7.35438,0.015078685,0
7.354985,0.01770146,0
7.35559,0.017843365,0
7.356195,0.017646591,0
7.3568,0.018916944,0.00E+00
7.357405,0.021674168,0
7.35801,0.024840871,0
7.358615,0.027658806,0
7.35922,0.030139077,0
7.359825,0.032517879,0
7.36043,0.034858202,0
7.361035,0.037256303,0
7.36164,0.040000114,0
7.362245,0.043208925,0
7.36285,0.046405042,0
7.363455,0.048794467,0
7.36406,0.050137674,0
7.364665,0.051066033,0
7.36527,0.05238107,0
7.365875,0.054284247,0
7.36648,0.056398377,0
7.367085,0.058329502,0
7.36769,0.060009988,0
7.368295,0.061561604,0
7.3689,0.063112774,0
7.369505,0.064870896,0
7.37011,0.067146471,0
7.370715,0.070012711,0
7.37132,0.072892636,0
7.371925,0.074792513,0
7.37253,0.075248527,0
7.373135,0.074884056,0
7.37374,0.074781979,0
7.374345,0.075454199,0
7.37495,0.076610401,0
7.375555,0.077777893,0
7.37616,0.078874032,0
7.376765,0.080096554,0
7.37737,0.081442863,0
7.377975,0.08261873,0
7.37858,0.083489116,0
7.379185,0.084350349,0
7.37979,0.0854737,0
7.380395,0.086539789,0
7.381,0.086932154,0
7.381605,0.086603297,0
7.38221,0.086309468,0
7.382815,0.086871475,0
7.38342,0.088371509,0
7.384025,0.090169214,0
7.38463,0.091592255,0
7.385235,0.092481347,0
7.38584,0.093146568,0
7.386445,0.094001148,0
7.38705,0.095240262,0
7.387655,0.096686855,0
7.38826,0.097889401,0
7.388865,0.09847519,0
7.38947,0.098460997,0
7.390075,0.098189991,0
7.39068,0.09800425,0
7.391285,0.098048261,0
7.39189,0.098306014,0
7.392495,0.098690913,0
7.3931,0.099098994,0
7.393705,0.09938416,0
7.39431,0.09935323,0
7.394915,0.099067908,0
7.39552,0.099117466,0
7.396125,0.10002758,0
7.39673,0.101241632,0
7.397335,0.101318608,0
7.39794,0.099574662,0
7.398545,0.097126306,0
7.39915,0.09576172,0
7.399755,0.095982508,0
7.40036,0.096751147,0
7.400965,0.097063533,0
7.40157,0.097013887,0
7.402175,0.097059588,0
7.40278,0.096982017,0
7.403385,0.096369229,0
7.40399,0.095763737,0
7.404595,0.096258347,0
7.4052,0.097798181,0
7.405805,0.098756976,0
7.40641,0.097667127,0
7.407015,0.094929112,0
7.40762,0.092360154,0
7.408225,0.09132393,0
7.40883,0.091710846,0
7.409435,0.092429042,0
7.41004,0.092401343,0
7.410645,0.091312625,0
7.41125,0.089802899,0
7.411855,0.088853232,0
7.41246,0.088796445,0
7.413065,0.089026491,0
7.41367,0.088695768,0
7.414275,0.087411,0
7.41488,0.085265876,0
7.415485,0.082688925,0
7.41609,0.080348233,0
7.416695,0.078792328,0
7.4173,0.078050887,0
7.417905,0.077678863,0
7.41851,0.077159273,0
7.419115,0.076267021,0
7.41972,0.075171388,0
7.420325,0.074325991,0
7.42093,0.074149238,0
7.421535,0.074493846,0
7.42214,0.074492823,0
7.422745,0.073299187,0
7.42335,0.070994041,0
7.423955,0.068562859,0
7.42456,0.066957677,0
7.425165,0.066232178,0
7.42577,0.065626118,0
7.426375,0.064503045,0
7.42698,0.063070573,0
7.427585,0.0619883,0
7.42819,0.061377855,0
7.428795,0.060662976,0
7.4294,0.059511786,0
7.430005,0.058431617,0
7.43061,0.058012342,0
7.431215,0.05782831,0
7.43182,0.056631168,0
7.432425,0.053775544,0
7.43303,0.050089651,0
7.433635,0.047111631,0
7.43424,0.045685943,0
7.434845,0.045396377,0
7.43545,0.045130863,0
7.436055,0.044091035,0
7.43666,0.042377305,0
7.437265,0.040731243,0
7.43787,0.039775924,0
7.438475,0.039481647,0
7.43908,0.039270899,0
7.439685,0.038517819,0
7.44029,0.036924026,0
7.440895,0.034599721,0
7.4415,0.031957046,0
7.442105,0.02944439,0
7.44271,0.027246441,0
7.443315,0.025258647,0
7.44392,0.023343614,0
7.444525,0.021468908,0
7.44513,0.019577686,0
7.445735,0.017539663,0
7.44634,0.015369753,0
7.446945,0.013371468,0
7.44755,0.011853033,0
7.448155,0.010630923,0
7.44876,0.008969183,0
7.449365,0.006247091,0
7.44997,0.002716082,0
7.450575,-0.000602696,0
7.45118,-0.002879345,0
7.451785,-0.00422568,0
7.45239,-0.005433587,0
7.452995,-0.007126022,0
7.4536,-0.009292529,0
7.454205,-0.011526561,0
7.45481,-0.013485352,0
7.455415,-0.015076888,0
7.45602,-0.016383907,0
7.456625,-0.017592183,0
7.45723,-0.018990294,0
7.457835,-0.020878482,0
7.45844,-0.023342725,0.00E+00
7.459045,-0.026165035,0
7.45965,-0.029023232,0
7.460255,-0.031654014,0
7.46086,-0.033862516,0
7.461465,-0.035715313,0
7.46207,-0.037655956,0
7.462675,-0.040014985,0
7.46328,-0.042540471,0
7.463885,-0.044752482,0
7.46449,-0.046507044,0
7.465095,-0.047938008,0
7.4657,-0.04920231,0
7.466305,-0.050630888,0
7.46691,-0.052772971,0
7.467515,-0.055755661,0
7.46812,-0.058807237,0
7.468725,-0.061084693,0
7.46933,-0.062881181,0
7.469935,-0.065131831,0
7.47054,-0.067728718,0
7.471145,-0.069584647,0
7.47175,-0.070635312,0
7.472355,-0.072296116,0
7.47296,-0.075196171,0
7.473565,-0.077685404,0
7.47417,-0.077818183,0
7.474775,-0.07636953,0
7.47538,-0.076523545,0
7.475985,-0.080239568,0
7.47659,-0.085992091,0
7.477195,-0.090692901,0
7.4778,-0.093002402,0
7.478405,-0.094031897,0
7.47901,-0.095411115,0
7.479615,-0.097617192,0
7.48022,-0.100143755,0
7.480825,-0.102482173,0
7.48143,-0.104381412,0
7.482035,-0.105398675,0
7.48264,-0.105107488,0
7.483245,-0.104268734,0
7.48385,-0.104954911,0
7.484455,-0.108479116,0
7.48506,-0.113674892,0
7.485665,-0.118192267,0
7.48627,-0.121076311,0
